S.No,Main Category,Category Path,Product Name,Short Description,Long Description,Product Slug,Image Path
1,Artificial Eyes & Implants,Artificial Eyes & Implants,Brown Eye-Artificial Eyes,"Brown Eye is an ocular prosthesis designed to replicate the appearance of a natural eye, featuring a brown iris and lifelike detailing, providing cosmetic restoration for individuals who have undergone enucleation or evisceration procedures, enhancing their facial aesthetics.",Artificial eye with a brown iris,brown-eye-artificial-eyes,../../wp-content/uploads/2024/04/brown-artificial-eyes.html
2,Artificial Eyes & Implants,Artificial Eyes & Implants,black-eye-artificial-eyes,,,black-eye-artificial-eyes,
3,Artificial Eyes & Implants,Artificial Eyes & Implants,blue-eye-artificial-eyes,,,blue-eye-artificial-eyes,
4,Artificial Eyes & Implants,Artificial Eyes & Implants,green-eye-artificial-eyes,,,green-eye-artificial-eyes,
5,Instruments,Instruments > Cannulas,Anterior Chamber-Anterior Chamber Cannulas,"Anterior Chamber-Anterior Chamber Cannulas are specialized instruments used for maintaining and accessing the anterior chamber during ophthalmic surgeries, ensuring precise intraocular maneuvers.",Cannulas for anterior chamber,anterior-chamber-anterior-chamber-cannulas,../../wp-content/uploads/2024/04/Anterior-Chamber-Cannulas-Anterior-Chamber.html
6,Instruments,Instruments > Cannulas,Bailey-Lacrimal Cannulas,"Bailey-Lacrimal Cannulas are specialized instruments used for lacrimal procedures, facilitating irrigation and drainage in the lacrimal system to treat conditions such as epiphora and nasolacrimal duct obstruction.",Cannulas for lacrimal procedures,bailey-lacrimal-cannulas,../../wp-content/uploads/2024/04/Lacrimal-Cannulas-Bailey.html
7,Instruments,Instruments > Cannulas,Banaji Lasik-Lasik Cannulas,"Banaji Lasik-Lasik Cannulas are specialized instruments used for LASIK procedures, facilitating irrigation and manipulation during corneal refractive surgeries for optimal visual outcomes.",Cannulas for LASIK procedures,banaji-lasik-lasik-cannulas,../../wp-content/uploads/2024/04/SS373_Lasik_Irrigating_Cannula_Banaji.html
8,Instruments,Instruments > Cannulas,Bechert-Irrigating Lens Manipulator Cannulas,"Bechert-Irrigating Lens Manipulator Cannulas are specialized instruments used for irrigation and manipulation during cataract surgeries, ensuring optimal lens positioning and surgical outcomes.",Cannulas for irrigation,bechert-irrigating-lens-manipulator-cannulas,../../wp-content/uploads/2024/04/SS211_Intraocular_Lens_Cannula_BECHERT.html
9,Instruments,Instruments > Cannulas,Binkhorst-Hydrodissection Cannulas,"Binkhorst-Hydrodissection Cannulas are specialized instruments used for hydrodissection in cataract surgery, facilitating the separation of the lens cortex from the capsule, ensuring smooth and safe lens removal.",Cannulas for hydrodissection,binkhorst-hydrodissection-cannulas,../../wp-content/uploads/2024/04/Hydrodissection-Cannulas-Binkhorst.jpg
10,Instruments,Instruments > Cannulas,Bracken-Anterior Chamber Cannulas,"Bracken-Anterior Chamber Cannulas are specialized instruments used for maintaining and accessing the anterior chamber during ophthalmic surgeries, ensuring precise intraocular maneuvers.",Cannulas for anterior chamber,bracken-anterior-chamber-cannulas,../../wp-content/uploads/2024/04/Anterior-Chamber-Cannulas-Bracken.jpg
11,Instruments,Instruments > Cannulas,Brierley-A/C Maintainer,"Brierley-A/C Maintainer is a specialized instrument used to maintain the anterior chamber during ophthalmic surgeries, ensuring stable intraocular pressure and optimal surgical conditions.",Maintainer for anterior chamber,brierley-a-c-maintainer,../../wp-content/uploads/2024/04/AC-Maintainer-Brierley.jpg
12,Instruments,Instruments > Cannulas,Buratto Lasik-Lasik Cannulas,"Buratto Lasik-Lasik Cannulas are specialized instruments used for LASIK procedures, facilitating irrigation and manipulation during corneal refractive surgeries for optimal visual outcomes.",Cannulas for LASIK procedures,buratto-lasik-lasik-cannulas,../../wp-content/uploads/2024/04/Buratto-lasik-700x700.html
13,Instruments,Instruments > Cannulas,Castroviejo-Cyclodialysis Cannulas,"Castroviejo-Cyclodialysis Cannulas are specialized instruments used for cyclodialysis, a procedure to reduce intraocular pressure in glaucoma patients, ensuring efficient aqueous humor drainage for optimal outcomes.",Cannulas for cyclodialysis,castroviejo-cyclodialysis-cannulas,../../wp-content/uploads/2024/04/SS215_Cyclodialysis_Cannula_CASTROVIEJO.html
14,Instruments,Instruments > Cannulas,Drews-Capsule Polisher Cannulas,"Drews-Capsule Polisher Cannulas are specialized instruments used for polishing the capsule during cataract surgery, ensuring a smooth and clear intraocular lens placement for optimal visual outcomes.",Cannulas for polishing capsules,drews-capsule-polisher-cannulas,../../wp-content/uploads/2024/04/Capsule-Polisher-Cannulas-Drews.jpg
15,Instruments,Instruments > Cannulas,Fasanella-Lacrimal Cannulas,"Fasanella-Lacrimal Cannulas are specialized instruments used for lacrimal procedures, facilitating irrigation and drainage in the lacrimal system to treat conditions such as epiphora and nasolacrimal duct obstruction.",Cannulas for lacrimal procedures,fasanella-lacrimal-cannulas,../../wp-content/uploads/2024/04/Fasanella-Lacrimal-Cannulas.html
16,Instruments,Instruments > Cannulas,Gills-Irrigating Cannulas,"Gills-Irrigating Cannulas are specialized instruments used for irrigation in ophthalmic surgeries, ensuring a steady flow of irrigating fluid for maintaining tissue hydration and optimal surgical conditions.",Cannulas for irrigation,gills-irrigating-cannulas,../../wp-content/uploads/2024/04/Irrigating-Cannulas-Gills.html
17,Instruments,Instruments > Cannulas,Gills-Welsh-Aspirating Cannulas,"Gills-Welsh-Aspirating Cannulas are specialized instruments used for aspirating fluid during ophthalmic surgeries, ensuring efficient removal of fluids and maintaining optimal surgical conditions.",Cannulas for aspirating fluid,gills-welsh-aspirating-cannulas,../../wp-content/uploads/2024/04/Aspirating-Cannulas-Gills-Welsh.html
18,Instruments,Instruments > Cannulas,Gimbel-Aspirating Cannulas,"Gimbel-Aspirating Cannulas are specialized instruments used for aspirating fluid during ophthalmic surgeries, ensuring efficient removal of fluids and maintaining optimal surgical conditions.",Cannulas for aspirating fluid,gimbel-aspirating-cannulas,../../wp-content/uploads/woocommerce-placeholder-700x700.html
19,Instruments,Instruments > Cannulas,Gimbel-Hydrodissection Cannulas,"Gimbel-Hydrodissection Cannulas are specialized instruments used for hydrodissection in cataract surgery, facilitating the separation of the lens cortex from the capsule, ensuring smooth and safe lens removal.",Cannulas for hydrodissection,gimbel-hydrodissection-cannulas,../../wp-content/uploads/2024/04/Gimbel-Lasik.html
20,Instruments,Instruments > Cannulas,Graether-Capsule Polisher Cannulas,"Graether-Capsule Polisher Cannulas are specialized instruments used for polishing the capsule during cataract surgery, ensuring a smooth and clear intraocular lens placement for optimal visual outcomes.",Cannulas for polishing capsules,graether-capsule-polisher-cannulas,../../wp-content/uploads/woocommerce-placeholder-700x700.html
21,Instruments,Instruments > Cannulas,Heslin-A/C Maintainer,"Heslin-A/C Maintainer is a specialized instrument used to maintain the anterior chamber during ophthalmic surgeries, ensuring stable intraocular pressure and optimal surgical conditions.",Maintainer for anterior chamber,heslin-a-c-maintainer,../../wp-content/uploads/woocommerce-placeholder-700x700.html
22,Instruments,Instruments > Cannulas,Knolle-Anterior Chamber Cannulas,"Knolle-Anterior Chamber Cannulas are specialized instruments used for maintaining and accessing the anterior chamber during ophthalmic surgeries, ensuring precise intraocular maneuvers.",Cannulas for anterior chamber,knolle-anterior-chamber-cannulas,../../wp-content/uploads/2024/04/Anterior-Chamber-Cannulas-Knolle.html
23,Instruments,Instruments > Cannulas,Knolle-Capsule Polisher Cannulas,"Knolle-Capsule Polisher Cannulas are specialized instruments used for polishing the capsule during cataract surgery, ensuring a smooth and clear intraocular lens placement for optimal visual outcomes.",Cannulas for polishing capsules,knolle-capsule-polisher-cannulas,../../wp-content/uploads/2024/04/Capsule-Polisher-Cannulas-Knolle.jpg
24,Instruments,Instruments > Cannulas,Kraff-Capsule Polisher Cannulas,"Kraff-Capsule Polisher Cannulas are specialized instruments used for polishing the capsule during cataract surgery, ensuring a smooth and clear intraocular lens placement for optimal visual outcomes.",Cannulas for polishing capsules,kraff-capsule-polisher-cannulas,../../wp-content/uploads/2024/04/Capsule-Polisher-Cannulas-Kraff.jpg
25,Instruments,Instruments > Cannulas,Kratz-Capsule Polisher Cannulas,"Kratz-Capsule Polisher Cannulas are specialized instruments used for polishing the capsule during cataract surgery, ensuring a smooth and clear intraocular lens placement for optimal visual outcomes.",Cannulas for polishing capsules,kratz-capsule-polisher-cannulas,../../wp-content/uploads/2024/04/Capsule-Polisher-Cannulas-Kratz.jpg
26,Instruments,Instruments > Cannulas,Lacrimal-Lacrimal Cannulas,"Lacrimal-Lacrimal Cannulas are specialized instruments used for lacrimal procedures, facilitating irrigation and drainage in the lacrimal system to treat conditions such as epiphora and nasolacrimal duct obstruction.",Cannulas for lacrimal procedures,lacrimal-lacrimal-cannulas,../../wp-content/uploads/2024/04/SS027_Lacrimal_Cannula_Reinforced_STRAIGHT.html
27,Instruments,Instruments > Cannulas,Lasik Flap Irrigator-Lasik Cannulas,"Lasik Flap Irrigat-Lasik Cannulas are specialized instruments used for LASIK procedures, facilitating irrigation and manipulation during corneal refractive surgeries for optimal visual outcomes.",Cannulas for LASIK procedures,lasik-flap-irrigat-lasik-cannulas,../../wp-content/uploads/2024/04/SS371_Lasik_Flap_Irrigator_Vidaurri.png
28,Instruments,Instruments > Cannulas,Lasik-Lasik Cannulas,"Lasik-Lasik Cannulas are specialized instruments used for LASIK procedures, facilitating irrigation and manipulation during corneal refractive surgeries for optimal visual outcomes.",Cannulas for LASIK procedures,lasik-lasik-cannulas,../../wp-content/uploads/2024/04/SS375_Lasik_Interface_Cannula.html
29,Instruments,Instruments > Cannulas,Lewicky-A/C Maintainer,"Lewicky-A/C Maintainer is a specialized instrument used to maintain the anterior chamber during ophthalmic surgeries, ensuring stable intraocular pressure and optimal surgical conditions.",Maintainer for anterior chamber,lewicky-a-c-maintainer,../../wp-content/uploads/2024/04/AC-Maintainer-Lewicky.html
30,Instruments,Instruments > Cannulas,Mc Intyre-Lacrimal Cannulas,"Mc Intyre-Lacrimal Cannulas are specialized instruments used for lacrimal procedures, facilitating irrigation and drainage in the lacrimal system to treat conditions such as epiphora and nasolacrimal duct obstruction.",Cannulas for lacrimal procedures,mc-intyre-lacrimal-cannulas,../../wp-content/uploads/2024/04/SS197_Small_Incision_Nucleous_DeliverCannula_With_Spoon_MCINTYRE.html
31,Instruments,Instruments > Cannulas,Micro-Aspirating Cannulas,"Micro-Aspirating Cannulas are specialized instruments used for aspirating fluid during ophthalmic surgeries, ensuring efficient removal of fluids and maintaining optimal surgical conditions.",Cannulas for aspirating fluid,micro-aspirating-cannulas,../../wp-content/uploads/2024/04/Aspirating-Cannulas-Micro.html
32,Instruments,Instruments > Cannulas,Reinforced-Lacrimal Cannulas,"Reinforced-Lacrimal Cannulas are specialized instruments used for lacrimal procedures, facilitating irrigation and drainage in the lacrimal system to treat conditions such as epiphora and nasolacrimal duct obstruction.",Cannulas for lacrimal procedures,reinforced-lacrimal-cannulas,../../wp-content/uploads/2024/04/SS027_Lacrimal_Cannula_Reinforced_STRAIGHT.html
33,Instruments,Instruments > Cannulas,Rubman-Katzin-Capsule Polisher Cannulas,"Rubman-Katzin-Capsule Polisher Cannulas are specialized instruments used for polishing the capsule during cataract surgery, ensuring a smooth and clear intraocular lens placement for optimal visual outcomes.",Cannulas for polishing capsules,rubman-katzin-capsule-polisher-cannulas,../../wp-content/uploads/2024/04/Capsule-Polisher-Cannulas-Rubman-Katzin.jpg
34,Instruments,Instruments > Cannulas,Shapiro-Capsule Polisher Cannulas,"Shapiro-Capsule Polisher Cannulas are specialized instruments used for polishing the capsule during cataract surgery, ensuring a smooth and clear intraocular lens placement for optimal visual outcomes.",Cannulas for polishing capsules,shapiro-capsule-polisher-cannulas,../../wp-content/uploads/2024/04/Capsule-Polisher-Cannulas-Shapiro.html
35,Instruments,Instruments > Cannulas,Sub Tenon-Hydrodissection Cannulas,"Sub Tenon-Hydrodissection Cannulas are specialized instruments used for hydrodissection in cataract surgery, facilitating the separation of the lens cortex from the capsule, ensuring smooth and safe lens removal.",Cannulas for hydrodissection,sub-tenon-hydrodissection-cannulas,../../wp-content/uploads/2024/04/SS011_Subtenons_Anesthisia_Cannula_TRI_PORT.html
36,Instruments,Instruments > Cannulas,Welsh-Aspirating Cannulas,"Welsh-Aspirating Cannulas are specialized instruments used for aspirating fluid during ophthalmic surgeries, ensuring efficient removal of fluids and maintaining optimal surgical conditions.",Cannulas for aspirating fluid,welsh-aspirating-cannulas,../../wp-content/uploads/2024/04/Aspirating-Cannulas-Welsh.jpg
37,Instruments,Instruments > Cannulas,West-Hydrodissection Cannulas,"West-Hydrodissection Cannulas are specialized instruments used for hydrodissection in cataract surgery, facilitating the separation of the lens cortex from the capsule, ensuring smooth and safe lens removal.",Cannulas for hydrodissection,west-hydrodissection-cannulas,../../wp-content/uploads/woocommerce-placeholder-700x700.html
38,Instruments,Instruments > Cannulas,West-Lacrimal Cannulas,"West-Lacrimal Cannulas are specialized instruments used for lacrimal procedures, facilitating irrigation and drainage in the lacrimal system to treat conditions such as epiphora and nasolacrimal duct obstruction.",Cannulas for lacrimal procedures,west-lacrimal-cannulas,../../wp-content/uploads/2024/04/Lacrimal-Cannulas-West.jpg
39,Instruments,Instruments > Cannulas,Wilbrandt-Binkhors-Irrigating Cannulas,"Wilbrandt-Binkhors-Irrigating Cannulas are specialized instruments used for irrigation in ophthalmic surgeries, ensuring a steady flow of irrigating fluid for maintaining tissue hydration and optimal surgical conditions.",Cannulas for irrigation,wilbrandt-binkhors-irrigating-cannulas,../../wp-content/uploads/2024/04/Irrigating-Cannulas-Mc-Intyre-Binkhors.html
40,Instruments,Instruments > Cannulas,Youens-Irrigating Lens Manipulator Cannulas,"Youens-Irrigating Lens Manipulator Cannulas are specialized instruments used for irrigation and manipulation during cataract surgeries, ensuring optimal lens positioning and surgical outcomes.",Cannulas for irrigation,youens-irrigating-lens-manipulator-cannulas,../../wp-content/uploads/2024/04/SS209_Irrigating_Dialer_Reinforced_YOUENS.html
41,Instruments,Instruments > Cannulas,anel-lacrimal-cannulas,,,anel-lacrimal-cannulas,
42,Instruments,Instruments > Cannulas,bishop-harmon-anterior-chamber-cannulas,,,bishop-harmon-anterior-chamber-cannulas,
43,Instruments,Instruments > Cannulas,blumenthal-a-c-maintainer,,,blumenthal-a-c-maintainer,
44,Instruments,Instruments > Cannulas,feaster-cannula-hydrodissection-cannulas,,,feaster-cannula-hydrodissection-cannulas,
45,Instruments,Instruments > Cannulas,freeman-capsule-polisher-cannulas,,,freeman-capsule-polisher-cannulas,
46,Instruments,Instruments > Cannulas,gans-cyclodialysis-cannulas,,,gans-cyclodialysis-cannulas,
47,Instruments,Instruments > Cannulas,gess-irrigating-aspirating-cannulas,,,gess-irrigating-aspirating-cannulas,
48,Instruments,Instruments > Cannulas,gills-irrigating-aspirating-cannulas,,,gills-irrigating-aspirating-cannulas,
49,Instruments,Instruments > Cannulas,gills-welsh-irrigating-aspirating-cannulas,,,gills-welsh-irrigating-aspirating-cannulas,
50,Instruments,Instruments > Cannulas,gimbel-lasik-lasik-cannulas,,,gimbel-lasik-lasik-cannulas,
51,Instruments,Instruments > Cannulas,girrard-a-c-maintainer,,,girrard-a-c-maintainer,
52,Instruments,Instruments > Cannulas,iol-glide-hydrodissection-cannulas,,,iol-glide-hydrodissection-cannulas,
53,Instruments,Instruments > Cannulas,irrigating-aspirat-irrigating-aspirating-cannulas,,,irrigating-aspirat-irrigating-aspirating-cannulas,
54,Instruments,Instruments > Cannulas,jensen-capsule-polisher-cannulas,,,jensen-capsule-polisher-cannulas,
55,Instruments,Instruments > Cannulas,jshaped-i-a-cannu-irrigating-aspirating-cannulas,,,jshaped-i-a-cannu-irrigating-aspirating-cannulas,
56,Instruments,Instruments > Cannulas,kelman-cyclodialysis-cannulas,,,kelman-cyclodialysis-cannulas,
57,Instruments,Instruments > Cannulas,knolle-pearce-irrigating-vectis-cannulas,,,knolle-pearce-irrigating-vectis-cannulas,
58,Instruments,Instruments > Cannulas,kratz-irrigating-lens-manipulator-cannulas,,,kratz-irrigating-lens-manipulator-cannulas,
59,Instruments,Instruments > Cannulas,kuglen-irrigating-lens-manipulator-cannulas,,,kuglen-irrigating-lens-manipulator-cannulas,
60,Instruments,Instruments > Cannulas,mc-intyre-anterior-chamber-cannulas,,,mc-intyre-anterior-chamber-cannulas,
61,Instruments,Instruments > Cannulas,mc-intyre-binkhors-irrigating-cannulas,,,mc-intyre-binkhors-irrigating-cannulas,
62,Instruments,Instruments > Cannulas,mc-intyre-irrigating-cannulas,,,mc-intyre-irrigating-cannulas,
63,Instruments,Instruments > Cannulas,morrison-aspirating-cannulas,,,morrison-aspirating-cannulas,
64,Instruments,Instruments > Cannulas,nichamin-lasik-cannulas,,,nichamin-lasik-cannulas,
65,Instruments,Instruments > Cannulas,nishi-hydrodissection-cannulas,,,nishi-hydrodissection-cannulas,
66,Instruments,Instruments > Cannulas,osher-irrigating-lens-manipulator-cannulas,,,osher-irrigating-lens-manipulator-cannulas,
67,Instruments,Instruments > Cannulas,rainin-hydrodissection-cannulas,,,rainin-hydrodissection-cannulas,
68,Instruments,Instruments > Cannulas,rubenstein-lasik-cannulas,,,rubenstein-lasik-cannulas,
69,Instruments,Instruments > Cannulas,salz-aspirating-cannulas,,,salz-aspirating-cannulas,
70,Instruments,Instruments > Cannulas,shahinian-lacrimal-cannulas,,,shahinian-lacrimal-cannulas,
71,Instruments,Instruments > Cannulas,silicone-lasik-cannulas,,,silicone-lasik-cannulas,
72,Instruments,Instruments > Cannulas,silicone-tube-lasik-cannulas,,,silicone-tube-lasik-cannulas,
73,Instruments,Instruments > Cannulas,simcoe-capsule-polisher-cannulas,,,simcoe-capsule-polisher-cannulas,
74,Instruments,Instruments > Cannulas,simcoe-lasik-cannulas,,,simcoe-lasik-cannulas,
75,Instruments,Instruments > Cannulas,small-incision-nuc-irrigating-lens-manipulator-cannulas,,,small-incision-nuc-irrigating-lens-manipulator-cannulas,
76,Instruments,Instruments > Cannulas,thurmond-irrigating-cannulas,,,thurmond-irrigating-cannulas,
77,Instruments,Instruments > Cannulas,troutman-aspirating-cannulas,,,troutman-aspirating-cannulas,
78,Instruments,Instruments > Cannulas,tulevech-lacrimal-cannulas,,,tulevech-lacrimal-cannulas,
79,Instruments,Instruments > Forceps,Ayer-Chalazion Forceps,"Ayer-Chalazion Forceps are essential instruments used in ophthalmic surgeries for precise removal of chalazion, ensuring optimal outcomes and patient satisfaction.",Forceps for chalazion procedures.,ayer-chalazion-forceps,../../wp-content/uploads/2024/04/Chalazion-Forceps-Ayer.html
80,Instruments,Instruments > Forceps,Barraquer-Cilia Forceps,"Barraquer-Cilia Forceps are essential instruments used in ophthalmic surgeries for precise removal of cilia, ensuring optimal outcomes and patient satisfaction.",Forceps for cilia removal.,barraquer-cilia-forceps,../../wp-content/uploads/2024/04/Cilia-Forceps-Barraquer.html
81,Instruments,Instruments > Forceps,Beer-Cilia Forceps,"Beer-Cilia Forceps are vital tools in ophthalmic surgeries, facilitating precise removal of cilia, ensuring optimal outcomes and patient satisfaction.",Instruments for cilia removal.,beer-cilia-forceps,../../wp-content/uploads/2024/04/Cilia-Forceps-Beer.html
82,Instruments,Instruments > Forceps,Berke-Chalazion Forceps,"Berke-Chalazion Forceps are essential instruments used in ophthalmic surgeries for precise removal of chalazion, ensuring optimal outcomes and patient satisfaction.",Forceps for chalazion removal.,berke-chalazion-forceps,../../wp-content/uploads/2024/04/Chalazion-Forceps-Berke.html
83,Instruments,Instruments > Forceps,Castroviejo-Colibr-Corneal Forceps,"Castroviejo-Colibr-Corneal Forceps are crucial instruments used in ophthalmic surgeries for precise manipulation of corneal tissues, ensuring optimal outcomes and patient satisfaction.",Forceps for corneal procedures.,castroviejo-colibr-corneal-forceps,../../wp-content/uploads/2024/04/Corneal-Forceps-Castroviejo-Colibr.html
84,Instruments,Instruments > Forceps,Dodick-Intraocular Forceps,"Dodick-Intraocular Forceps are essential instruments used in ophthalmic surgeries for intraocular procedures, ensuring optimal outcomes and patient satisfaction.",Forceps for intraocular procedures.,dodick-intraocular-forceps,../../wp-content/uploads/2024/04/Jewelers-Forceps-Dodick.html
85,Instruments,Instruments > Forceps,Faulkner II-Intraocular Forceps,"Faulkner II-Intraocular Forceps are essential instruments used in ophthalmic surgeries for intraocular procedures, ensuring optimal outcomes and patient satisfaction.",Forceps for intraocular procedures.,faulkner-ii-intraocular-forceps,../../wp-content/uploads/2024/04/Intraocular-Forceps-Faulkner.html
86,Instruments,Instruments > Forceps,Jayle-Conjunctiva Forceps,"Jayle-Conjunctiva Forceps are vital instruments used in ophthalmic surgeries for handling conjunctiva, ensuring optimal outcomes and patient satisfaction.",Forceps for conjunctiva procedures.,jayle-conjunctiva-forceps,../../wp-content/uploads/2024/04/Conjunctiva-Forceps-Jayle.html
87,Instruments,Instruments > Forceps,Kellan-Intraocular Forceps,"Kellan-Intraocular Forceps are vital instruments used in ophthalmic surgeries for intraocular procedures, ensuring optimal outcomes and patient satisfaction.",Forceps for intraocular procedures.,kellan-intraocular-forceps,../../wp-content/uploads/2024/04/Kellan-Intraocular-Forceps.jpg
88,Instruments,Instruments > Forceps,Kraff-Capsulorhexis Forceps,"Kraff-Capsulorhexis Forceps are essential instruments used in ophthalmic surgeries for creating precise and controlled capsulorhexis, ensuring optimal outcomes and patient satisfaction.",Forceps for capsulorhexis procedures.,kraff-capsulorhexis-forceps,../../wp-content/uploads/2024/04/Capsulorhexis-Forceps-Kraff.jpg
89,Instruments,Instruments > Forceps,Kraff-Intraocular Forceps,"Kraff-Intraocular Forceps are crucial instruments used in ophthalmic surgeries for intraocular procedures, ensuring optimal outcomes and patient satisfaction.",Forceps for intraocular procedures.,kraff-intraocular-forceps,../../wp-content/uploads/2024/04/Capsulorhexis-Forceps-Kraff.jpg
90,Instruments,Instruments > Forceps,Masket-Capsulorhexis Forceps,"Masket-Capsulorhexis Forceps are crucial instruments used in ophthalmic surgeries for creating precise capsulorhexis, ensuring optimal outcomes and patient satisfaction.",Forceps for capsulorhexis surgeries.,masket-capsulorhexis-forceps,../../wp-content/uploads/2024/04/Capsulorhexis-Forceps-Masket.jpg
91,Instruments,Instruments > Forceps,Nevyas-Capsulorhexis Forceps,"Nevyas-Capsulorhexis Forceps are vital tools in ophthalmic surgeries, facilitating the creation of precise capsulorhexis, ensuring optimal outcomes and patient satisfaction.",Forceps for capsulorhexis procedures.,nevyas-capsulorhexis-forceps,../../wp-content/uploads/2024/04/Capsulorhexis-Forceps-Nevyas.jpg
92,Instruments,Instruments > Forceps,Pierce-Capsulorhexis Forceps,"Pierce-Capsulorhexis Forceps are essential instruments used in ophthalmic surgeries for creating precise and controlled capsulorhexis, ensuring optimal outcomes and patient satisfaction.",Capsulorhexis forceps for surgical use.,pierce-capsulorhexis-forceps,../../wp-content/uploads/woocommerce-placeholder-700x700.html
93,Instruments,Instruments > Forceps,Pierse-Hoskin Forceps,"Pierse-Hoskin Forceps are vital instruments used in ophthalmic surgeries for various surgical procedures, ensuring optimal outcomes and patient satisfaction.",Forceps for surgical procedures.,pierse-hoskin-forceps,../../wp-content/uploads/2024/04/Hoskin-Forceps-Pierse.html
94,Instruments,Instruments > Forceps,Utrata-Capsulorhexis Forceps,"Utrata-Capsulorhexis Forceps are vital tools in ophthalmic surgeries, facilitating the creation of precise capsulorhexis, ensuring optimal outcomes and patient satisfaction.",Instruments for capsulorhexis procedures.,utrata-capsulorhexis-forceps,../../wp-content/uploads/woocommerce-placeholder-700x700.html
95,Instruments,Instruments > Forceps,Wills Hospital-Conjunctiva Forceps,"Wills Hospital-Conjunctiva Forceps are vital tools in ophthalmic surgeries, facilitating the handling of conjunctiva, ensuring optimal outcomes and patient satisfaction.",Instruments for conjunctiva procedures.,wills-hospital-conjunctiva-forceps,../../wp-content/uploads/2024/04/Conjunctiva-Forceps-Wills-Hospital.html
96,Instruments,Instruments > Forceps,birk-colibri-forceps,,,birk-colibri-forceps,
97,Instruments,Instruments > Forceps,blaydes-intraocular-forceps,,,blaydes-intraocular-forceps,
98,Instruments,Instruments > Forceps,bonaccolto-conjunctiva-forceps,,,bonaccolto-conjunctiva-forceps,
99,Instruments,Instruments > Forceps,boon-corneal-forceps,,,boon-corneal-forceps,
100,Instruments,Instruments > Forceps,clayman-intraocular-forceps,,,clayman-intraocular-forceps,
101,Instruments,Instruments > Forceps,colibri-colibri-forceps,,,colibri-colibri-forceps,
102,Instruments,Instruments > Forceps,erhardt-chalazion-forceps,,,erhardt-chalazion-forceps,
103,Instruments,Instruments > Forceps,eye-dressing-conjunctiva-forceps,,,eye-dressing-conjunctiva-forceps,
104,Instruments,Instruments > Forceps,faulkner-intraocular-forceps,,,faulkner-intraocular-forceps,
105,Instruments,Instruments > Forceps,gill-colibri-colibri-forceps,,,gill-colibri-colibri-forceps,
106,Instruments,Instruments > Forceps,gradle-cilia-forceps,,,gradle-cilia-forceps,
107,Instruments,Instruments > Forceps,hunt-chalazion-forceps,,,hunt-chalazion-forceps,
108,Instruments,Instruments > Forceps,jaffe-capsulorhexis-forceps,,,jaffe-capsulorhexis-forceps,
109,Instruments,Instruments > Forceps,kratz-intraocular-forceps,,,kratz-intraocular-forceps,
110,Instruments,Instruments > Forceps,lambert-chalazion-forceps,,,lambert-chalazion-forceps,
111,Instruments,Instruments > Forceps,lieberman-intraocular-forceps,,,lieberman-intraocular-forceps,
112,Instruments,Instruments > Forceps,moorfield-conjunctiva-forceps,,,moorfield-conjunctiva-forceps,
113,Instruments,Instruments > Forceps,pierse-type-hoskin-forceps,,,pierse-type-hoskin-forceps,
114,Instruments,Instruments > Forceps,snellen-chalazion-forceps,,,snellen-chalazion-forceps,
115,Instruments,Instruments > Forceps,tennant-maumenee-corneal-forceps,,,tennant-maumenee-corneal-forceps,
116,Instruments,Instruments > Forceps > Corneal Fixation Forceps,Kramer-Corneal Fixation Forceps,"Kramer-Corneal Fixation Forceps are essential instruments used in ophthalmic surgeries for precise corneal fixation, ensuring optimal outcomes and patient satisfaction.",Forceps for corneal fixation.,kramer-corneal-fixation-forceps,../../wp-content/uploads/2024/04/Corneal-Fixation-Forceps-Kramer.jpg
117,Instruments,Instruments > Forceps > Fixation And Superior Rectus Forceps,Bores-Fixation and Superior Rectus Forceps,"Bores-Fixation and Superior Rectus Forceps are vital instruments used in ophthalmic surgeries for fixation procedures, ensuring optimal outcomes and patient satisfaction.",Forceps for fixation procedures.,bores-fixation-and-superior-rectus-forceps,../../wp-content/uploads/2024/04/Fixation-and-Superior-Rectus-Forceps-Bores.jpg
118,Instruments,Instruments > Forceps > Fixation And Superior Rectus Forceps,Dastoor-Fixation and Superior Rectus Forceps,"Dastoor-Fixation and Superior Rectus Forceps are essential instruments used in ophthalmic surgeries for fixation procedures, ensuring optimal outcomes and patient satisfaction.",Forceps for fixation procedures.,dastoor-fixation-and-superior-rectus-forceps,../../wp-content/uploads/2024/04/Fixation-and-Superior-Rectus-Forceps-Dastoor.jpg
119,Instruments,Instruments > Forceps > Fixation And Superior Rectus Forceps,Elsching-Fixation and Superior Rectus Forceps,"Elsching-Fixation and Superior Rectus Forceps are vital instruments used in ophthalmic surgeries for fixation procedures, ensuring optimal outcomes and patient satisfaction.",Forceps for fixation procedures.,elsching-fixation-and-superior-rectus-forceps,../../wp-content/uploads/2024/04/Fixation-and-Superior-Rectus-Forceps-Elsching.jpg
120,Instruments,Instruments > Forceps > Fixation And Superior Rectus Forceps,Fixation-Fixation and Superior Rectus Forceps,"Fixation-Fixation and Superior Rectus Forceps are essential instruments used in ophthalmic surgeries for fixation procedures, ensuring optimal outcomes and patient satisfaction.",Forceps for fixation procedures.,fixation-fixation-and-superior-rectus-forceps,../../wp-content/uploads/2024/04/Superior_Rectus_Forcep.webp
121,Instruments,Instruments > Forceps > Fixation And Superior Rectus Forceps,Fixation-Fixation and Superior Rectus Forceps,"Fixation-Fixation and Superior Rectus Forceps are crucial instruments used in ophthalmic surgeries for fixation procedures, ensuring optimal outcomes and patient satisfaction.",Forceps for fixation procedures.,fixation-fixation-and-superior-rectus-forceps-2,../../wp-content/uploads/woocommerce-placeholder-700x700.html
122,Instruments,Instruments > Forceps > Fixation And Superior Rectus Forceps,Graefe-Fixation and Superior Rectus Forceps,"Graefe-Fixation and Superior Rectus Forceps are essential instruments used in ophthalmic surgeries for fixation procedures, ensuring optimal outcomes and patient satisfaction.",Forceps for fixation procedures.,graefe-fixation-and-superior-rectus-forceps,../../wp-content/uploads/2024/04/Fixation-and-Superior-Rectus-Forceps-Graefe.html
123,Instruments,Instruments > Forceps > Fixation And Superior Rectus Forceps,Green-Fixation and Superior Rectus Forceps,"Green-Fixation and Superior Rectus Forceps are vital instruments used in ophthalmic surgeries for fixation procedures, ensuring optimal outcomes and patient satisfaction.",Forceps for fixation procedures.,green-fixation-and-superior-rectus-forceps,../../wp-content/uploads/2024/04/Fixation-and-Superior-Rectus-Forceps-Green.html
124,Instruments,Instruments > Forceps > Fixation And Superior Rectus Forceps,Lester-Fixation and Superior Rectus Forceps,"Lester-Fixation and Superior Rectus Forceps are crucial instruments used in ophthalmic surgeries for fixation procedures, ensuring optimal outcomes and patient satisfaction.",Forceps for fixation procedures.,lester-fixation-and-superior-rectus-forceps,../../wp-content/uploads/2024/04/Fixation-and-Superior-Rectus-Forceps-Lester.html
125,Instruments,Instruments > Forceps > Foldable Iol Forceps,Foldable IOL Force-Foldable IOL Forceps,"Foldable IOL Force-Foldable IOL Forceps are crucial instruments used in ophthalmic surgeries for precise manipulation of foldable IOLs, ensuring optimal outcomes and patient satisfaction.",Forceps for foldable IOL procedures.,foldable-iol-force-foldable-iol-forceps,../../wp-content/uploads/woocommerce-placeholder-700x700.html
126,Instruments,Instruments > Forceps > Foldable Iol Forceps,Kellan-Foldable IOL Forceps,"Kellan-Foldable IOL Forceps are vital instruments used in ophthalmic surgeries for precise manipulation of foldable IOLs, ensuring optimal outcomes and patient satisfaction.",Forceps for foldable IOL procedures.,kellan-foldable-iol-forceps,../../wp-content/uploads/woocommerce-placeholder-700x700.html
127,Instruments,Instruments > Forceps > Foldable Iol Forceps,Phaco-Folder-Foldable IOL Forceps,"Phaco-Folder-Foldable IOL Forceps are essential instruments used in ophthalmic surgeries for precise manipulation of foldable IOLs, ensuring optimal outcomes and patient satisfaction.",Forceps for foldable IOL procedures.,phaco-folder-foldable-iol-forceps,../../wp-content/uploads/2024/04/Phaco-Folder-Foldable-IOL-Forceps.jpg
128,Instruments,Instruments > Forceps > Foldable Iol Forceps,Universal Lens Ins-Foldable IOL Forceps,"Universal Lens Ins-Foldable IOL Forceps are essential instruments used in ophthalmic surgeries for precise manipulation of foldable IOLs, ensuring optimal outcomes and patient satisfaction.",Forceps for foldable IOL procedures.,universal-lens-ins-foldable-iol-forceps,../../wp-content/uploads/2024/04/Universal-Lens-Ins-Foldable-IOL-Forceps-700x675.jpg
129,Instruments,Instruments > Forceps > Iris Forceps,Botvin-Iris Forceps,"Botvin-Iris Forceps are essential instruments used in ophthalmic surgeries for precise manipulation of the iris, ensuring optimal outcomes and patient satisfaction.",Forceps for iris manipulation.,botvin-iris-forceps,../../wp-content/uploads/2024/04/Iris-Forceps-Botvin.jpg
130,Instruments,Instruments > Forceps > Iris Forceps,colibri-iris-forceps,,,colibri-iris-forceps,
131,Instruments,Instruments > Forceps > Iris Forceps,gill-iris-forceps,,,gill-iris-forceps,
132,Instruments,Instruments > Forceps > Iris Forceps,hess-iris-forceps,,,hess-iris-forceps,
133,Instruments,Instruments > Forceps > Iris Forceps,swiss-iris-forceps,,,swiss-iris-forceps,
134,Instruments,Instruments > Forceps > Jewelers Forceps,dodick-jewelers-forceps,,,dodick-jewelers-forceps,
135,Instruments,Instruments > Forceps > Jewelers Forceps,foreign-body-jewelers-forceps,,,foreign-body-jewelers-forceps,
136,Instruments,Instruments > Forceps > Jewelers Forceps,jewelers-jewelers-forceps,,,jewelers-jewelers-forceps,
137,Instruments,Instruments > Forceps > Jewelers Forceps,multi-purpose-jewelers-forceps,,,multi-purpose-jewelers-forceps,
138,Instruments,Instruments > Forceps > Jewelers Forceps,osher-jewelers-forceps,,,osher-jewelers-forceps,
139,Instruments,Instruments > Forceps > Jewelers Forceps,suture-jewelers-forceps,,,suture-jewelers-forceps,
140,Instruments,Instruments > Forceps > Lasik Forceps,buratto-lasik-forceps,,,buratto-lasik-forceps,
141,Instruments,Instruments > Forceps > Lasik Forceps,perone-lasik-forceps,,,perone-lasik-forceps,
142,Instruments,Instruments > Forceps > Mosquito Forceps,baby-jones-mosquito-forceps,,,baby-jones-mosquito-forceps,
143,Instruments,Instruments > Forceps > Mosquito Forceps,backhaus-mosquito-forceps,,,backhaus-mosquito-forceps,
144,Instruments,Instruments > Forceps > Mosquito Forceps,halsted-mosquito-forceps,,,halsted-mosquito-forceps,
145,Instruments,Instruments > Forceps > Mosquito Forceps,hartman-mosquito-forceps,,,hartman-mosquito-forceps,
146,Instruments,Instruments > Forceps > Mosquito Forceps,serrefine-mosquito-forceps,,,serrefine-mosquito-forceps,
147,Instruments,Instruments > Forceps > Muscle Forceps,jameson-muscle-forceps,,,jameson-muscle-forceps,
148,Instruments,Instruments > Forceps > Muscle Forceps,prince-muscle-forceps,,,prince-muscle-forceps,
149,Instruments,Instruments > Forceps > Muscle Forceps,worth-muscle-forceps,,,worth-muscle-forceps,
150,Instruments,Instruments > Forceps > Prechop Forceps,akahoshi-phaco-pre-prechop-forceps,,,akahoshi-phaco-pre-prechop-forceps,
151,Instruments,Instruments > Forceps > Prechop Forceps,bores-prechop-forceps,,,bores-prechop-forceps,
152,Instruments,Instruments > Forceps > Prechop Forceps,kansas-prechop-forceps,,,kansas-prechop-forceps,
153,Instruments,Instruments > Forceps > Suturing Forceps,castroviejo-suturing-forceps,,,castroviejo-suturing-forceps,
154,Instruments,Instruments > Forceps > Tissue Forceps,bishop-harmon-tissue-forceps,,,bishop-harmon-tissue-forceps,
155,Instruments,Instruments > Forceps > Tissue Forceps,iris-tissue-forceps,,,iris-tissue-forceps,
156,Instruments,Instruments > Forceps > Tissue Forceps,kirby-tissue-forceps,,,kirby-tissue-forceps,
157,Instruments,Instruments > Forceps > Tissue Forceps,st-martin-tissue-forceps,,,st-martin-tissue-forceps,
158,Instruments,Instruments > Forceps > Tying Forceps,Checking your browser before accessing,,,harms-tying-forceps,
159,Instruments,Instruments > Forceps > Tying Forceps,Jaffe-Tying Forceps,"Jaffe-Tying Forceps are crucial instruments used in ophthalmic surgeries for suturing procedures, ensuring optimal outcomes and patient satisfaction.",Forceps for suturing procedures.,jaffe-tying-forceps,../../wp-content/uploads/2024/04/Tying-Forceps-Jaffe.jpg
160,Instruments,Instruments > Forceps > Tying Forceps,Jayle-Tying Forceps,"Jayle-Tying Forceps are crucial instruments used in ophthalmic surgeries for suturing procedures, ensuring optimal outcomes and patient satisfaction.",Forceps for suturing procedures.,jayle-tying-forceps,../../wp-content/uploads/2024/04/Tying-Forceps-jayle.html
161,Instruments,Instruments > Forceps > Tying Forceps,Kelman -Mc Pherson-Tying Forceps,"Kelman -Mc Pherson-Tying Forceps are vital instruments used in ophthalmic surgeries for suturing procedures, ensuring optimal outcomes and patient satisfaction.",Forceps for suturing procedures.,kelman-mc-pherson-tying-forceps,../../wp-content/uploads/2024/04/Corneal-Forceps-Kelman-Mc-Pherson.html
162,Instruments,Instruments > Forceps > Tying Forceps,Mc Pherson-Tying Forceps,"Mc Pherson-Tying Forceps are essential instruments used in ophthalmic surgeries for suturing procedures, ensuring optimal outcomes and patient satisfaction.",Forceps for suturing procedures.,mc-pherson-tying-forceps,../../wp-content/uploads/2024/04/Tying-Forceps-Mc-Pherson.html
163,Instruments,Instruments > Forceps > Tying Forceps,Sinskey-Tying Forceps,"Sinskey-Tying Forceps are crucial instruments used in ophthalmic surgeries for suturing procedures, ensuring optimal outcomes and patient satisfaction.",Forceps for suturing procedures.,sinskey-tying-forceps,../../wp-content/uploads/2024/04/Tying-Forceps-Sinskey.html
164,Instruments,Instruments > Forceps > Tying Forceps,Tennant-Tying Forceps,"Tennant-Tying Forceps are essential instruments used in ophthalmic surgeries for suturing procedures, ensuring optimal outcomes and patient satisfaction.",Forceps for suturing procedures.,tennant-tying-forceps,../../wp-content/uploads/2024/04/Tying-Forceps-Tennant.html
165,Instruments,Instruments > Forceps > Vitreous Forceps,Vitreous-Vitreous Forceps,"Vitreous-Vitreous Forceps are essential instruments used in ophthalmic surgeries for vitreous procedures, ensuring optimal outcomes and patient satisfaction.",Forceps for vitreous procedures.,vitreous-vitreous-forceps,../../wp-content/uploads/2024/04/Vitro_Retinal_Forcep_cPrMlwY.png
166,Instruments,Instruments > Lacrimal Instruments > Corneoscleral Punch Lacrimal Instruments,Anterior Chamber IOLs,Haptic Design: “S” design with Step Vault Available Powers: +10.0 D to +35.0 D in 0.5 D steps; -5.0 D to +9.0 D & +31.0 to +35.0 D in 1.0 D Steps Optic Diameter: 6.00mm Drilling Holes: Nil Sterilization: Yes Material: PMMA Lens Type: Pmma Intraocular Lenses Lens Model: IAC 6025 Optic Design: Spherical Bi-convex Usage/Application: Eye Diseases/Cataract Surgery Overall Length: 12.50 mm Type: Anterior Chamber IOL Suggested A constant: 115.3,IOVUE Anterior chamber IOL is fixed with the support of iris. It is used as backup lens primarily when there is damage to the Posterior Chamber. Anterior Chamber IOL is also used in refractive surgery – implanting a lens in phakic eye to correct the refractive power. Features: Improved the PCO protection efficiency of the square edge. Increased stability. Clear vision. Smooth lens surface. Available in different powers. Step-vaulted haptic design. YAG Laser Compatible.,anterior-chamber-iols,../../wp-content/uploads/2024/04/pmma-AC-IAC-6025-700x648.html
167,Instruments,Instruments > Lacrimal Instruments > Corneoscleral Punch Lacrimal Instruments,Hydrophilic Acrylic Regular & Aspheric Foldable Intraocular Lenses,"Hydrophilic Acrylic Foldable Intraocular Lenses are soft, foldable lenses made of hydrophilic acrylic material, designed for implantation in cataract surgery. They offer excellent biocompatibility, optical clarity, and ease of insertion, enhancing patient outcomes and surgical efficiency.","Model FA5725 D FA 6025D Optic Diameter 5.75 mm 6.00 mm Overall Diameter 12.50 mm Optic Design Aberration Neural,Negative Aspheric Biconvex Haptic Design Double Haptics “C” , 5° Angulation PCO Protection 360° Perfect Square Edge Around the Optic Edge Suggested A.Constant +ve Power Range :118 , -ve Power Range :117.4 Model FA6025 FA 6030D Optic Diameter 6.00 mm 6.00 mm Overall Diameter 12.50 mm 13.00 mm Optic Design Aberration Neural,Negative Aspheric Biconvex Haptic Design Double Haptics “C” , 5° Angulation PCO Protection 360° Perfect Square Edge Around the Optic Edge Suggested A.Constant +ve Power Range :118 , -ve Power Range :117.4 Model FA 6010 Optic Diameter 6.00 mm Overall Diameter 11.00 mm Optic Design Aberration Neural,Negative Aspheric Biconvex Haptic Design 4 – Point Fixation , Double Haptics “C” , 5° Angulation PCO Protection 360° Perfect Square Edge Around the Optic Edge Suggested A.Constant +ve Power Range :118 , -ve Power Range :117.4 Model FA 6006 Optic Diameter 6.00 mm Overall Diameter 10.60 mm Optic Design Aberration Neural,Negative Aspheric Biconvex Haptic Design Plate Haptics , 5° Angulation PCO Protection 360° Perfect Square Edge Around the Optic Edge Suggested A.Constant +ve Power Range :118 , -ve Power Range :117.4",hydrophilic-acrylic-foldable-intraocular-lenses,../../wp-content/uploads/2024/04/Hydrophilic-Acrylic-Foldable-Intraocular-Lenses-1-700x700.jpg
168,Instruments,Instruments > Lacrimal Instruments > Corneoscleral Punch Lacrimal Instruments,Hydrophobic Acrylic 3 Piece Foldable Intraocular Lens,,,hydrophobic-acrylic-3-piece-intraocular-lens,../../wp-content/uploads/2024/05/3-Piece-Intraocular-lens-700x700.jpg
169,Instruments,Instruments > Lacrimal Instruments > Corneoscleral Punch Lacrimal Instruments,Iris Claw lens,Material: PMMA Usage/Application: Eye Diseases/Cataract Surgery Optic Design: Spherical Bi-convex Lens Type: Pmma Intraocular Lenses Optic Size: PS 5580 – 5.50 mm Haptic Design: “S” design with Step Vault Overall Diameter: PS 5580–8.00 mm Drilling Holes : (Nil) Sterilization: Yes A Constant: 117.2,"IOVUE IOLs are meant for the correction of refractive errors, providing patients with high quality vision. These are inserted either on top of the iris or in between the iris and the natural lens. They are used to treat refractive error without removing cornea tissue or the lens. Features: Improved the PCO protection efficiency of the square edge. Increased stability. Clear vision. Smooth lens surface. Available in different powers. Step-vaulted haptic design. YAG Laser Compatible.",iris-claw-lens,../../wp-content/uploads/2024/04/iris-claw-lens.jpg
170,Instruments,Instruments > Lacrimal Instruments > Corneoscleral Punch Lacrimal Instruments,fluorescein-sodium-ophthalmic-strips-u-s-p,,,fluorescein-sodium-ophthalmic-strips-u-s-p,
171,Instruments,Instruments > Lacrimal Instruments > Corneoscleral Punch Lacrimal Instruments,ophtalmic-knife-lance-tip-micro-surgical-blades,,,ophtalmic-knife-lance-tip-micro-surgical-blades,
172,Instruments,Instruments > Lacrimal Instruments > Corneoscleral Punch Lacrimal Instruments,ophthalmic-eye-drape,,,ophthalmic-eye-drape,
173,Instruments,Instruments > Lacrimal Instruments > Corneoscleral Punch Lacrimal Instruments,ophthalmic-knife-clear-corneal-micro-surgical-blades,,,ophthalmic-knife-clear-corneal-micro-surgical-blades,
174,Instruments,Instruments > Lacrimal Instruments > Corneoscleral Punch Lacrimal Instruments,ophthalmic-knife-crescent-micro-surgical-blades,,,ophthalmic-knife-crescent-micro-surgical-blades,
175,Instruments,Instruments > Lacrimal Instruments > Corneoscleral Punch Lacrimal Instruments,ophthalmic-knife-extension-keratome-micro-surgical-blades,,,ophthalmic-knife-extension-keratome-micro-surgical-blades,
176,Instruments,Instruments > Lacrimal Instruments > Corneoscleral Punch Lacrimal Instruments,ophthalmic-knife-keratome-micro-surgical-blades,,,ophthalmic-knife-keratome-micro-surgical-blades,
177,Instruments,Instruments > Lacrimal Instruments > Corneoscleral Punch Lacrimal Instruments,ophthalmic-knife-mvr-micro-surgical-blades,,,ophthalmic-knife-mvr-micro-surgical-blades,
178,Instruments,Instruments > Lacrimal Instruments > Corneoscleral Punch Lacrimal Instruments,pmma-3-piece-with-uv-absorbing-intraocular-lens,,,pmma-3-piece-with-uv-absorbing-intraocular-lens,
179,Instruments,Instruments > Lacrimal Instruments > Corneoscleral Punch Lacrimal Instruments,pmma-intraocular-lens-aspheric-surface-with-360-square-edge-optics,,,pmma-intraocular-lens-aspheric-surface-with-360-square-edge-optics,
180,Instruments,Instruments > Lacrimal Instruments > Corneoscleral Punch Lacrimal Instruments,pmma-single-piece-posterior-chamber-intraocular-lenses,,,pmma-single-piece-posterior-chamber-intraocular-lenses,
181,Instruments,Instruments > Lacrimal Instruments > Corneoscleral Punch Lacrimal Instruments,pre-filled-syringes-pfs-2ml-visco-elastic,,,pre-filled-syringes-pfs-2ml-visco-elastic,
182,Instruments,Instruments > Lacrimal Instruments > Corneoscleral Punch Lacrimal Instruments,quadhaptic-hydrophilic-acrylic-foldable-intraocular-lenses,,,quadhaptic-hydrophilic-acrylic-foldable-intraocular-lenses,
183,Instruments,Instruments > Lacrimal Instruments > Corneoscleral Punch Lacrimal Instruments,scleral-fixation-iols,,,scleral-fixation-iols,
184,Instruments,Instruments > Lacrimal Instruments > Corneoscleral Punch Lacrimal Instruments,viscoelastic-solution-5ml,,,viscoelastic-solution-5ml,
185,Instruments,Instruments > Lacrimal Instruments > Corneoscleral Punch Lacrimal Instruments,yellow-filter-hydrophilic-acrylic-foldable-iols-with-360-square-edge-optics,,,yellow-filter-hydrophilic-acrylic-foldable-iols-with-360-square-edge-optics,
186,Instruments,Instruments > Lens Manipulators & Rotators,Bahr-Maltzman-Lens Manipulators,"Bahr-Maltzman-Lens Manipulators are essential tools in ophthalmic surgeries, facilitating the manipulation of lenses and ensuring optimal surgical outcomes and patient satisfaction.",Instruments for lens manipulation.,bahr-maltzman-lens-manipulators,../../wp-content/uploads/2024/04/Lens-Manipulators-Bahr-Maltzman.html
187,Instruments,Instruments > Lens Manipulators & Rotators,Barrett Duo-Nucleus Rotator,"Barrett Duo-Nuclear Rotator is a crucial instrument in ophthalmic surgeries, facilitating the rotation of nuclei with precision, ensuring optimal outcomes and patient satisfaction.",Rotator for surgical use.,barrett-duo-nucleus-rotator,../../wp-content/uploads/2024/04/Barrett-Duo-Nucleus-Rotator.html
188,Instruments,Instruments > Lens Manipulators & Rotators,Bechert-Nucleus Rotator,"Bechert-Nuclear Rotator is a specialized instrument employed in ophthalmic surgeries for rotating nuclei with precision, ensuring optimal outcomes and patient satisfaction.",Rotator for ophthalmic use.,bechert-nucleus-rotator,../../wp-content/uploads/2024/04/Nuclear-Rotator-Bechert.html
189,Instruments,Instruments > Lens Manipulators & Rotators,Caro-Nucleus Rotator,"Caro-Nuclear Rotator is an essential instrument in ophthalmic surgeries, facilitating the rotation of nuclei with precision, ensuring optimal outcomes and patient satisfaction.",Rotator for ophthalmic use.,caro-nucleus-rotator,../../wp-content/uploads/woocommerce-placeholder-700x700.html
190,Instruments,Instruments > Lens Manipulators & Rotators,Lens Expressor-Lens Expressor,"Lens Expressor-Lens Expressor is a precision tool utilized in ophthalmic surgeries for manipulating lenses with accuracy, ensuring optimal surgical outcomes and patient satisfaction.",Instrument for lens manipulation.,lens-expressor-lens-expressor,../../wp-content/uploads/2024/04/Lens_Expressor.html
191,Instruments,Instruments > Lens Manipulators & Rotators,Lester-Lens Manipulators,"Lester-Lens Manipulators are specialized instruments used in ophthalmic surgeries for precise manipulation of lenses, ensuring optimal surgical outcomes and patient satisfaction.",Tools for precise lens manipulation.,lester-lens-manipulators-2,../../wp-content/uploads/2024/04/Lens-Manipulators-Lester.html
192,Instruments,Instruments > Lens Manipulators & Rotators,MicroCombo Chopper-Phaco Choppers,"MicroCombo Chopper-Phaco Choppers are versatile instruments used in ophthalmic surgeries for fragmenting and removing cataracts, ensuring optimal outcomes and patient satisfaction.",Choppers for ophthalmic use.,microcombo-chopper-phaco-choppers,../../wp-content/uploads/woocommerce-placeholder-700x700.html
193,Instruments,Instruments > Lens Manipulators & Rotators,Sinskey II-Lens Manipulators,"Sinskey II-Lens Manipulators are vital tools in ophthalmic surgeries, facilitating the manipulation of lenses and ensuring optimal surgical outcomes and patient satisfaction.",Instruments for lens manipulation.,sinskey-ii-lens-manipulators,../../wp-content/uploads/2024/04/Lens-Manipulators-Sinskey-II.html
194,Instruments,Instruments > Lens Manipulators & Rotators,Yankee-Nucleus Rotator,"Yankee-Nuclear Rotator is a vital instrument used in ophthalmic surgeries for rotating nuclei with precision, ensuring optimal outcomes and patient satisfaction.",Rotator for ophthalmic surgeries.,yankee-nucleus-rotator,../../wp-content/uploads/woocommerce-placeholder-700x700.html
195,Instruments,Instruments > Lens Manipulators & Rotators,chang-quick-chop-c-nucleus-rotator,,,chang-quick-chop-c-nucleus-rotator,
196,Instruments,Instruments > Lens Manipulators & Rotators,double-end-nucleus-rotator,,,double-end-nucleus-rotator,
197,Instruments,Instruments > Lens Manipulators & Rotators,fenzl-lens-manipulators,,,fenzl-lens-manipulators,
198,Instruments,Instruments > Lens Manipulators & Rotators,gillum-phaco-choppers,,,gillum-phaco-choppers,
199,Instruments,Instruments > Lens Manipulators & Rotators,graether-nuclear-rotator,,,graether-nuclear-rotator,
200,Instruments,Instruments > Lens Manipulators & Rotators,jaffe-bechert-nucleus-rotator,,,jaffe-bechert-nucleus-rotator,
201,Instruments,Instruments > Lens Manipulators & Rotators,kirby-lens-expressor,,,kirby-lens-expressor,
202,Instruments,Instruments > Lens Manipulators & Rotators,koch-nucleus-rotator,,,koch-nucleus-rotator,
203,Instruments,Instruments > Lens Manipulators & Rotators,kratz-lens-manipulators,,,kratz-lens-manipulators,
204,Instruments,Instruments > Lens Manipulators & Rotators,kuglen-lens-manipulators,,,kuglen-lens-manipulators,
205,Instruments,Instruments > Lens Manipulators & Rotators,lewicky-lens-manipulators,,,lewicky-lens-manipulators,
206,Instruments,Instruments > Lens Manipulators & Rotators,maloney-lens-manipulators,,,maloney-lens-manipulators,
207,Instruments,Instruments > Lens Manipulators & Rotators,phaco-chopper-phaco-choppers,,,phaco-chopper-phaco-choppers,
208,Instruments,Instruments > Lens Manipulators & Rotators,rentsch-lens-manipulators,,,rentsch-lens-manipulators,
209,Instruments,Instruments > Lens Manipulators & Rotators,sinskey-lens-manipulators,,,sinskey-lens-manipulators,
210,Instruments,Instruments > Lens Manipulators & Rotators,smith-lens-expressor,,,smith-lens-expressor,
211,Instruments,Instruments > Lens Manipulators & Rotators,tennant-nucleus-rotator,,,tennant-nucleus-rotator,
212,Instruments,Instruments > Lens Manipulators & Rotators,thomas-neuhann-nuclear-rotator,,,thomas-neuhann-nuclear-rotator,
213,Instruments,Instruments > Markers & Calipers,Anis-Corneal Markers,"Anis-Corneal Markers are essential tools in ophthalmic surgeries, facilitating accurate marking of corneal incisions for optimal outcomes and patient satisfaction.",Markers for corneal surgeries.,anis-corneal-markers,../../wp-content/uploads/2024/04/Corneal-Markers-Anis.html
214,Instruments,Instruments > Markers & Calipers,Berkely-Optic zone markers,"Berkely-Optic zone markers are essential tools used in ophthalmic surgeries for marking precise locations, ensuring accuracy and optimal outcomes in surgical interventions.",Instruments for surgical procedures.,berkely-optic-zone-markers,../../wp-content/uploads/woocommerce-placeholder-700x700.html
215,Instruments,Instruments > Markers & Calipers,Blade Gauge-Gauge,"Blade Gauge-Gauge is a precision instrument utilized in ophthalmic surgeries for measuring the dimensions of blades accurately, ensuring optimal surgical outcomes and efficiency.",Measurement tool for blades.,blade-gauge-gauge,../../wp-content/uploads/2024/04/Blade-Gauge-Gauge.html
216,Instruments,Instruments > Markers & Calipers,Bores-Astigmatism Markers,Bores-Astigmatism Markers are specialized tools crafted to assist ophthalmic surgeons in accurately correcting astigmatism through precise corneal incision marking.,Designed for astigmatism correction.,bores-astigmatism-markers,../../wp-content/uploads/2024/04/Astigmatism-Markers-bores.html
217,Instruments,Instruments > Markers & Calipers,Castroviejo-Caliper,"Castroviejo-Caliper is a precision instrument employed in ophthalmic surgeries to measure distances with accuracy, ensuring optimal surgical outcomes.",Precise measurement tool.,castroviejo-caliper,../../wp-content/uploads/2024/04/Caliper-Castroviejo.html
218,Instruments,Instruments > Markers & Calipers,Deitz-Gauge,"Deitz-Gauge is a versatile instrument used in ophthalmic surgeries for precise measurements, ensuring accuracy and optimal outcomes in surgical interventions.",Gauge for surgical measurements.,deitz-gauge,../../wp-content/uploads/2024/04/Deitz-Gauge.html
219,Instruments,Instruments > Markers & Calipers,Galand-Caliper,"Galand-Caliper is a precision tool utilized in ophthalmic surgeries to measure distances accurately, aiding surgeons in achieving optimal outcomes during procedures.",Surgical measurement instrument.,galand-caliper,../../wp-content/uploads/woocommerce-placeholder-700x700.html
220,Instruments,Instruments > Markers & Calipers,Hofmann-Astigmatism Markers,Hofmann-Astigmatism Markers provide ophthalmic surgeons with precise tools for marking corneal incisions during astigmatism correction procedures.,Instruments for precise marking.,hofmann-astigmatism-markers,../../wp-content/uploads/2024/04/Hofmann-Astigmatism-Markers.html
221,Instruments,Instruments > Markers & Calipers,Jameson-Caliper,"Jameson-Caliper is an essential instrument in ophthalmic surgeries, allowing surgeons to make precise measurements, ensuring accuracy and success in surgical interventions.",Tool for precise measurements.,jameson-caliper,../../wp-content/uploads/2024/04/caliper-jameson.html
222,Instruments,Instruments > Markers & Calipers,Lasik Marker-Astigmatism Markers,"Lasik Marker-Astigmatism Markers are vital instruments in astigmatism correction surgeries, facilitating accurate marking of corneal incisions for optimal outcomes.",Markers used in astigmatism surgery.,lasik-marker-astigmatism-markers,../../wp-content/uploads/2024/04/AM-Lasik-Marker.html
223,Instruments,Instruments > Markers & Calipers,Maloney-Astigmatism Markers,Maloney-Astigmatism Markers are surgical tools designed to aid in the precise marking of corneal incisions during procedures aimed at correcting astigmatism.,Instruments for astigmatism correction.,maloney-astigmatism-markers,../../wp-content/uploads/woocommerce-placeholder-700x700.html
224,Instruments,Instruments > Markers & Calipers,Marking Pen-Corneal Markers,"Marking Pen-Corneal Markers are versatile instruments used in ophthalmic surgeries to mark corneal incisions with precision, ensuring optimal surgical outcomes and accuracy.",Pen-style markers for corneal surgery.,marking-pen-corneal-markers,../../wp-content/uploads/2024/04/Corneal-Markers-Marking-Pen.html
225,Instruments,Instruments > Markers & Calipers,Osher-Caliper,"Osher-Caliper is a specialized surgical tool utilized for precise measurements in ophthalmic procedures, ensuring accuracy and efficiency during surgical interventions.",Caliper for surgical measurements.,osher-caliper,../../wp-content/uploads/2024/04/caliper-osher.html
226,Instruments,Instruments > Markers & Calipers,Osher-Neumann-Corneal Markers,"Osher-Neumann-Corneal Markers are precision instruments used in ophthalmic surgeries to mark corneal incisions accurately, ensuring optimal outcomes in corneal procedures.",Markers for corneal procedures.,osher-neumann-corneal-markers,../../wp-content/uploads/2024/04/Corneal-Markers-Osher-Neumann.html
227,Instruments,Instruments > Markers & Calipers,Ruler-Caliper,"Ruler-Caliper is a versatile instrument used in ophthalmic surgeries for precise measurements, aiding surgeons in achieving optimal outcomes and patient satisfaction.",Measurement tool for ophthalmic surgery.,ruler-caliper,../../wp-content/uploads/2024/04/caliper-ruler.html
228,Instruments,Instruments > Markers & Calipers,Stahl-Caliper,"Stahl-Caliper is a specialized instrument utilized in ophthalmic surgeries for precise measurements, ensuring accuracy and efficiency in surgical interventions.",Caliper for ophthalmic procedures.,stahl-caliper,../../wp-content/uploads/woocommerce-placeholder-700x700.html
229,Instruments,Instruments > Markers & Calipers,Thornton-Astigmatism Markers,Thornton-Astigmatism Markers are precision instruments utilized in ophthalmic surgeries to accurately mark corneal incisions for astigmatism correction.,Used for astigmatism marking.,thornton-astigmatism-markers,../../wp-content/uploads/2024/04/Astigmatism-Markers-Thornton.html
230,Instruments,Instruments > Markers & Calipers,Thornton-Caliper,"Thornton-Caliper is a precision tool employed in ophthalmic surgeries to ensure accurate measurements, facilitating optimal surgical outcomes and patient care.",Instrument for accurate measurements.,thornton-caliper,../../wp-content/uploads/woocommerce-placeholder-700x700.html
231,Instruments,Instruments > Markers & Calipers,bores-markers,,,bores-markers,
232,Instruments,Instruments > Markers & Calipers,bores-optic-zone-markers,,,bores-optic-zone-markers,
233,Instruments,Instruments > Markers & Calipers,thornton-gauge,,,thornton-gauge,
234,Instruments,Instruments > Markers & Calipers,thornton-optic-zone-markers,,,thornton-optic-zone-markers,
235,Instruments,Instruments > Needle Holder,Barraquer Needle Holder,"Barraquer Needle Holder is a specialized instrument designed for securely holding surgical needles during ophthalmic procedures, ensuring precise and controlled suturing.",Holder for surgical needles,barraquer-needle-holder,../../wp-content/uploads/2024/04/Barraquer-Needle-Holder.html
236,Instruments,Instruments > Needle Holder,Castroviejo-Castroviejo Needle Holder,"Castroviejo-Castroviejo Needle Holder is a specialized instrument designed for securely holding surgical needles during ophthalmic procedures, ensuring precise suturing.",Holder for surgical needles,castroviejo-castroviejo-needle-holder,../../wp-content/uploads/woocommerce-placeholder-700x700.html
237,Instruments,Instruments > Needle Holder,anis-troutman-needle-holder,,,anis-troutman-needle-holder,
238,Instruments,Instruments > Needle Holder,drew-castroviejo-needle-holder,,,drew-castroviejo-needle-holder,
239,Instruments,Instruments > Needle Holder,troutman-troutman-needle-holder,,,troutman-troutman-needle-holder,
240,Instruments,Instruments > Punches & Curettes & Spoons,Barraquer-Spoons,"Barraquer-Spoons are crucial instruments used in ophthalmic surgeries for precise manipulation and extraction of tissues, ensuring optimal surgical outcomes and patient satisfaction.",Spoons for ophthalmic use.,barraquer-spoons,../../wp-content/uploads/2024/04/Spoons-Barraquer.html
241,Instruments,Instruments > Punches & Curettes & Spoons,Beyer-Punches,"Beyer-Punches are specialized instruments used in ophthalmic surgeries for precise tissue removal, ensuring accurate and controlled maneuvers for optimal surgical outcomes.",Punches for ophthalmic procedures,beyer-punches,../../wp-content/uploads/2024/04/Punches-Beyer.jpg
242,Instruments,Instruments > Punches & Curettes & Spoons,Bunge-Spoons,"Bunge-Spoons are essential instruments used in ophthalmic surgeries for precise manipulation and extraction of tissues, ensuring optimal surgical outcomes and patient satisfaction.",Spoons for ophthalmic procedures.,bunge-spoons,../../wp-content/uploads/2024/04/Spoons-Bunge.html
243,Instruments,Instruments > Punches & Curettes & Spoons,Dastoor-Dissectors,"Dastoor-Dissectors are specialized instruments utilized in ophthalmic surgeries for delicate tissue manipulation, ensuring precision and optimal surgical outcomes.",Tools for delicate tissue manipulation.,dastoor-dissectors,../../wp-content/uploads/2024/04/Dissectors-Dastoor.html
244,Instruments,Instruments > Punches & Curettes & Spoons,Lang’s-Dissectors,"Lang’s-Dissectors are vital tools in ophthalmic surgeries, allowing for precise tissue dissection and ensuring optimal surgical outcomes and patient satisfaction.",Precision instruments for tissue dissection.,langs-dissectors,../../wp-content/uploads/2024/04/Dissectors-Langs.html
245,Instruments,Instruments > Punches & Curettes & Spoons,Mc Intyre-Spoons,"Mc Intyre-Spoons are essential instruments used in ophthalmic surgeries for precise manipulation and extraction of tissues, ensuring optimal surgical outcomes and patient satisfaction.",Spoons for ophthalmic surgeries.,mc-intyre-spoons,../../wp-content/uploads/2024/04/Spoons-Mc-Intyre.html
246,Instruments,Instruments > Punches & Curettes & Spoons,Meyerhoefer-Curettes,"Meyerhoefer-Curettes are specialized instruments utilized in ophthalmic surgeries for delicate tissue manipulation, ensuring precision and optimal patient outcomes.",Surgical tools for delicate procedures.,meyerhoefer-curettes,../../wp-content/uploads/2024/04/Curettes-Meyerhoefer.html
247,Instruments,Instruments > Punches & Curettes & Spoons,Nasal-Punches,"Nasal-Punches are specialized instruments used in ophthalmic surgeries for precise tissue removal, ensuring accurate and controlled maneuvers for optimal surgical outcomes.",Punches for ophthalmic procedures,nasal-punches,../../wp-content/uploads/2024/04/Punches-Nasal.html
248,Instruments,Instruments > Punches & Curettes & Spoons,Paton-Dissectors,"Paton-Dissectors are essential instruments in ophthalmic surgeries, facilitating precise tissue dissection and ensuring optimal surgical outcomes and patient satisfaction.",Dissectors for surgical procedures.,paton-dissectors,../../wp-content/uploads/2024/04/Dissectors-Paton.html
249,Instruments,Instruments > Punches & Curettes & Spoons,Wells-Spoons,"Wells-Spoons are crucial instruments used in ophthalmic surgeries for precise manipulation and extraction of tissues, ensuring optimal surgical outcomes and patient satisfaction.",Spoons for surgical procedures.,wells-spoons,../../wp-content/uploads/2024/04/Spoons-Wells.jpg
250,Instruments,Instruments > Punches & Curettes & Spoons,arruga-punches,,,arruga-punches,
251,Instruments,Instruments > Punches & Curettes & Spoons,citeli-punches,,,citeli-punches,
252,Instruments,Instruments > Punches & Curettes & Spoons,daviel-spoons,,,daviel-spoons,
253,Instruments,Instruments > Punches & Curettes & Spoons,kerrison-punches,,,kerrison-punches,
254,Instruments,Instruments > Punches & Curettes & Spoons,mule-spoons,,,mule-spoons,
255,Instruments,Instruments > Punches & Curettes & Spoons,rollet-rugins-dissectors,,,rollet-rugins-dissectors,
256,Instruments,Instruments > Scissors,Barraquer-Micro Iris Scissors,"Barraquer-Micro Iris Scissors are compact instruments used for precise cutting during intricate iris procedures in ophthalmic surgeries, ensuring optimal surgical outcomes and patient safety.",Small-sized iris scissors,barraquer-micro-iris-scissors,../../wp-content/uploads/2024/04/Micro-Iris-Scissors-Barraquer.jpg
257,Instruments,Instruments > Scissors,Castroviejo-Corneal Scissors,"Castroviejo-Corneal Scissors are specialized instruments designed for precise cutting during corneal procedures in ophthalmic surgeries, ensuring accurate surgical outcomes.",Scissors for corneal procedures,castroviejo-corneal-scissors,../../wp-content/uploads/2024/04/Corneoscleral-Scissors-Castroviejo.html
258,Instruments,Instruments > Scissors,Castroviejo-Corneoscleral Scissors,"Castroviejo-Corneoscleral Scissors are specialized instruments used for precise cutting during corneoscleral procedures in ophthalmic surgeries, ensuring accurate surgical outcomes.",Scissors for corneoscleral procedures,castroviejo-corneoscleral-scissors,../../wp-content/uploads/2024/04/Corneoscleral-Scissors-Castroviejo.html
259,Instruments,Instruments > Scissors,Castroviejo-Keratoplasty Scissors,"Castroviejo-Keratoplasty Scissors are specialized instruments designed for precise cutting during keratoplasty procedures in ophthalmic surgeries, ensuring optimal surgical outcomes.",Scissors for keratoplasty procedures,castroviejo-keratoplasty-scissors,../../wp-content/uploads/2024/04/Castroviejo-Keratoplasty-Scissors.html
260,Instruments,Instruments > Scissors,De-wecker’s-Conjunctiva Scissors,"De-wecker’s-Conjunctiva Scissors are designed for precise manipulation during conjunctival procedures, ensuring accurate and efficient surgical outcomes in ophthalmic surgeries.",Scissors for conjunctival procedures,de-weckers-conjunctiva-scissors,../../wp-content/uploads/2024/04/Conjunctiva-Scissors-De-weckers.html
261,Instruments,Instruments > Scissors,Enucleation Scissors,"Enucleation Scissors are crucial instruments used in ophthalmic surgeries for precise cutting during enucleation procedures, ensuring optimal surgical outcomes and patient safety.",Scissors for enucleation procedures,enucleation-scissors,../../wp-content/uploads/2024/04/Enucleation-Scissors.html
262,Instruments,Instruments > Scissors,Eye Scissors,"Eye Scissors are versatile instruments used in various ophthalmic surgeries for general eye procedures, ensuring precise and accurate tissue manipulation for optimal surgical outcomes.",Scissors for general eye procedures,eye-scissors,../../wp-content/uploads/2024/04/Eye-Scissors.html
263,Instruments,Instruments > Scissors,Fine-Vannas Scissors,"Fine-Vannas Scissors are Vannas-style scissors with fine tips, designed for delicate ophthalmic procedures requiring precise tissue manipulation and ensuring optimal surgical outcomes.",Fine-tipped Vannas scissors,fine-vannas-scissors,../../wp-content/uploads/2024/04/Corneal_Scissor_FINE_CURVED_FULL_CURVED_HALF_CURVED.html
264,Instruments,Instruments > Scissors,Hoffer-Stern-Capsulotomy Scissors,"Hoffer-Stern-Capsulotomy Scissors are specialized instruments used in ophthalmic surgeries for performing capsulotomy procedures with precision and efficiency, ensuring optimal outcomes.",Scissors for capsulotomy procedures,hoffer-stern-capsulotomy-scissors,../../wp-content/uploads/2024/04/Hoffer-Stern-Capsulotomy-Scissors.html
265,Instruments,Instruments > Scissors,Intraocular Scissors,"Intraocular Scissors are essential instruments used in ophthalmic surgeries for intraocular procedures, ensuring precise cutting and manipulation for optimal surgical outcomes.",Scissors for intraocular procedures,intraocular-scissors,../../wp-content/uploads/2024/04/Intraocular-Scissors.html
266,Instruments,Instruments > Scissors,Iris Scissors,"Iris Scissors are essential tools used in ophthalmic surgeries for precise cutting during iris procedures, ensuring accurate tissue manipulation and optimal surgical outcomes.",Scissors for iris procedures,iris-scissors,../../wp-content/uploads/2024/04/Micro-Iris-Scissors.html
267,Instruments,Instruments > Scissors,Jaffe-Conjunctiva Scissors,"Jaffe-Conjunctiva Scissors are essential tools used in ophthalmic surgeries for precise manipulation during conjunctival procedures, ensuring optimal surgical outcomes.",Scissors for conjunctival procedures,jaffe-conjunctiva-scissors,../../wp-content/uploads/2024/04/Conjunctiva-Scissors-Jaffe.html
268,Instruments,Instruments > Scissors,Knapp-Strabismus Scissors,"Knapp-Strabismus Scissors are essential tools used in ophthalmic surgeries for precise cutting during strabismus procedures, ensuring accurate tissue manipulation and optimal outcomes.",Scissors for strabismus procedures,knapp-strabismus-scissors,../../wp-content/uploads/2024/04/Strabismus-Scissors-Knapp.jpg
269,Instruments,Instruments > Scissors,Koch-Endocapsular Scissors,"Koch-Endocapsular Scissors are specialized instruments designed for precise cutting during endocapsular procedures in ophthalmic surgeries, ensuring accurate surgical outcomes.",Scissors for endocapsular procedures,koch-endocapsular-scissors,../../wp-content/uploads/woocommerce-placeholder-700x700.html
270,Instruments,Instruments > Scissors,Mc Pherson-Vannas-Iris Scissors,"Mc Pherson-Vannas-Iris Scissors are specialized instruments used for iris procedures in ophthalmic surgeries, ensuring precise cutting and manipulation for optimal surgical outcomes.",Scissors for iris procedures,mc-pherson-vannas-iris-scissors,../../wp-content/uploads/2024/04/Mc-Pherson-Vannas-Iris-Scissors.jpg
271,Instruments,Instruments > Scissors,Mc Pherson-Westoco-Conjunctiva Scissors,"Mc Pherson-Westoco-Conjunctiva Scissors are specialized instruments used for conjunctival procedures in ophthalmic surgeries, ensuring precise and accurate tissue manipulation.",Scissors for conjunctival procedures,mc-pherson-westoco-conjunctiva-scissors,../../wp-content/uploads/2024/04/Conjunctiva-Scissors-Mc-Pherson-Westoco.jpg
272,Instruments,Instruments > Scissors,Micro-Micro Iris Scissors,"Micro-Micro Iris Scissors are compact scissors designed for intricate iris procedures in ophthalmic surgeries, ensuring precise cutting and manipulation for optimal surgical outcomes.",Small-sized iris scissors,micro-micro-iris-scissors,../../wp-content/uploads/2024/04/Micro-Iris-Scissors.html
273,Instruments,Instruments > Scissors,Stevens-Tenotomy Scissors,"Stevens-Tenotomy Scissors are crucial instruments used in ophthalmic surgeries for precise cutting during tenotomy procedures, ensuring optimal surgical outcomes and patient safety.",Scissors for tenotomy procedures,stevens-tenotomy-scissors,../../wp-content/uploads/2024/04/Tenotomy-Scissors-Stevens.jpg
274,Instruments,Instruments > Scissors,Stitch Scissors,"Stitch Scissors are specialized instruments designed for efficient and precise removal of sutures in ophthalmic surgeries, ensuring optimal wound healing and patient comfort.",Scissors for stitch removal,stitch-scissors,../../wp-content/uploads/2024/04/Stitch-Scissors.jpg
275,Instruments,Instruments > Scissors,Troutman-Katzin-Corneal Transplant Scissors,"Troutman-Katzin-Corneal Transplant Scissors are crucial instruments used for corneal transplant procedures, ensuring precise and accurate tissue cutting, essential for successful surgeries.",Scissors for corneal transplant procedures,troutman-katzin-corneal-transplant-scissors,../../wp-content/uploads/2024/04/Troutman-Needle-Holder.jpg
276,Instruments,Instruments > Scissors,Vannas-Long Handle Scissors,"Vannas-Long Handle Scissors feature long handles for enhanced reach and control, making them ideal for delicate ophthalmic procedures requiring precision and accuracy.",Scissors with long handles,vannas-long-handle-scissors,../../wp-content/uploads/2024/04/Mc-Pherson-Vannas-Iris-Scissors.jpg
277,Instruments,Instruments > Scissors,Vitreous-Vitreous Scissors,"Vitreous-Vitreous Scissors are essential instruments used in ophthalmic surgeries for vitreous procedures, ensuring precise cutting and manipulation for optimal surgical outcomes.",Scissors for vitreous procedures,vitreous-vitreous-scissors,../../wp-content/uploads/2024/04/Vitreous-Vitreous-Scissors.html
278,Instruments,Instruments > Scissors,Westcott-Vannas Scissors,"Westcott-Vannas Scissors feature the Vannas design, ideal for delicate ophthalmic procedures requiring precision and accuracy in tissue manipulation, ensuring optimal surgical outcomes.",Scissors with Vannas design,westcott-vannas-scissors,../../wp-content/uploads/2024/04/Westcott_Scissor_STRAIGHT_CURVED.html
279,Instruments,Instruments > Spatulas & Spuds,Barraquer-Spatulas,"Barraquer-Spatulas are vital tools in ophthalmic surgeries, facilitating precise manipulation of intraocular tissues, ensuring optimal surgical outcomes and patient satisfaction.",Spatulas for ophthalmic use.,barraquer-spatulas,../../wp-content/uploads/2024/04/Spatulas-Barraquer.html
280,Instruments,Instruments > Spatulas & Spuds,Castroviejo-Spatulas,"Castroviejo-Spatulas are essential instruments used in ophthalmic surgeries for precise manipulation of intraocular tissues, ensuring optimal surgical outcomes and patient satisfaction.",Spatulas for ophthalmic use.,castroviejo-spatulas,../../wp-content/uploads/2024/04/Spatulas-Castroviejo.html
281,Instruments,Instruments > Spatulas & Spuds,Castroviejo-Spatulas,"Castroviejo-Spatulas are essential instruments used in ophthalmic surgeries for precise manipulation of intraocular tissues, ensuring optimal surgical outcomes and patient satisfaction.",Spatulas for surgical use.,castroviejo-spatulas-2,../../wp-content/uploads/2024/04/Spatulas-Castroviejo.html
282,Instruments,Instruments > Spatulas & Spuds,Castroviejo-Spatulas,"Castroviejo-Spatulas are vital tools in ophthalmic surgeries, facilitating precise manipulation of intraocular tissues, ensuring optimal surgical outcomes and patient satisfaction.",Spatulas for ophthalmic procedures.,castroviejo-spatulas-3,../../wp-content/uploads/2024/04/Spatulas-Castroviejo.html
283,Instruments,Instruments > Spatulas & Spuds,Golf Club-Spuds,"Golf Club-Spuds are crucial instruments used in ophthalmic surgeries for delicate manipulation and dissection of tissues, ensuring optimal surgical outcomes and patient satisfaction.",Spuds for surgical procedures.,golf-club-spuds,../../wp-content/uploads/2024/04/Spuds-Golf-Club.html
284,Instruments,Instruments > Spatulas & Spuds,Graether-Spatulas,"Graether-Spatulas are vital tools in ophthalmic surgeries, facilitating precise manipulation of intraocular tissues, ensuring optimal surgical outcomes and patient satisfaction.",Spatulas for ophthalmic procedures.,graether-spatulas,../../wp-content/uploads/2024/04/Spatulas-Graether.jpg
285,Instruments,Instruments > Spatulas & Spuds,Jaeger-Spatulas,"Jaeger-Spatulas are crucial instruments used in ophthalmic surgeries for precise manipulation of intraocular tissues, ensuring optimal surgical outcomes and patient satisfaction.",Spatulas for ophthalmic surgeries.,jaeger-spatulas,../../wp-content/uploads/2024/04/Spatulas-Jaeger.jpg
286,Instruments,Instruments > Spatulas & Spuds,Kimura-Spatulas,"Kimura-Spatulas are essential instruments used in ophthalmic surgeries for precise manipulation of intraocular tissues, ensuring optimal surgical outcomes and patient satisfaction.",Spatulas for surgical use.,kimura-spatulas,../../wp-content/uploads/2024/04/Spatulas-Kimura.jpg
287,Instruments,Instruments > Spatulas & Spuds,Knolle-Spatulas,"Knolle-Spatulas are essential instruments used in ophthalmic surgeries for precise manipulation of intraocular tissues, ensuring optimal surgical outcomes and patient satisfaction.",Spatulas for surgical procedures.,knolle-spatulas,../../wp-content/uploads/2024/04/Spatulas-Knolle.jpg
288,Instruments,Instruments > Spatulas & Spuds,Stallard-Spatulas,"Stallard-Spatulas are essential instruments used in ophthalmic surgeries for precise manipulation of intraocular tissues, ensuring optimal surgical outcomes and patient satisfaction.",Spatulas for surgical use.,stallard-spatulas,../../wp-content/uploads/2024/04/Spatulas-Stallard.jpg
289,Instruments,Instruments > Spatulas & Spuds,Wecker-Spatulas,"Wecker-Spatulas are vital tools in ophthalmic surgeries, facilitating precise manipulation of intraocular tissues, ensuring optimal surgical outcomes and patient satisfaction.",Spatulas for ophthalmic procedures.,wecker-spatulas,../../wp-content/uploads/woocommerce-placeholder-700x700.html
290,Instruments,Instruments > Spatulas & Spuds,Wheeler-Spatulas,"Wheeler-Spatulas are crucial instruments used in ophthalmic surgeries for precise manipulation of intraocular tissues, ensuring optimal surgical outcomes and patient satisfaction.",Spatulas for ophthalmic surgeries.,wheeler-spatulas,../../wp-content/uploads/2024/04/Spatulas-Wheeler.html
291,Instruments,Instruments > Spatulas & Spuds,dastoor-spatulas,,,dastoor-spatulas,
292,Instruments,Instruments > Spatulas & Spuds,ellis-spuds,,,ellis-spuds,
293,Instruments,Instruments > Spatulas & Spuds,francis-spuds,,,francis-spuds,
294,Instruments,Instruments > Spatulas & Spuds,fukasaku-spatulas,,,fukasaku-spatulas,
295,Instruments,Instruments > Spatulas & Spuds,girard-spatulas,,,girard-spatulas,
296,Instruments,Instruments > Spatulas & Spuds,iris-spatula-spatulas,,,iris-spatula-spatulas,
297,Instruments,Instruments > Spatulas & Spuds,koman-nair-spatulas,,,koman-nair-spatulas,
298,Instruments,Instruments > Spatulas & Spuds,nicati-spuds,,,nicati-spuds,
299,Instruments,Instruments > Spatulas & Spuds,nordon-spatulas,,,nordon-spatulas,
300,Instruments,Instruments > Spatulas & Spuds,obstbaum-spatulas,,,obstbaum-spatulas,
301,Instruments,Instruments > Spatulas & Spuds,slade-spatulas,,,slade-spatulas,
302,Instruments,Instruments > Spatulas & Spuds,troutman-barraquer-spatulas,,,troutman-barraquer-spatulas,
303,Instruments,Instruments > Speculums & Retractors,Arul Phaco Speculu-Speculums,"Arul Phaco Speculu-Speculums are essential instruments used in ophthalmic surgeries for maintaining eyelid position, ensuring optimal visualization and access for surgical interventions.",Speculums for ophthalmic procedures.,arul-phaco-speculu-speculums,../../wp-content/uploads/2024/04/Arul-Phaco-Speculu-Speculums.html
304,Instruments,Instruments > Speculums & Retractors,Barraquer-Speculums,"Barraquer-Speculums are essential instruments used in ophthalmic surgeries for maintaining eyelid position, ensuring optimal visualization and access for surgical interventions.",Speculums for ophthalmic procedures.,barraquer-speculums,../../wp-content/uploads/2024/04/Speculums-Barraquer.html
305,Instruments,Instruments > Speculums & Retractors,Castroviejo-Speculums,"Castroviejo-Speculums are specialized instruments used in ophthalmic surgeries for maintaining eyelid position, ensuring optimal visualization and access for surgical interventions.",Speculums for ophthalmic procedures.,castroviejo-speculums,../../wp-content/uploads/2024/04/Speculums-Castroviejo.html
306,Instruments,Instruments > Speculums & Retractors,Glodstein-Retractors,"Glodstein-Retractors are vital tools in ophthalmic surgeries, facilitating tissue retraction and ensuring optimal exposure and access for surgical interventions.",Instruments for tissue retraction.,glodstein-retractors,../../wp-content/uploads/2024/04/Retractors-Glodstein.html
307,Instruments,Instruments > Speculums & Retractors,IRIS Retractors,"IRIS Retractors are specialized surgical instruments used for retracting and manipulating the iris during ophthalmic surgeries, such as cataract surgery or iris repair procedures. They feature delicate blades or hooks designed to gently hold and position the iris, facilitating precise surgical maneuvers.",Retractors for iris manipulation during surgery,iris-retractors-retina-equipments,../../wp-content/uploads/2024/04/iris-retractor-700x700.jpg
308,Instruments,Instruments > Speculums & Retractors,Lancaster-Speculums,"Lancaster-Speculums are crucial instruments used in ophthalmic surgeries for maintaining eyelid position, ensuring optimal visualization and access for surgical interventions.",Speculums for surgical procedures.,lancaster-speculums,../../wp-content/uploads/2024/04/Speculums-Lancaster.jpg
309,Instruments,Instruments > Speculums & Retractors,Weiss-Speculums,"Weiss-Speculums are essential instruments used in ophthalmic surgeries for maintaining eyelid position, ensuring optimal visualization and access for surgical interventions.",Speculums for ophthalmic surgeries.,weiss-speculums,../../wp-content/uploads/2024/04/Speculums-Weiss.jpg
310,Instruments,Instruments > Speculums & Retractors,Williams-Speculums,"Williams-Speculums are crucial instruments used in ophthalmic surgeries for maintaining eyelid position, ensuring optimal visualization and access for surgical interventions.",Speculums for surgical procedures.,williams-speculums,../../wp-content/uploads/2024/04/Speculums-Williams.html
311,Instruments,Instruments > Speculums & Retractors,clark-speculums,,,clark-speculums,
312,Instruments,Instruments > Speculums & Retractors,clayman-retractors,,,clayman-retractors,
313,Instruments,Instruments > Speculums & Retractors,cook-speculums,,,cook-speculums,
314,Instruments,Instruments > Speculums & Retractors,dastoor-retractors,,,dastoor-retractors,
315,Instruments,Instruments > Speculums & Retractors,fishkind-castrovie-speculums,,,fishkind-castrovie-speculums,
316,Instruments,Instruments > Speculums & Retractors,infant-speculums,,,infant-speculums,
317,Instruments,Instruments > Speculums & Retractors,knapp-retractors,,,knapp-retractors,
318,Instruments,Instruments > Speculums & Retractors,lieberman-speculums,,,lieberman-speculums,
319,Instruments,Instruments > Speculums & Retractors,park-speculums,,,park-speculums,
320,Instruments,Instruments > Speculums & Retractors,schepens-retractors,,,schepens-retractors,
321,Instruments,Instruments > Speculums & Retractors,smirmaul-speculums,,,smirmaul-speculums,
322,Instruments,Instruments > Speculums & Retractors,stevenson-retractors,,,stevenson-retractors,
323,Instruments,Instruments > Speculums & Retractors,tennant-speculums,,,tennant-speculums,
324,Instruments,Instruments > Speculums & Retractors,thornton-barraquer-speculums,,,thornton-barraquer-speculums,
325,Intraocular Lenses,Intraocular Lenses,Simcoe-Lens Loops,"Simcoe-Lens Loops are crucial tools in ophthalmic surgeries, facilitating the manipulation of lenses and ensuring optimal surgical outcomes and patient satisfaction.",Instruments for lens manipulation.,simcoe-lens-loops,../../wp-content/uploads/2024/04/Lens-Loops-Simcoe.html
326,Intraocular Lenses,Intraocular Lenses,Wilder-Lens Loops,"Wilder-Lens Loops are crucial tools in ophthalmic surgeries, facilitating the manipulation of lenses and ensuring optimal surgical outcomes and patient satisfaction.",Instruments for lens manipulation.,wilder-lens-loops,../../wp-content/uploads/2024/04/Lens-Loops-Wilder.html
327,Intraocular Lenses,Intraocular Lenses,gills-weish-lens-loops,,,gills-weish-lens-loops,
328,Intraocular Lenses,Intraocular Lenses,kansas-lens-loops,,,kansas-lens-loops,
329,Intraocular Lenses,Intraocular Lenses,lewis-lens-loops,,,lewis-lens-loops,
330,Intraocular Lenses,Intraocular Lenses,morrison-lens-loops,,,morrison-lens-loops,
331,Intraocular Lenses,Intraocular Lenses,new-orleans-lens-loops,,,new-orleans-lens-loops,
332,Intraocular Lenses,Intraocular Lenses,scimeca-lens-loop-amputator,,,scimeca-lens-loop-amputator,
333,Intraocular Lenses,Intraocular Lenses > Disposable Injector Cartridge,Disposable Injector & Cartridge,"Disposable Injector & Cartridge is a single-use device designed for the precise and controlled delivery of intraocular lenses during cataract surgery. It ensures sterility, ease of use, and safety, reducing the risk of contamination and surgical complications.",Single-use injector and cartridge for intraocular lens implantation,disposable-injector-cartridge,../../wp-content/uploads/2024/04/Disposable-Injector-Cartridge-700x840.jpg
334,Intraocular Lenses,Intraocular Lenses > Hydrophobic Foldable,Hydrophobic Foldable Acrylic Intraocular Lenses,"Hydrophobic Foldable Acrylic Intraocular Lens (IOL) is an advanced, high-quality lens implant used in cataract surgery to replace the clouded natural lens of the eye. Made from a hydrophobic acrylic material, this IOL offers excellent optical clarity and biocompatibility. Its foldable design allows for a smaller incision during surgery, promoting faster healing and reducing the risk of complications. This type of intraocular lens provides sharp vision and can correct various refractive errors, enhancing the overall quality of life for patients undergoing cataract surgery.",Specification Table for Hydrophobic Foldable Acrylic Intraocular Lens Specification Details Material Hydrophobic acrylic Power 21.00 D Optic Diameter 6.0 mm Overall Diameter 12.5 mm AC Depth 5.1 mm Refractive Index Approximately 1.47 UV Protection UV-blocking Incision Size 2.40 mm Haptic 0° A-Constant 118,hydrophobic-foldable-acrylic-intraocular-lenses,../../wp-content/uploads/2024/04/Hydrophobic_Foldable_xIjRzXP-700x424.png
335,Intraocular Lenses,Intraocular Lenses > Pmma And Advance Capsular Tension Ring Ctr,pmma-capsular-tension-ring-and-advance-capsular-tension-ring,,,pmma-capsular-tension-ring-and-advance-capsular-tension-ring,
336,Micro Surgical Blades & Knives,Micro Surgical Blades & Knives,Bard-Parker Blade-Blade,"Bard-Parker Blade-Blade is a standard surgical blade used in ophthalmic surgeries for various procedures, ensuring precise cutting and optimal surgical outcomes.",Surgical blade,bard-parker-blade-blade,../../wp-content/uploads/2024/04/Blade-Bard-Parker-Blade.html
337,Micro Surgical Blades & Knives,Micro Surgical Blades & Knives,Bard-Parker Handle-Blade,"Bard-Parker Handle-Blade is a component of surgical instruments, providing a secure grip for surgical blades, essential for precise cutting in ophthalmic surgeries.",Handle for surgical blades,bard-parker-handle-blade,../../wp-content/uploads/2024/04/Blade-Bard-Parker-Handle.html
338,Micro Surgical Blades & Knives,Micro Surgical Blades & Knives,Barraquer-Blade Breaker and Holder,"Barraquer-Blade Breaker and Holder is a specialized instrument used for breaking and holding surgical blades in ophthalmic surgeries, ensuring efficiency and safety.",Holder and breaker for blades,barraquer-blade-breaker-and-holder,../../wp-content/uploads/woocommerce-placeholder-700x700.html
339,Micro Surgical Blades & Knives,Micro Surgical Blades & Knives,Barraquer-Knives,"Barraquer-Knives are precision instruments employed in ophthalmic surgeries for making precise incisions, ensuring optimal outcomes and patient satisfaction.",Surgical knives for precise incisions.,barraquer-knives,../../wp-content/uploads/woocommerce-placeholder-700x700.html
340,Micro Surgical Blades & Knives,Micro Surgical Blades & Knives,Carbon Razor Blade-Blade,"Carbon Razor Blade-Blade is a specialized surgical blade made from carbon, designed for precise cutting in ophthalmic surgeries, ensuring optimal surgical outcomes.",Surgical blade,carbon-razor-blade-blade,../../wp-content/uploads/2024/04/Carbon-Razor-Blade-Blade.html
341,Micro Surgical Blades & Knives,Micro Surgical Blades & Knives,Castroviejo-Blade Breaker and Holder,"Castroviejo-Blade Breaker and Holder is a specialized instrument used for breaking and holding surgical blades in ophthalmic surgeries, ensuring efficiency and safety.",Holder and breaker for blades,castroviejo-blade-breaker-and-holder,../../wp-content/uploads/2024/04/Castroviejo-blade.html
342,Micro Surgical Blades & Knives,Micro Surgical Blades & Knives,Cautery Ball Point-Cauteries,"Cautery Ball Point-Cauteries are surgical instruments utilized for precise cauterization in ophthalmic procedures, ensuring hemostasis and optimal surgical outcomes.",Tool for precise cauterization.,cautery-ball-point-cauteries,../../wp-content/uploads/2024/04/Cautery-Ball-Point.html
343,Micro Surgical Blades & Knives,Micro Surgical Blades & Knives,Cautery Cone Type-Cauteries,"Cautery Cone Type-Cauteries are specialized instruments employed in ophthalmic surgeries for precise cauterization, aiding in achieving hemostasis and optimal outcomes.",Cone-shaped cauterization tool.,cautery-cone-type-cauteries,../../wp-content/uploads/2024/04/cautery-Cone-Type.html
344,Micro Surgical Blades & Knives,Micro Surgical Blades & Knives,Gill-Knives,"Gill-Knives are specialized instruments employed in ophthalmic surgeries for making precise incisions, ensuring optimal outcomes and patient satisfaction.",Precision knives for surgical use.,gill-knives,../../wp-content/uploads/2024/04/Knives-Gill.html
345,Micro Surgical Blades & Knives,Micro Surgical Blades & Knives,Wheeler-Knives,"Wheeler-Knives are vital tools in ophthalmic surgeries, allowing for precise incisions and ensuring optimal surgical outcomes and patient satisfaction.",Precision knives for surgical use.,wheeler-knives,../../wp-content/uploads/2024/04/Wheeler-Knives.html
346,Micro Surgical Blades & Knives,Micro Surgical Blades & Knives,Ziegler-Knives,"Ziegler-Knives are essential instruments in ophthalmic surgeries, facilitating precise incisions and ensuring optimal surgical outcomes and patient satisfaction.",Surgical knives for ophthalmic use.,ziegler-knives,../../wp-content/uploads/2024/04/Knives-Ziegler.html
347,Micro Surgical Blades & Knives,Micro Surgical Blades & Knives,chuck-handle-blade,,,chuck-handle-blade,
348,Micro Surgical Blades & Knives,Micro Surgical Blades & Knives,mc-intyre-blade-breaker-and-holder,,,mc-intyre-blade-breaker-and-holder,
349,Micro Surgical Blades & Knives,Micro Surgical Blades & Knives,pre-cut-blade,,,pre-cut-blade,
350,Micro Surgical Blades & Knives,Micro Surgical Blades & Knives,slit-enlarging-blade-blade,,,slit-enlarging-blade-blade,
351,Micro Surgical Blades & Knives,Micro Surgical Blades & Knives,stiletto-blade-knives,,,stiletto-blade-knives,
352,Micro Surgical Blades & Knives,Micro Surgical Blades & Knives,swiss-model-blade-breaker-and-holder,,,swiss-model-blade-breaker-and-holder,
353,Micro Surgical Blades & Knives,Micro Surgical Blades & Knives,tooke-knives,,,tooke-knives,
354,Micro Surgical Blades & Knives,Micro Surgical Blades & Knives,troutman-blade-breaker-and-holder,,,troutman-blade-breaker-and-holder,
355,Micro Surgical Blades & Knives,Micro Surgical Blades & Knives,tunnel-blade-blade,,,tunnel-blade-blade,
356,Micro Surgical Blades & Knives,Micro Surgical Blades & Knives,von-graefe-knives,,,von-graefe-knives,
357,Miscellaneous,Miscellaneous,Atkinson-Needles,"Atkinson-Needles are specialized surgical needles designed by Dr. Atkinson for use in various ophthalmic procedures, known for their precision, durability, and efficacy in tissue manipulation and suturing.",Needles developed by Atkinson for various ophthalmic procedures,atkinson-needles,../../wp-content/uploads/2024/04/Needles-Atkinson.html
358,Miscellaneous,Miscellaneous,Bevel-Needles,"Bevel-Needles are surgical needles featuring beveled tips, designed for specific ophthalmic procedures requiring precise tissue penetration and suturing, ensuring optimal surgical outcomes and wound closure.",Needles with beveled tips for specific surgical tasks,bevel-needles,../../wp-content/uploads/2024/04/Bevel-needle-700x700.jpg
359,Miscellaneous,Miscellaneous,Capsulorhexis Cyst-Cystotomes,"Capsulorhexis Cyst-Cystotomes are surgical instruments tailored for performing capsulorhexis, a critical step in cataract surgery, known for their precision and efficacy in creating well-centered and sized capsulotomies.",Cystotomes specifically designed for capsulorhexis procedures,capsulorhexis-cyst-cystotomes,../../wp-content/uploads/2024/04/SS019__Cystotome_ANGLED.html
360,Miscellaneous,Miscellaneous,Castroviejo-Probes And Dilators,"Castroviejo-Probes And Dilators are essential tools used in ophthalmic surgeries for probing and dilation procedures, ensuring precise and controlled manipulation of ocular tissues for optimal outcomes.",Instruments for probing and dilation,castroviejo-probes-and-dilators,../../wp-content/uploads/2024/04/Castroviejo-Probes-And-Dilators.html
361,Miscellaneous,Miscellaneous,Fixation Hook-Fixation Rings,"Fixation Hook-Fixation Rings are crucial instruments employed in ophthalmic surgeries for ocular fixation, ensuring stability and optimal outcomes in surgical interventions.",Hooks for ocular fixation.,fixation-hook-fixation-rings,../../wp-content/uploads/2024/04/fixation-hook.html
362,Miscellaneous,Miscellaneous,Kelman-Cystotomes,"Kelman-Cystotomes are specialized ophthalmic instruments developed by Dr. Charles Kelman, known for their precision and efficacy in performing various surgical procedures, particularly those related to cataract surgery.",Cystotomes designed by Kelman for specific surgical applications,kelman-cystotomes,../../wp-content/uploads/2024/04/SS023_Sharp_Irrigating_Cystotome_KELMAN.png
363,Miscellaneous,Miscellaneous,Knolle-Kelman-Cystotomes,"Knolle-Kelman-Cystotomes are ophthalmic instruments inspired by the original design of Dr. Charles Kelman’s cystotomes, further refined and adapted by Dr. Knolle for specific surgical applications.",Cystotomes designed by Knolle based on Kelman’s design,knolle-kelman-cystotomes,../../wp-content/uploads/2024/04/SS063_Anterior_Chamber_CannulaKNOLLE.png
364,Miscellaneous,Miscellaneous,Lasik-Scleral Depressors,"Lasik-Scleral Depressors are essential instruments used in ophthalmic surgeries for depressing the sclera, ensuring optimal visualization and access for surgical interventions.",Depressors for ophthalmic use.,lasik-scleral-depressors,../../wp-content/uploads/2024/04/Scleral-Depressors-Lasik.html
365,Miscellaneous,Miscellaneous,Phaco Wrench-Phaco Tips,"Phaco Wrench-Phaco Tips are instruments used in cataract surgery to secure and manipulate phaco tips within the eye during phacoemulsification procedures, ensuring stability and precision throughout the surgery.",Wrenches for securing phaco tips during surgical procedures,phaco-wrench-phaco-tips,../../wp-content/uploads/2024/04/Phaco-Wrench.html
366,Miscellaneous,Miscellaneous,Shepard Fixation R-Fixation Rings,"Shepard Fixation R-Fixation Rings are vital instruments used in ophthalmic surgeries for stability, ensuring optimal outcomes and patient satisfaction in surgical interventions.",Rings for ophthalmic procedures.,shepard-fixation-r-fixation-rings,../../wp-content/uploads/2024/04/Fixation-Rings-Shepard-Fixation-R.html
367,Miscellaneous,Miscellaneous,Sterillization Box-Sterillization Box,"Sterillization Box is a specialized container used in ophthalmic surgeries for sterilizing instruments, ensuring optimal cleanliness and infection control in surgical procedures.",Box for sterilization purposes.,sterillization-box-sterillization-box,../../wp-content/uploads/woocommerce-placeholder-700x700.html
368,Miscellaneous,Miscellaneous,Thornton-Fixation Rings,"Thornton-Fixation Rings are specialized instruments utilized in ophthalmic surgeries for intraocular stability, ensuring optimal outcomes and patient satisfaction.",Rings for intraocular stability.,thornton-fixation-rings,../../wp-content/uploads/2024/04/Thornton-Fixation-Rings.html
369,Miscellaneous,Miscellaneous,Twist Hook-Fixation Rings,"Twist Hook-Fixation Rings are essential instruments used in ophthalmic surgeries for intraocular fixation, ensuring stability and optimal outcomes in surgical procedures.",Hooks for intraocular fixation.,twist-hook-fixation-rings,../../wp-content/uploads/2024/04/Fixation-Rings-Twist-Hook.html
370,Miscellaneous,Miscellaneous,West-Probes And Dilators,"West-Probes And Dilators are essential tools used in ophthalmic surgeries for probing and dilation procedures, ensuring precise and controlled manipulation of ocular tissues for optimal outcomes.",Instruments for probing and dilation,west-probes-and-dilators,../../wp-content/uploads/woocommerce-placeholder-700x700.html
371,Miscellaneous,Miscellaneous,Wilder-Probes And Dilators,"Wilder-Probes And Dilators are essential tools used in ophthalmic surgeries for probing and dilation procedures, ensuring precise and controlled manipulation of ocular tissues for optimal outcomes.",Instruments for probing and dilation,wilder-probes-and-dilators,../../wp-content/uploads/2024/04/Wilder-Probes-And-Dilators.html
372,Miscellaneous,Miscellaneous,bipolar-coagulator,,,bipolar-coagulator,
373,Miscellaneous,Miscellaneous,blunt-cystotomes,,,blunt-cystotomes,
374,Miscellaneous,Miscellaneous,bodian-probes-and-dilators,,,bodian-probes-and-dilators,
375,Miscellaneous,Miscellaneous,bonn-iris-hooks,,,bonn-iris-hooks,
376,Miscellaneous,Miscellaneous,bowman-probes-and-dilators,,,bowman-probes-and-dilators,
377,Miscellaneous,Miscellaneous,catalano-probes-and-dilators,,,catalano-probes-and-dilators,
378,Miscellaneous,Miscellaneous,chavasses-muscle-hooks,,,chavasses-muscle-hooks,
379,Miscellaneous,Miscellaneous,crawford-probes-and-dilators,,,crawford-probes-and-dilators,
380,Miscellaneous,Miscellaneous,culler-muscle-hooks,,,culler-muscle-hooks,
381,Miscellaneous,Miscellaneous,cystotome-cystotomes,,,cystotome-cystotomes,
382,Miscellaneous,Miscellaneous,freer-probes-and-dilators,,,freer-probes-and-dilators,
383,Miscellaneous,Miscellaneous,gass-muscle-hooks,,,gass-muscle-hooks,
384,Miscellaneous,Miscellaneous,gass-scleral-depressors,,,gass-scleral-depressors,
385,Miscellaneous,Miscellaneous,irrigating-cystoto-cystotomes,,,irrigating-cystoto-cystotomes,
386,Miscellaneous,Miscellaneous,jackson-probes-and-dilators,,,jackson-probes-and-dilators,
387,Miscellaneous,Miscellaneous,jaffe-iris-hooks,,,jaffe-iris-hooks,
388,Miscellaneous,Miscellaneous,kratz-cystotomes,,,kratz-cystotomes,
389,Miscellaneous,Miscellaneous,kuglen-iris-hooks,,,kuglen-iris-hooks,
390,Miscellaneous,Miscellaneous,mallet-probes-and-dilators,,,mallet-probes-and-dilators,
391,Miscellaneous,Miscellaneous,mc-intyre-nucleus-dividers,,,mc-intyre-nucleus-dividers,
392,Miscellaneous,Miscellaneous,muldoon-probes-and-dilators,,,muldoon-probes-and-dilators,
393,Miscellaneous,Miscellaneous,phaco-tip-phaco-tips,,,phaco-tip-phaco-tips,
394,Miscellaneous,Miscellaneous,schepens-scleral-depressors,,,schepens-scleral-depressors,
395,Miscellaneous,Miscellaneous,schocket-scleral-depressors,,,schocket-scleral-depressors,
396,Miscellaneous,Miscellaneous,traquair-probes-and-dilators,,,traquair-probes-and-dilators,
397,Miscellaneouss,Miscellaneouss,Exophthalmometer,"Exophthalmometer – Single is a precision instrument designed to measure the forward protrusion of the eye (exophthalmos). This device is essential for diagnosing and monitoring conditions like thyroid eye disease and orbital tumors. Its clear, high-quality construction ensures accurate readings, while the printed mm scale facilitates easy and precise measurements. Compact and easy to handle, it is an indispensable tool for ophthalmologists.","Specification Table for Exophthalmometer – Single Specification Details Material High-quality, transparent plastic Measurement Scale Printed mm scale for easy reading Design Single-piece construction for durability Application Measures forward protrusion of the eye Use Essential for diagnosing conditions like thyroid eye disease and orbital tumors Handling Compact and easy to handle Sterility Supplied sterile Packaging Individually packaged for sterility and convenience",exophthalmometer,../../wp-content/uploads/2024/08/WhatsApp-Image-2024-08-05-at-18.10.14-1-700x394.jpg
398,Miscellaneouss,Miscellaneouss,Iris Button,"Iris Button is a high-quality ophthalmic device available in various colors, designed for use in eye surgeries and procedures. Made from biocompatible materials, these iris buttons are used to repair or replace the iris tissue, providing both functional and aesthetic benefits. They are essential for restoring the natural appearance and function of the eye, offering surgeons a reliable and effective tool for ophthalmic interventions.",Specification Table for Iris Button Specification Details Material Biocompatible materials Available Colors Multiple colors to match natural iris tones Usage Repair or replacement of iris tissue Application Ophthalmic surgeries and procedures Customization Customizable to fit individual patient needs Sterility Provided in sterile packaging Size Options Various sizes available to suit different anatomical requirements Biocompatibility High biocompatibility to minimize the risk of rejection Durability Long-lasting and resilient design Aesthetic Benefits Restores natural appearance of the eye Functional Benefits Enhances visual function and eye structure integrity Packaging Individually packed for sterility and convenience,iris-button,../../wp-content/uploads/2024/08/WhatsApp-Image-2024-08-05-at-18.10.20-1-700x525.jpg
399,Miscellaneouss,Miscellaneouss,Ophthalmic Impression Tray,"Ophthalmic Impression Tray is a specialized tool designed for taking precise impressions of the ocular surface and surrounding tissues. This tray is crucial for creating custom-fit ocular prosthetics and for various diagnostic procedures. Made from high-quality, biocompatible materials, it ensures patient safety and comfort. Its ergonomic design allows for easy handling and accurate impression taking, making it an essential tool in ophthalmic practices.","Specification Table for Ophthalmic Impression Tray Specification Details Material High-quality, biocompatible plastic Design Ergonomic design for easy handling Use Taking impressions of the ocular surface and surrounding tissues Application Custom-fit ocular prosthetics, diagnostic procedures Sterility Supplied sterile Sizes Available in various sizes to accommodate different anatomical needs Packaging Individually packaged for sterility and convenience Features Comfortable for patients, ensures accurate impressions",ophthalmic-impression-tray,../../wp-content/uploads/2024/08/WhatsApp-Image-2024-08-05-at-18.10.15-1-700x525.jpg
400,Miscellaneouss,Miscellaneouss,PMMA Corneal Eye Protectors,"PMMA Corneal Eye Protectors are high-quality, sterile devices designed to protect the cornea during ophthalmic procedures. Made from polymethyl methacrylate (PMMA), these protectors are durable and biocompatible. They can be handled easily using silicone suction plungers, allowing for precise placement and removal. Available in various sizes and customizable colors, these protectors ensure a bilateral fit and optimal protection for the cornea.","Specification Table for PMMA Corneal Eye Protectors Specification Details Material Polymethyl methacrylate (PMMA) Sterility Supplied sterile Handling Can be handled using silicone suction plungers Functionality Squeeze the suction plunger to obtain and release suction Size Options Available in 22mm, 24mm, 26mm, and 28mm Customization Customizable colors available Design Specially designed for bilateral fit Application Protection of the cornea during ophthalmic procedures Durability High durability and biocompatibility Packaging Individually packaged for sterility and convenience",pmma-corneal-eye-protectors,../../wp-content/uploads/2024/08/WhatsApp-Image-2024-08-05-at-18.10.17-700x700.jpg
401,Miscellaneouss,Miscellaneouss,Silicone Eye Balls (Orbital Implant),"Silicone Eye Balls (Orbital Implant) are high-quality, flexible implants designed for use in ophthalmic surgeries, particularly in cases of evisceration. These implants feature a less smooth surface that minimizes trauma to surrounding tissues and ensures stable positioning with minimal movement. Well-tolerated by patients, these implants significantly reduce the likelihood of expulsion and provide excellent motility. Packaged in ETO sterile packs, they are available in a range of sizes to accommodate various surgical needs.","Specification Table for Silicone Eye Balls (Orbital Implant) Specification Details Material High-quality silicone Surface Texture Less smooth to minimize tissue trauma Flexibility Flexible design for ease of implantation Tissue Compatibility Highly biocompatible, reducing expulsion risk Motility Offers excellent motility in evisceration Sterilization ETO sterile pack Available Sizes 12mm, 14mm, 16mm, 18mm, 20mm, 22mm Packaging Individually packaged for sterility Usage Orbital implant for evisceration and other ophthalmic surgeries Patient Tolerance Well-tolerated with a low risk of complications Durability Long-lasting and resistant to wear",silicone-eye-balls-orbital-implant,../../wp-content/uploads/2024/04/silicon-eye-ball-700x700.jpg
402,Miscellaneouss,Miscellaneouss,Suction Pump,"Ophthalmic Suction Pump is a specialized medical device designed for precise fluid removal during ophthalmic surgeries and procedures. Its efficient and compact design ensures quick and effective removal of fluids from the eye, enhancing the safety and cleanliness of ophthalmic interventions. This user-friendly suction pump is an indispensable tool in ophthalmic clinics and surgical centers.","Specification Table for Ophthalmic Suction Pump Specification Details Material High-quality, durable materials Design Compact and ergonomic for precise control Application Fluid removal during ophthalmic surgeries and procedures Functionality Efficient and precise suction capability Portability Lightweight and portable Sterility Can be sterilized for multiple uses Maintenance Easy to clean and maintain Durability Long-lasting and reliable performance User Convenience Designed for easy handling and operation Compatibility Compatible with standard ophthalmic instruments and accessories Safety Ensures safe and effective fluid removal Packaging Individually packaged for sterility and convenience",suction-pump,../../wp-content/uploads/2024/08/WhatsApp-Image-2024-08-05-at-18.10.14-700x700.html
403,Miscellaneouss,Miscellaneouss,Trial Frame,"Trial Frame is an essential tool used in eye examinations to hold trial lenses for assessing a patient’s vision. This adjustable frame allows for precise placement of lenses in front of the patient’s eyes, enabling accurate determination of refractive errors and optimal lens prescriptions. Designed for comfort and ease of use, the trial frame is an indispensable instrument for optometrists and ophthalmologists.","Specification Table for Trial Frame in Ophthalmic Specification Details Material High-quality, durable materials Adjustability Fully adjustable for a custom fit Lens Holders Multiple lens holders to accommodate various lens combinations PD Adjustment Interpupillary distance (PD) adjustable Nose Pad Adjustable nose pad for comfort Temple Length Adjustable temple length for secure fit Rotating Axis Rotating axis for precise lens alignment Weight Lightweight design for patient comfort Compatibility Compatible with standard trial lenses Usage Used for vision assessments, refractive error determination, and lens prescriptions",trial-frame,../../wp-content/uploads/2024/07/trial-frame-usd-93-each-700x394.html
404,Miscellaneouss,Miscellaneouss,Trial Lens Set,"Trial Lens Set (Illuminated) is a high-quality, Indian-made ophthalmic device designed for precise and comprehensive eye examinations. This set includes a wide range of spherical and cylindrical lenses, as well as prisms and various accessories, to ensure accurate assessment and correction of refractive errors. The illuminated design enhances visibility and ease of use, making it an essential tool for optometrists and ophthalmologists.","Specification Table for Trial Lens Set Specification Details Spherical Lenses (cx and cc) 32 Pairs each Cylindrical Lenses (cx and cc) 20 Pairs each Spherical Lens Steps 0.12 to 4.00 in 0.25 steps, 4.50 to 6.00 in 0.50 steps, 7.00 to 14.00 in 1.00 steps, 16.00 to 20.00 in 2.00 steps Cylindrical Lens Steps 0.12 to 3.50 in 0.25 steps, 4.00 to 6.00 in 0.50 steps Prisms 1/2.1, 2, 3, 4, 5, 6, 8, 10, 12 Accessories Maddox, Red glass, Green glass, Stenopaic slit, Pinhole, 2 blank discs",trial-lens-set,../../wp-content/uploads/2024/07/trial-set-700x610.html
405,Miscellaneouss,Miscellaneouss,conformers,,,conformers,
406,Ophthalmic Solutions,Ophthalmic Solutions,Carbachol Intraocular Solution-Carbachol Intraocular Solution,"Carbachol Intraocular Solution is a pharmacological agent used in ophthalmology for inducing miosis (pupil constriction) during cataract surgery. It acts on the iris sphincter muscle, reducing pupil size and facilitating surgical access to the lens, ensuring optimal visualization and surgical outcomes.",Intraocular solution for inducing miosis during cataract surgery,carbachol-intraocular-solution-carbachol-intraocular-solution,../../wp-content/uploads/2024/04/carbachol_final-scaled-700x450.jpg
407,Ophthalmic Solutions,Ophthalmic Solutions,Fluorescein Sodium Injection 10% and 20%,"Fluorescein Sodium Injection is a diagnostic agent used in fluorescein angiography or angioscopy of the fundus and iris vasculature in ophthalmic practices. It helps in visualizing the blood vessels in the back of the eye to diagnose conditions such as diabetic retinopathy, macular degeneration, and other retinal disorders. Available in concentrations of 10% and 20%, this injection is administered intravenously, and its fluorescent properties illuminate the retinal blood vessels under a specialized light.","Specification Table for Fluorescein Sodium Injection Specification Fluorescein Sodium Injection 10% & 20% Concentration IP 10% and 20% Active Ingredient Fluorescein Sodium Form Solution for injection Administration Route Intravenous Indications Fluorescein angiography, angioscopy Appearance Clear, yellow-orange solution Packaging Single-dose vial Volume Typically 5 mL or 10 mL pH Range 8.0 – 9.8 Osmolality Approximately 572 mOsm/kg (10%), 1440 mOsm/kg (20%) Storage Conditions Store at 2°C – 25°C (36°F – 77°F) Shelf Life 24 months",fluorescein-sodium-injection-10-and-20,../../wp-content/uploads/2024/07/fluresin_20_injection_3ml_458605_3_0.bmp
408,Ophthalmic Solutions,Ophthalmic Solutions,Sodium Hyaluronate- Opthalmic Solution,"Sodium Hyaluronate is a viscoelastic solution used in ophthalmology for maintaining anterior chamber depth, protecting corneal endothelium, and facilitating tissue manipulation during intraocular surgeries, such as cataract extraction, corneal transplantation, or glaucoma procedures.",Viscoelastic substance for intraocular use,sodium-hyaluronate-sodium-hyaluronate,../../wp-content/uploads/2024/04/SODIUM_HYAL_1-scaled-700x1426.jpg
409,Ophthalmic Solutions,Ophthalmic Solutions,Trypan blue 0.06% Ophthalmic solution,"Trypan Blue 0.06% Ophthalmic Solution is a sterile dye used in ophthalmic surgery for staining the anterior capsule of the lens during cataract surgery. It enhances visualization of the capsule, facilitating capsulorhexis creation and ensuring accurate intraocular lens implantation.",Ophthalmic dye for staining anterior capsule during cataract surgery,trypan-blue-0-06-ophthalmic-solution-trypan-blue,../../wp-content/uploads/2024/04/tryblue_final1-scaled-700x580.jpg
410,Ophthalmic Solutions & Strips,Ophthalmic Solutions & Strips,Schirmer Strips,"Schirmer Strips are specialized diagnostic tools used to measure tear production in the eyes. These sterile strips, individually packed for convenience and hygiene, feature a printed millimeter scale for easy and accurate reading. The innovative peel-open packaging with a transparent film on one side allows for effortless handling and ensures sterility until use. Schirmer Strips are essential for diagnosing conditions related to tear production, such as dry eye syndrome.",Specification Table for Schirmer Strips Specification Details Indications Measurement of tear production Scale Printed millimeter (mm) scale for easy reading Packaging Sterile strips in individual pouches Packing Design Peel-open packing with transparent film on one side Sterility Maintained through individual sterile pouches Usage Diagnostic tool for dry eye syndrome and related conditions Material High-quality absorbent paper Length of Strips Standard length for consistent measurements User Convenience Easy to handle and read due to clear scale and innovative packaging Patient Comfort Designed for minimal discomfort during use,schirmer-strips,../../wp-content/uploads/2024/07/schirmer-strip-700x700.jpg
411,Retina Equipments,Retina Equipments,2-Mirror Gonioscopy-Retina Equipments,"2-Mirror Gonioscopy is a diagnostic lens used in ophthalmology for examining the anterior chamber and angle structures of the eye. It features two mirrors that provide a detailed view of the iridocorneal angle, facilitating the assessment of angle structures and detection of pathologies.",Diagnostic lens with two mirrors for anterior chamber examination,2-mirror-gonioscopy-retina-equipments,../../wp-content/uploads/2024/04/2-Mirror-Gonioscopy.jpg
412,Retina Equipments,Retina Equipments,20 psi Vitrectomy-VitreoRetinal Instruments,"20 psi Vitrectomy-VitreoRetinal Instruments are specialized tools used in vitrectomy procedures, operating at a pressure of 20 psi to precisely manipulate and remove vitreous humor for various retinal surgeries.",Instruments for vitrectomy procedures at 20 psi pressure,20-psi-vitrectomy-vitreoretinal-instruments,../../wp-content/uploads/2024/04/20-psi-Vitrectomy-700x350.jpg
413,Retina Equipments,Retina Equipments,3-Mirror Gonioscopy-Retina Equipments,"3-Mirror Gonioscopy is a diagnostic lens employed in ophthalmology for evaluating the angle structures of the eye. It features three mirrors that enable clinicians to visualize the iridocorneal angle comprehensively, facilitating the assessment of angle anatomy and identification of abnormalities.",Diagnostic lens with three mirrors for angle assessment,3-mirror-gonioscopy-retina-equipments,../../wp-content/uploads/2024/04/Three_Mirror_Goniolens-700x264.jpg
414,Retina Equipments,Retina Equipments,4-Mirror Gonioscopy-Retina Equipments,"4-Mirror Gonioscopy is a diagnostic lens used in ophthalmology for examining the anterior chamber and angle structures of the eye. It features four mirrors that provide a comprehensive view of the iridocorneal angle, enabling clinicians to assess angle structures and detect abnormalities.",Diagnostic lens for examining the anterior chamber and angle,4-mirror-gonioscopy-retina-equipments,../../wp-content/uploads/2024/04/Four_Mirror_Goniolens-700x319.jpg
415,Retina Equipments,Retina Equipments,45 Diaptor-VitreoRetinal Instruments,"45 Diaptor-VitreoRetinal Instruments are surgical tools equipped with optical systems offering a 45-degree viewing angle, allowing surgeons enhanced visualization and access during vitreoretinal procedures for improved surgical outcomes.",Instruments with a 45-degree viewing angle for retinal surgeries,45-diaptor-vitreoretinal-instruments,../../wp-content/uploads/2024/04/45-Diopter.jpg
416,Retina Equipments,Retina Equipments,90 Diaptor-VitreoRetinal Instruments,"90 Diaptor-VitreoRetinal Instruments are surgical tools equipped with optical systems providing a 90-degree viewing angle, facilitating comprehensive visualization and maneuverability during vitreoretinal procedures for precise surgical interventions.",Instruments with a 90-degree viewing angle for retinal surgeries,90-diaptor-vitreoretinal-instruments,../../wp-content/uploads/2024/04/45-Diopter.jpg
417,Retina Equipments,Retina Equipments,Aspheric Lenses-Retina Equipments,"Aspheric Lenses are specialized optical components used in ophthalmic imaging systems for retinal diagnostics. They feature aspheric surfaces that minimize optical aberrations, providing high-resolution imaging of the retina and facilitating accurate diagnosis of retinal conditions.",Lenses for retinal imaging and diagnosis,aspheric-lenses-retina-equipments,../../wp-content/uploads/2024/04/20D_Aspheric_Lens-700x489.jpg
418,Retina Equipments,Retina Equipments,Back Flush Flute Needle with Silicon tipped Cannula-Retina Equipments,"Back Flush Flute Needle with Silicon Tipped Cannula is a specialized surgical instrument used in ophthalmic procedures for fluid aspiration and injection. It features a silicone-tipped cannula that ensures smooth and controlled fluid flow, minimizing trauma to delicate ocular tissues.",Needle with silicon-tipped cannula for fluid aspiration and injection,back-flush-flute-needle-with-silicon-tipped-cannula-retina-equipments,../../wp-content/uploads/2024/04/BackFlush_Flute_Needle_With_Silicon_Tip_Cannula-700x243.html
419,Retina Equipments,Retina Equipments,Cam Vision Stimulator-Retina Equipments,"Cam Vision Stimulator is a specialized device used in ophthalmology for retinal stimulation and functional assessment. It delivers controlled light stimuli to the retina, enabling clinicians to evaluate retinal function and diagnose various retinal disorders or visual impairments accurately.",Device for retinal stimulation and assessment,cam-vision-stimulator-retina-equipments,../../wp-content/uploads/2024/04/Cam_Vision_Stimulator-700x303.html
420,Retina Equipments,Retina Equipments,Capsular Tension Ring-Retina Equipments,"Capsular Tension Ring is a surgical device used in cataract surgery for stabilizing the capsular bag and preventing capsular contraction or lens dislocation. It provides structural support to the capsular bag, ensuring optimal positioning and stability of intraocular lenses postoperatively.",Device for stabilizing the capsular bag during cataract surgery,capsular-tension-ring-retina-equipments,../../wp-content/uploads/2024/04/Capsular_Tension_Ring_With_Scleral_Fixation_Arm-700x463.html
421,Retina Equipments,Retina Equipments,Cellulose & PVA Sponge Spears-Retina Equipments,"Cellulose & PVA Sponge Spears are sterile surgical sponges designed for intraoperative use in ophthalmic procedures. They are made of absorbent materials such as cellulose and polyvinyl alcohol (PVA), providing effective moisture absorption and tissue manipulation during surgery.",Surgical sponges for intraoperative use in ophthalmic procedures,cellulose-pva-sponge-spears-retina-equipments,../../wp-content/uploads/2024/04/PVA_Sponge_Spears.html
422,Retina Equipments,Retina Equipments,Charles-VitreoRetinal Instruments,"Charles-VitreoRetinal Instruments are ophthalmic surgical tools developed by Dr. Charles for use in retinal surgeries, known for their precision, versatility, and effectiveness in addressing various retinal conditions.",Instruments designed by Dr. Charles for retinal surgeries,charles-vitreoretinal-instruments,../../wp-content/uploads/2024/04/BackFlush_Instrument_Flute_Handle_CHARLES-700x187.html
423,Retina Equipments,Retina Equipments,Corneal Shield & Rings-Retina Equipments,Eye shield is used for a short duration to protect the patient’s eye from accidental injury or rubbing after a cataract surgery.  Made from high quality clear polycarbonate The eye shield covers the patient’s eye using an adhesive tape or a patch Smooth edge for maximum comfort,"Corneal Shield & Rings are ophthalmic devices used for corneal protection and stabilization in various surgical procedures, such as corneal transplantation or refractive surgeries. They provide mechanical support, prevent eye trauma, and promote optimal wound healing postoperatively.",corneal-shield-rings-retina-equipments,../../wp-content/uploads/2024/04/Eye-Shield_2.png
424,Retina Equipments,Retina Equipments,Diagnostic Strips-Retina Equipments,"Diagnostic Strips are sterile strips used in ophthalmic diagnostics for staining ocular tissues, such as the cornea or conjunctiva, to enhance visualization and facilitate diagnostic assessments. They are impregnated with dyes or indicators that highlight specific cellular structures for examination.",Strips for diagnostic testing and staining in ophthalmology,diagnostic-strips-retina-equipments,../../wp-content/uploads/2024/04/Schirmer_Strips.png
425,Retina Equipments,Retina Equipments,Infusion Cannula-VitreoRetinal Instruments,"Infusion Cannula-VitreoRetinal Instruments are specialized cannulas used in retinal surgeries to maintain intraocular pressure and provide continuous irrigation of the surgical field, ensuring optimal visualization and tissue stability.",Cannulas for intraocular infusion in retinal surgeries,infusion-cannula-vitreoretinal-instruments,../../wp-content/uploads/2024/04/SS257_Infusion_Cannula.html
426,Retina Equipments,Retina Equipments,May-VitreoRetinal Instruments,"May-VitreoRetinal Instruments are ophthalmic surgical tools developed by Dr. May, specifically designed for use in retinal surgeries, known for their precision, durability, and suitability for various surgical techniques.",Instruments developed by Dr. May for retinal surgeries,may-vitreoretinal-instruments,../../wp-content/uploads/woocommerce-placeholder-700x700.html
427,Retina Equipments,Retina Equipments,Membrane Peeler-VitreoRetinal Instruments,"Membrane Peeler-VitreoRetinal Instruments are specialized tools used in retinal surgeries to precisely peel epiretinal or internal limiting membranes, enabling the treatment of conditions such as macular holes or epiretinal membranes.",Instruments for peeling retinal membranes in surgeries,membrane-peeler-vitreoretinal-instruments,../../wp-content/uploads/2024/04/Membrane-Peeler.html
428,Retina Equipments,Retina Equipments,"Monocular Telescops for L.V,A. (2X & 3X)-Retina Equipments","Monocular Telescopes for Low Vision Aids (2X & 3X) are optical devices designed to assist individuals with low vision by providing magnification of visual stimuli. They offer adjustable magnification levels, enabling users to enhance their visual acuity and perform daily tasks more independently.",Telescopes for low vision aids with magnification,monocular-telescops-for-l-va-2x-3x-retina-equipments,../../wp-content/uploads/2024/04/Monocular-Telescops-for-L.VA_.-2X-3X.html
429,Retina Equipments,Retina Equipments,Ocular Surgery-Retina Equipments,"Ocular Surgery refers to a comprehensive range of instruments and equipment used in ophthalmology for performing various surgical procedures, including cataract surgery, vitreoretinal surgery, corneal transplantation, and glaucoma surgery, ensuring optimal surgical outcomes and patient care.",Instruments and equipment for ophthalmic surgical procedures,ocular-surgery-retina-equipments,../../wp-content/uploads/2024/04/Ocular-Surgery.html
430,Retina Equipments,Retina Equipments,Phaco Practice Eye-Retina Equipments,"Phaco Practice Eye is a simulated eye model designed for practicing phacoemulsification procedures. It replicates the anatomical structures of the human eye, providing a realistic training platform for ophthalmology residents and surgeons to refine their surgical skills and techniques.",Simulated eye model for phacoemulsification practice,phaco-practice-eye-retina-equipments,../../wp-content/uploads/2024/04/Phaco_Practice_Eye-700x261.html
431,Retina Equipments,Retina Equipments,Punch-Retina Equipments,Punch is a specialized surgical instrument used in ophthalmology for tissue excision or removal during procedures such as corneal transplantation or scleral surgery. It features a sharp cutting edge and ergonomic handle for precise and controlled tissue dissection.,Surgical punch for tissue excision in ophthalmic procedures,punch-retina-equipments,../../wp-content/uploads/woocommerce-placeholder-700x700.html
432,Retina Equipments,Retina Equipments,Silicon Oil Injector-Retina Equipments,"Silicon Oil Injector is a specialized instrument used in vitreoretinal surgery for precisely injecting silicone oil into the vitreous cavity. It ensures controlled delivery of silicone oil, which is commonly used as a tamponade agent to support retinal reattachment and promote healing.",Device for injecting silicone oil into the vitreous cavity,silicon-oil-injector-retina-equipments,../../wp-content/uploads/2024/04/Silicon-Oil-Injector-Retina-Equipments.html
433,Retina Equipments,Retina Equipments,Single Mirror Gonioscopy-Retina Equipments,"Single Mirror Gonioscopy is a diagnostic lens used in ophthalmology for evaluating the angle structures of the eye. It features a single mirror that provides a focused view of the iridocorneal angle, enabling clinicians to assess angle anatomy and detect abnormalities accurately.",Diagnostic lens with one mirror for anterior chamber examination,single-mirror-gonioscopy-retina-equipments,../../wp-content/uploads/2024/04/Single_Mirror_Goniolens-700x265.html
434,Retina Equipments,Retina Equipments,Subretinal Injector -VitreoRetinal Instruments,"Subretinal Injecti-VitreoRetinal Instruments are specialized tools used in retinal surgeries to deliver medications or substances into the subretinal space, facilitating targeted treatments and interventions.",Instruments for subretinal injections in retinal surgeries,subretinal-injecti-vitreoretinal-instruments,../../wp-content/uploads/2024/04/SS263_Subretinal_Injector_GLASER.html
435,Retina Equipments,Retina Equipments,irrigating-vitrect-retina-equipments,,,irrigating-vitrect-retina-equipments,
436,Retina Equipments,Retina Equipments,irrigating-vitreoretinal-instruments,,,irrigating-vitreoretinal-instruments,
437,Retina Equipments,Retina Equipments,landers-vitrectomy-retina-equipments,,,landers-vitrectomy-retina-equipments,
438,Retina Equipments,Retina Equipments,lens-glide-retina-equipments,,,lens-glide-retina-equipments,
439,Retina Equipments,Retina Equipments,scleral-plugs-vitreoretinal-instruments,,,scleral-plugs-vitreoretinal-instruments,
440,Retina Equipments,Retina Equipments,silicon-bands-retina-equipments,,,silicon-bands-retina-equipments,
441,Retina Equipments,Retina Equipments,silicon-sponge-rode-retina-equipments,,,silicon-sponge-rode-retina-equipments,
442,Retina Equipments,Retina Equipments,silicon-tires-retina-equipments,,,silicon-tires-retina-equipments,
443,Retina Equipments,Retina Equipments,suction-trephine-retina-equipments,,,suction-trephine-retina-equipments,
444,Retina Equipments,Retina Equipments,tapered-vitreoretinal-instruments,,,tapered-vitreoretinal-instruments,
445,Retina Equipments,Retina Equipments,teflon-block-retina-equipments,,,teflon-block-retina-equipments,
446,Retina Equipments,Retina Equipments,tension-ring-injector-retina-equipments,,,tension-ring-injector-retina-equipments,
447,Retina Equipments,Retina Equipments,trephine-retina-equipments,,,trephine-retina-equipments,
448,Retina Equipments,Retina Equipments,vitreo-retinal-vitreoretinal-instruments,,,vitreo-retinal-vitreoretinal-instruments,
449,Retina Equipments,Retina Equipments,watzke-vitreoretinal-instruments,,,watzke-vitreoretinal-instruments,
450,Retina Equipments,Retina Equipments,wick-drain-retina-equipments,,,wick-drain-retina-equipments,
451,Uncategorised,Uncategorised,Algerbrush-Lens Manipulators,"Algerbrush-Lens Manipulators are essential instruments in ophthalmic surgeries, facilitating the manipulation of lenses and ensuring optimal surgical outcomes and patient satisfaction.",Tools for lens manipulation.,algerbrush-lens-manipulators,../../wp-content/uploads/2024/04/Lens-Manipulators-Algerbrush.jpg
452,Uncategorised,Uncategorised,agarwals-no-anest-speculums,,,agarwals-no-anest-speculums,
453,Uncategorised,Uncategorised,agarwals-phaco-choppers,,,agarwals-phaco-choppers,
454,Uncategorised,Uncategorised,akahoshi-nucleus-rotator,,,akahoshi-nucleus-rotator,
455,Uncategorised,Uncategorised,aker-lens-manipulators,,,aker-lens-manipulators,
456,Vision Drum Acuity Chart,Vision Drum Acuity Chart,Cyber Charts,"Cyber Charts are advanced electronic visual acuity charts used in ophthalmology for precise and standardized vision testing. They offer a wide range of optotypes, customizable testing protocols, and digital interfaces that enable efficient and accurate assessment of visual acuity in patients.",Electronic visual acuity charts for vision testing,cyber-charts,../../wp-content/uploads/2024/04/Cyber_Chart-700x700.jpg
457,Vision Drum Acuity Chart,Vision Drum Acuity Chart,Distant Vision Drum with Remote-Cyber Charts,"Distant Vision Drum with Remote is a specialized device used in ophthalmic clinics or vision centers for conducting visual acuity tests. It features a remote-controlled rotating drum with distant vision optotypes, enabling clinicians to perform standardized and accurate vision assessments in patients.",Visual acuity testing equipment with remote control,distant-vision-drum-with-remote-cyber-charts,../../wp-content/uploads/2024/04/Distant_Vision_Drum_With_Remote.jpg
