[centralindiaexport.com/index.html]
[centralindiaexport.com/xmlrpc.php]
[backblue.gif]
[fade.gif]
[index.html]
[centralindiaexport.com/wp-json/oembed/1.0/embedcb8b.json]
[centralindiaexport.com/feed/index.html]
[centralindiaexport.com/comments/feed/index.html]
[centralindiaexport.com/wp-json/oembed/1.0/embed5817]
[centralindiaexport.com/wp-content/plugins/click-to-chat-for-whatsapp/new/inc/assets/css/maind3c7.css]
[centralindiaexport.com/wp-content/plugins/yith-woocommerce-request-a-quote/assets/css/frontend149b.css]
[centralindiaexport.com/wp-content/uploads/elementor/css/custom-frontend.minf638.css]
[centralindiaexport.com/wp-content/uploads/elementor/css/post-7f638.css]
[centralindiaexport.com/wp-content/plugins/elementor/assets/lib/font-awesome/css/all.mineda1.css]
[centralindiaexport.com/wp-content/plugins/elementor/assets/lib/font-awesome/css/v4-shims.mineda1.css]
[centralindiaexport.com/wp-content/plugins/elementor/assets/css/widget-divider.mineda1.css]
[centralindiaexport.com/wp-content/plugins/elementor/assets/css/widget-heading.mineda1.css]
[centralindiaexport.com/wp-content/uploads/elementor/css/post-18f638.css]
[centralindiaexport.com/wp-content/plugins/happy-elementor-addons/assets/fonts/style.min0599.css]
[centralindiaexport.com/wp-content/uploads/happyaddons/css/ha-187c65.css]
[centralindiaexport.com/wp-content/themes/woodmart/css/bootstrap-light.min9e2d.css]
[centralindiaexport.com/wp-content/themes/woodmart/css/parts/base.min9e2d.css]
[centralindiaexport.com/wp-content/themes/woodmart/css/parts/widget-wd-recent-posts.min9e2d.css]
[centralindiaexport.com/wp-content/themes/woodmart/css/parts/widget-nav.min9e2d.css]
[centralindiaexport.com/wp-content/themes/woodmart/css/parts/woo-widget-wd-layered-nav.min9e2d.css]
[centralindiaexport.com/wp-content/themes/woodmart/css/parts/woo-mod-swatches-base.min9e2d.css]
[centralindiaexport.com/wp-content/themes/woodmart/css/parts/woo-mod-swatches-filter.min9e2d.css]
[centralindiaexport.com/wp-content/themes/woodmart/css/parts/woo-widget-product-list.min9e2d.css]
[centralindiaexport.com/wp-content/themes/woodmart/css/parts/wp-gutenberg.min9e2d.css]
[centralindiaexport.com/wp-content/themes/woodmart/css/parts/int-wpcf7.min9e2d.css]
[centralindiaexport.com/wp-content/themes/woodmart/css/parts/int-rev-slider.min9e2d.css]
[centralindiaexport.com/wp-content/themes/woodmart/css/parts/int-woo-yith-request-quote.min9e2d.css]
[centralindiaexport.com/wp-content/themes/woodmart/css/parts/woo-mod-grid.min9e2d.css]
[centralindiaexport.com/wp-content/themes/woodmart/css/parts/woo-mod-quantity.min9e2d.css]
[centralindiaexport.com/wp-content/themes/woodmart/css/parts/woo-mod-shop-table.min9e2d.css]
[centralindiaexport.com/wp-content/themes/woodmart/css/parts/woo-lib-select2.min9e2d.css]
[centralindiaexport.com/wp-content/themes/woodmart/css/parts/int-elem-base.min9e2d.css]
[centralindiaexport.com/wp-content/themes/woodmart/css/parts/woocommerce-base.min9e2d.css]
[centralindiaexport.com/wp-content/themes/woodmart/css/parts/mod-star-rating.min9e2d.css]
[centralindiaexport.com/wp-content/themes/woodmart/css/parts/woo-el-track-order.min9e2d.css]
[centralindiaexport.com/wp-content/themes/woodmart/css/parts/woo-mod-block-notices.min9e2d.css]
[centralindiaexport.com/wp-content/themes/woodmart/css/parts/woo-gutenberg.min9e2d.css]
[centralindiaexport.com/wp-content/themes/woodmart/css/parts/header-base.min9e2d.css]
[centralindiaexport.com/wp-content/themes/woodmart/css/parts/mod-tools.min9e2d.css]
[centralindiaexport.com/wp-content/themes/woodmart/css/parts/header-el-base.min9e2d.css]
[centralindiaexport.com/wp-content/themes/woodmart/css/parts/el-social-icons.min9e2d.css]
[centralindiaexport.com/wp-content/themes/woodmart/css/parts/header-el-search.min9e2d.css]
[centralindiaexport.com/wp-content/themes/woodmart/css/parts/header-el-search-form.min9e2d.css]
[centralindiaexport.com/wp-content/themes/woodmart/css/parts/wd-search-results.min9e2d.css]
[centralindiaexport.com/wp-content/themes/woodmart/css/parts/wd-search-form.min9e2d.css]
[centralindiaexport.com/wp-content/themes/woodmart/css/parts/wd-search-cat.min9e2d.css]
[centralindiaexport.com/wp-content/themes/woodmart/css/parts/woo-mod-login-form.min9e2d.css]
[centralindiaexport.com/wp-content/themes/woodmart/css/parts/header-el-my-account.min9e2d.css]
[centralindiaexport.com/wp-content/themes/woodmart/css/parts/header-el-cart-side.min9e2d.css]
[centralindiaexport.com/wp-content/themes/woodmart/css/parts/header-el-cart.min9e2d.css]
[centralindiaexport.com/wp-content/themes/woodmart/css/parts/woo-widget-shopping-cart.min9e2d.css]
[centralindiaexport.com/wp-content/themes/woodmart/css/parts/header-el-category-nav.min9e2d.css]
[centralindiaexport.com/wp-content/themes/woodmart/css/parts/mod-nav-vertical.min9e2d.css]
[centralindiaexport.com/wp-content/themes/woodmart/css/parts/mod-nav-vertical-design-default.min9e2d.css]
[centralindiaexport.com/wp-content/themes/woodmart/css/parts/mod-nav-menu-label.min9e2d.css]
[centralindiaexport.com/wp-content/themes/woodmart/css/parts/header-mod-content-calc.min9e2d.css]
[centralindiaexport.com/wp-content/themes/woodmart/css/parts/mod-sticky-loader.min9e2d.css]
[centralindiaexport.com/xmlrpc.660db0.delayed]
[centralindiaexport.com/wp-content/uploads/2024/04/3.6e.delayed]
[centralindiaexport.com/wp-content/uploads/elementor/css/post-18241.6ff638.delayed]
[static-bundles.visme.co/forms/vismeforms-embed.91.delayed]
[centralindiaexport.com/wp-content/themes/woodmart/js/scripts/wc/wishlist.min9e2d.js]
[cdn.amcharts.com/lib/version/4.10.29/core942d.js]
[cdn.amcharts.com/lib/version/4.10.29/maps942d.js]
[cdn.amcharts.com/lib/version/4.10.29/themes/animated942d.js]
[cdn.amcharts.com/lib/4/geodata/worldIndiaLow942d.js]
[centralindiaexport.com/wp-content/themes/woodmart/js/scripts/global/scrollTop.min9e2d.js]
[centralindiaexport.com/wp-content/themes/woodmart/js/scripts/menu/mobileNavigation.min9e2d.js]
[centralindiaexport.com/product-category/instruments/forceps/capsulorhexis-forceps/index.html]
[centralindiaexport.com/index.html]
[centralindiaexport.com/xmlrpc.php]
[centralindiaexport.com/wp-content/plugins/click-to-chat-for-whatsapp/new/inc/assets/css/maind3c7.css]
[centralindiaexport.com/product-category/instruments/forceps/corneal-forceps/index.html]
[centralindiaexport.com/wp-content/plugins/yith-woocommerce-request-a-quote/assets/css/frontend149b.css]
[centralindiaexport.com/product-category/instruments/forceps/hoskin-forceps/index.html]
[centralindiaexport.com/product-category/instruments/forceps/intraocular-forceps/index.html]
[centralindiaexport.com/wp-content/uploads/elementor/css/custom-frontend.minf638.css]
[centralindiaexport.com/product-category/instruments/forceps/corneal-fixation-forceps/index.html]
[centralindiaexport.com/product-category/instruments/forceps/foldable-iol-forceps/index.html]
[centralindiaexport.com/wp-content/uploads/elementor/css/post-7f638.css]
[centralindiaexport.com/product-category/instruments/forceps/fixation-and-superior-rectus-forceps/index.html]
[centralindiaexport.com/product-category/instruments/forceps/iris-forceps/index.html]
[centralindiaexport.com/product-category/instruments/forceps/jewelers-forceps/index.html]
[centralindiaexport.com/product-category/instruments/forceps/lasik-forceps/index.html]
[centralindiaexport.com/product-category/instruments/forceps/mosquito-forceps/index.html]
[centralindiaexport.com/wp-content/plugins/elementor/assets/lib/font-awesome/webfonts/fa-brands-400.eot]
[centralindiaexport.com/product-category/instruments/forceps/muscle-forceps/index.html]
[centralindiaexport.com/product-category/instruments/forceps/prechop-forceps/index.html]
[centralindiaexport.com/wp-content/plugins/elementor/assets/lib/font-awesome/webfonts/fa-brands-400d41d.eot]
[centralindiaexport.com/product-category/instruments/forceps/suturing-forceps/index.html]
[centralindiaexport.com/product-category/instruments/forceps/tissue-forceps/index.html]
[centralindiaexport.com/wp-content/plugins/elementor/assets/lib/font-awesome/webfonts/fa-brands-400.woff2]
[centralindiaexport.com/product-category/instruments/forceps/tying-forceps/index.html]
[centralindiaexport.com/product-category/instruments/forceps/vitreous-forceps/index.html]
[centralindiaexport.com/product-category/instruments/scissors/index.html]
[centralindiaexport.com/product-category/intraocular-lenses/index.html]
[centralindiaexport.com/product-category/intraocular-lenses/disposable-injector-cartridge/index.html]
[centralindiaexport.com/wp-content/plugins/elementor/assets/lib/font-awesome/webfonts/fa-brands-400.woff]
[centralindiaexport.com/wp-content/plugins/elementor/assets/lib/font-awesome/webfonts/fa-brands-400.ttf]
[centralindiaexport.com/product-category/intraocular-lenses/foldable-hydrophilic-square-edge/index.html]
[centralindiaexport.com/product-category/intraocular-lenses/hydrophobic-foldable/index.html]
[centralindiaexport.com/wp-content/plugins/elementor/assets/lib/font-awesome/webfonts/fa-brands-400.svg]
[centralindiaexport.com/product-category/intraocular-lenses/non-foldable-pmma/index.html]
[centralindiaexport.com/product-category/intraocular-lenses/pmma-and-advance-capsular-tension-ring-ctr/index.html]
[centralindiaexport.com/wp-content/plugins/elementor/assets/lib/font-awesome/webfonts/fa-regular-400.eot]
[centralindiaexport.com/product-category/intraocular-lenses/three-piece-lenses/index.html]
[centralindiaexport.com/product-category/micro-surgical-blades/index.html]
[centralindiaexport.com/wp-content/plugins/elementor/assets/lib/font-awesome/webfonts/fa-regular-400d41d.eot]
[centralindiaexport.com/product-category/miscellaneouss/index.html]
[centralindiaexport.com/product-category/ophthalmic-solutions/index.html]
[centralindiaexport.com/wp-content/plugins/elementor/assets/lib/font-awesome/webfonts/fa-regular-400.woff2]
[centralindiaexport.com/product-category/retina-equipments/index.html]
[centralindiaexport.com/product-category/uncategorised/index.html]
[centralindiaexport.com/product-category/vision-drum-acuity-chart/index.html]
[centralindiaexport.com/wp-content/plugins/elementor/assets/lib/font-awesome/webfonts/fa-regular-400.woff]
[centralindiaexport.com/my-account/index.html]
[centralindiaexport.com/wishlist/index.html]
[centralindiaexport.com/wp-content/plugins/elementor/assets/lib/font-awesome/webfonts/fa-regular-400.ttf]
[centralindiaexport.com/cart/index.html]
[centralindiaexport.com/foldable-hydrophilic-square-edge/index.html]
[centralindiaexport.com/wp-content/plugins/elementor/assets/lib/font-awesome/webfonts/fa-regular-400.svg]
[centralindiaexport.com/product-category/instruments/needle-holder/index.html]
[centralindiaexport.com/product-category/instruments/lacrimal-instruments/index.html]
[centralindiaexport.com/wp-content/plugins/elementor/assets/lib/font-awesome/webfonts/fa-solid-900.eot]
[centralindiaexport.com/blog/index.html]
[centralindiaexport.com/product-category/instruments/miscellaneous/index.html]
[centralindiaexport.com/wp-content/plugins/elementor/assets/lib/font-awesome/webfonts/fa-solid-900d41d.eot]
[centralindiaexport.com/about-us/index.html]
[centralindiaexport.com/wp-content/plugins/elementor/assets/lib/font-awesome/webfonts/fa-solid-900.woff2]
[centralindiaexport.com/contact-us/index.html]
[centralindiaexport.com/wp-content/plugins/elementor/assets/lib/font-awesome/webfonts/fa-solid-900.woff]
[centralindiaexport.com/product/anterior-chamber-iols/index.html]
[centralindiaexport.com/product/disposable-injector-cartridge/index.html]
[centralindiaexport.com/wp-content/plugins/elementor/assets/lib/font-awesome/webfonts/fa-solid-900.ttf]
[centralindiaexport.com/product/hydrophilic-acrylic-foldable-intraocular-lenses/index.html]
[centralindiaexport.com/product/hydrophobic-foldable-acrylic-intraocular-lenses/index.html]
[centralindiaexport.com/product/hydrophobic-acrylic-3-piece-intraocular-lens/index.html]
[centralindiaexport.com/product/iris-claw-lens/index.html]
[centralindiaexport.com/wp-content/plugins/elementor/assets/lib/font-awesome/webfonts/fa-solid-900.svg]
[centralindiaexport.com/wp-content/plugins/elementor/assets/lib/font-awesome/css/all.mineda1.css]
[centralindiaexport.com/wp-content/plugins/elementor/assets/lib/font-awesome/css/v4-shims.mineda1.css]
[centralindiaexport.com/faqs/index.html]
[centralindiaexport.com/wp-content/plugins/elementor/assets/css/widget-divider.mineda1.css]
[centralindiaexport.com/wp-content/plugins/elementor/assets/css/widget-heading.mineda1.css]
[centralindiaexport.com/wp-content/plugins/elementor/assets/lib/animations/styles/e-animation-grow.mineda1.css]
[centralindiaexport.com/wp-content/plugins/elementor/assets/css/widget-image.mineda1.css]
[centralindiaexport.com/my-account/lost-password/index.html]
[centralindiaexport.com/wp-content/uploads/2021/08/wood-o-background.ef.delayed]
[centralindiaexport.com/wp-content/uploads/2024/04/BG.jpg]
[centralindiaexport.com/wp-content/uploads/elementor/css/post-18f638.css]
[centralindiaexport.com/my-account/index0ddc.html]
[centralindiaexport.com/wp-content/plugins/happy-elementor-addons/assets/fonts/happy-icons.f1.delayed]
[centralindiaexport.com/wp-content/plugins/happy-elementor-addons/assets/fonts/happy-icons.woff]
[centralindiaexport.com/wp-content/plugins/happy-elementor-addons/assets/fonts/style.min0599.css]
[centralindiaexport.com/wp-content/uploads/happyaddons/css/ha-187c65.css]
[centralindiaexport.com/wp-content/themes/woodmart/css/bootstrap-light.min9e2d.css]
[centralindiaexport.com/wp-content/plugins/happy-elementor-addons/assets/fonts/happy-icons.svg]
[centralindiaexport.com/wp-content/themes/woodmart/inc/admin/assets/images/calend-d.svg]
[centralindiaexport.com/wp-content/themes/woodmart/inc/admin/assets/images/calend-l.svg]
[centralindiaexport.com/wp-content/themes/woodmart/css/parts/base.min9e2d.css]
[centralindiaexport.com/wp-content/themes/woodmart/css/parts/widget-wd-recent-posts.min9e2d.css]
[centralindiaexport.com/wp-content/themes/woodmart/css/parts/widget-nav.min9e2d.css]
[centralindiaexport.com/wp-content/themes/woodmart/css/parts/woo-widget-wd-layered-nav.min9e2d.css]
[centralindiaexport.com/wp-content/themes/woodmart/css/parts/woo-mod-swatches-base.min9e2d.css]
[centralindiaexport.com/wp-content/themes/woodmart/css/parts/woo-mod-swatches-filter.min9e2d.css]
[centralindiaexport.com/wp-content/themes/woodmart/css/parts/woo-widget-product-list.min9e2d.css]
[centralindiaexport.com/wp-content/themes/woodmart/css/parts/wp-gutenberg.min9e2d.css]
[centralindiaexport.com/wp-content/themes/woodmart/css/parts/int-wpcf7.min9e2d.css]
[centralindiaexport.com/wp-content/themes/woodmart/css/parts/int-rev-slider.min9e2d.css]
[centralindiaexport.com/wp-content/themes/woodmart/css/parts/int-woo-yith-request-quote.min9e2d.css]
[centralindiaexport.com/wp-content/themes/woodmart/css/parts/woo-mod-grid.min9e2d.css]
[centralindiaexport.com/wp-content/themes/woodmart/css/parts/woo-mod-quantity.min9e2d.css]
[centralindiaexport.com/wp-content/themes/woodmart/css/parts/woo-mod-shop-table.min9e2d.css]
[centralindiaexport.com/wp-content/themes/woodmart/css/parts/woo-lib-select2.min9e2d.css]
[centralindiaexport.com/wp-content/themes/woodmart/css/parts/int-elem-base.min9e2d.css]
[centralindiaexport.com/wp-content/themes/woodmart/css/parts/woocommerce-base.min9e2d.css]
[centralindiaexport.com/wp-content/themes/woodmart/css/parts/mod-star-rating.min9e2d.css]
[centralindiaexport.com/wp-content/themes/woodmart/css/parts/woo-el-track-order.min9e2d.css]
[centralindiaexport.com/wp-content/themes/woodmart/css/parts/woo-mod-block-notices.min9e2d.css]
[centralindiaexport.com/wp-content/themes/woodmart/css/parts/woo-gutenberg.min9e2d.css]
[centralindiaexport.com/wp-content/themes/woodmart/css/parts/header-base.min9e2d.css]
[centralindiaexport.com/wp-content/themes/woodmart/css/parts/mod-tools.min9e2d.css]
[centralindiaexport.com/wp-content/themes/woodmart/css/parts/header-el-base.min9e2d.css]
[centralindiaexport.com/wp-content/themes/woodmart/css/parts/el-social-icons.min9e2d.css]
[centralindiaexport.com/wp-content/themes/woodmart/css/parts/header-el-search.min9e2d.css]
[centralindiaexport.com/wp-content/themes/woodmart/css/parts/header-el-search-form.min9e2d.css]
[centralindiaexport.com/wp-content/themes/woodmart/css/parts/wd-search-results.min9e2d.css]
[centralindiaexport.com/wp-content/themes/woodmart/css/parts/wd-search-form.min9e2d.css]
[centralindiaexport.com/wp-content/themes/woodmart/css/parts/wd-search-cat.min9e2d.css]
[centralindiaexport.com/wp-content/themes/woodmart/css/parts/woo-mod-login-form.min9e2d.css]
[centralindiaexport.com/wp-content/themes/woodmart/css/parts/header-el-my-account.min9e2d.css]
[centralindiaexport.com/wp-content/themes/woodmart/css/parts/header-el-cart-side.min9e2d.css]
[centralindiaexport.com/wp-content/themes/woodmart/css/parts/header-el-cart.min9e2d.css]
[centralindiaexport.com/wp-content/themes/woodmart/css/parts/woo-widget-shopping-cart.min9e2d.css]
[centralindiaexport.com/wp-content/themes/woodmart/css/parts/header-el-mobile-nav-dropdown.min9e2d.css]
[centralindiaexport.com/wp-content/themes/woodmart/css/parts/header-el-category-nav.min9e2d.css]
[centralindiaexport.com/wp-content/themes/woodmart/css/parts/mod-nav-vertical.min9e2d.css]
[centralindiaexport.com/wp-content/themes/woodmart/css/parts/mod-nav-vertical-design-default.min9e2d.css]
[centralindiaexport.com/wp-content/themes/woodmart/css/parts/mod-nav-menu-label.min9e2d.css]
[centralindiaexport.com/wp-content/themes/woodmart/css/parts/header-mod-content-calc.min9e2d.css]
[centralindiaexport.com/wp-content/themes/woodmart/css/parts/mod-animations-keyframes.min9e2d.html]
[centralindiaexport.com/wp-content/themes/woodmart/css/parts/mod-animations-transform.min9e2d.html]
[centralindiaexport.com/wp-content/themes/woodmart/css/parts/el-section-title.min9e2d.html]
[centralindiaexport.com/wp-content/themes/woodmart/css/parts/el-tabs.min9e2d.html]
[centralindiaexport.com/wp-content/themes/woodmart/css/parts/el-product-tabs.min9e2d.html]
[centralindiaexport.com/wp-content/themes/woodmart/css/parts/mod-sticky-loader.min9e2d.html]
[centralindiaexport.com/wp-content/themes/woodmart/css/parts/woo-opt-bordered-product.min9e2d.html]
[centralindiaexport.com/wp-content/themes/woodmart/css/parts/woo-product-loop.min9e2d.html]
[centralindiaexport.com/wp-content/themes/woodmart/css/parts/woo-product-loop-quick.min9e2d.html]
[centralindiaexport.com/wp-content/themes/woodmart/css/parts/woo-mod-add-btn-replace.min9e2d.html]
[centralindiaexport.com/wp-content/themes/woodmart/css/parts/el-opt-product-arrows.min9e2d.html]
[centralindiaexport.com/wp-content/themes/woodmart/css/parts/woo-mod-product-labels.min9e2d.html]
[centralindiaexport.com/wp-content/themes/woodmart/css/parts/woo-mod-product-labels-round.min9e2d.html]
[centralindiaexport.com/wp-content/themes/woodmart/css/parts/lib-magnific-popup.min9e2d.html]
[centralindiaexport.com/wp-content/themes/woodmart/css/parts/lib-swiper-arrows.min9e2d.html]
[centralindiaexport.com/wp-content/themes/woodmart/css/parts/lib-swiper.min9e2d.html]
[centralindiaexport.com/wp-content/themes/woodmart/css/parts/el-slider.min9e2d.html]
[centralindiaexport.com/wp-content/themes/woodmart/css/parts/el-info-box.min9e2d.html]
[centralindiaexport.com/wp-content/themes/woodmart/css/parts/lib-swiper-pagin.min9e2d.html]
[centralindiaexport.com/wp-content/themes/woodmart/css/parts/el-text-block.min9e2d.html]
[centralindiaexport.com/wp-content/themes/woodmart/css/parts/blog-base.min9e2d.html]
[centralindiaexport.com/wp-content/themes/woodmart/css/parts/blog-loop-base-old.min9e2d.html]
[centralindiaexport.com/wp-content/themes/woodmart/css/parts/blog-loop-design-masonry.min9e2d.html]
[centralindiaexport.com/wp-content/themes/woodmart/css/parts/opt-widget-collapse.min9e2d.html]
[centralindiaexport.com/wp-content/themes/woodmart/css/parts/footer-base.min9e2d.html]
[centralindiaexport.com/wp-content/themes/woodmart/css/parts/opt-scrolltotop.min9e2d.html]
[centralindiaexport.com/wp-content/themes/woodmart/css/parts/header-el-my-account-sidebar.min9e2d.html]
[centralindiaexport.com/wp-content/themes/woodmart/css/parts/opt-bottom-toolbar.min9e2d.html]
[centralindiaexport.com/wp-content/uploads/2024/08/xts-header_153799-17228572149e2d.html]
[centralindiaexport.com/wp-content/uploads/2024/08/xts-theme_settings_default-17228577379e2d.html]
[centralindiaexport.com/wp-content/uploads/elementor/google-fonts/css/roboto1c66.html]
[centralindiaexport.com/wp-content/uploads/elementor/google-fonts/css/robotoslab6817.html]
[centralindiaexport.com/wp-includes/js/jquery/jquery.minf43b.html]
[centralindiaexport.com/wp-includes/js/jquery/jquery-migrate.min5589.html]
[centralindiaexport.com/wp-content/plugins/woocommerce/assets/js/jquery-blockui/jquery.blockUI.mine84f.html]
[centralindiaexport.com/wp-content/plugins/woocommerce/assets/js/frontend/add-to-cart.mina151.html]
[centralindiaexport.com/wp-content/plugins/woocommerce/assets/js/js-cookie/js.cookie.min9760.html]
[centralindiaexport.com/wp-content/plugins/woocommerce/assets/js/frontend/woocommerce.mina151.html]
[centralindiaexport.com/wp-content/plugins/elementor/assets/lib/font-awesome/js/v4-shims.mineda1.html]
[centralindiaexport.com/wp-content/themes/woodmart/js/libs/device.min9e2d.html]
[centralindiaexport.com/wp-content/themes/woodmart/js/scripts/global/scrollBar.min9e2d.html]
[centralindiaexport.com/wp-content/plugins/happy-elementor-addons/assets/vendor/dom-purify/purify.min005e.html]
[centralindiaexport.com/wp-content/plugins/happy-elementor-addons/assets/vendor/lord-icon/lord-icon-2.1.00599.html]
[centralindiaexport.com/wp-json/index.html]
[centralindiaexport.com/wp-json/wp/v2/pages/18.html]
[centralindiaexport.com/xmlrpc0db0.html]
[centralindiaexport.com/wp-content/uploads/2024/04/cropped-Favicon-01-32x32.html]
[centralindiaexport.com/wp-content/uploads/2024/04/cropped-Favicon-01-192x192.html]
[centralindiaexport.com/wp-content/uploads/2024/04/cropped-Favicon-01-180x180.html]
[centralindiaexport.com/wp-content/uploads/2024/03/Logo-01.html]
[centralindiaexport.com/product-category/artificial-eyes/index.html]
[centralindiaexport.com/product-category/equipments/index.html]
[centralindiaexport.com/product-category/eye-drape-eye-shield/index.html]
[centralindiaexport.com/product-category/fluorescein-schirmer-strips-iris-retractor/index.html]
[centralindiaexport.com/product-category/instruments/index.html]
[centralindiaexport.com/product-category/instruments/all-instruments/index.html]
[centralindiaexport.com/product-category/instruments/all-instruments/astigmatism-markers/index.html]
[centralindiaexport.com/product-category/instruments/all-instruments/caliper/index.html]
[centralindiaexport.com/product-category/instruments/all-instruments/cauteries/index.html]
[centralindiaexport.com/product-category/instruments/all-instruments/corneal-markers/index.html]
[centralindiaexport.com/product-category/instruments/all-instruments/curettes/index.html]
[centralindiaexport.com/product-category/instruments/all-instruments/dissectors/index.html]
[centralindiaexport.com/product-category/instruments/all-instruments/fixation-rings/index.html]
[centralindiaexport.com/product-category/instruments/all-instruments/gauge/index.html]
[centralindiaexport.com/product-category/instruments/all-instruments/iris-hooks/index.html]
[centralindiaexport.com/product-category/instruments/all-instruments/knives/index.html]
[centralindiaexport.com/product-category/instruments/all-instruments/lens-expressor/index.html]
[centralindiaexport.com/product-category/instruments/all-instruments/lens-loops/index.html]
[centralindiaexport.com/product-category/instruments/all-instruments/lens-manipulators/index.html]
[centralindiaexport.com/product-category/instruments/all-instruments/markers/index.html]
[centralindiaexport.com/product-category/instruments/all-instruments/muscle-hooks/index.html]
[centralindiaexport.com/product-category/instruments/all-instruments/nuclear-rotator/index.html]
[centralindiaexport.com/product-category/instruments/all-instruments/nucleus-dividers/index.html]
[centralindiaexport.com/product-category/instruments/all-instruments/optic-zone-markers/index.html]
[centralindiaexport.com/product-category/instruments/all-instruments/phaco-choppers/index.html]
[centralindiaexport.com/product-category/instruments/all-instruments/polishers/index.html]
[centralindiaexport.com/product-category/instruments/all-instruments/retractors/index.html]
[centralindiaexport.com/product-category/instruments/all-instruments/scleral-depressors/index.html]
[centralindiaexport.com/product-category/instruments/all-instruments/spatulas/index.html]
[centralindiaexport.com/product-category/instruments/all-instruments/speculums/index.html]
[centralindiaexport.com/product-category/instruments/all-instruments/spoons/index.html]
[centralindiaexport.com/product-category/instruments/all-instruments/spuds/index.html]
[centralindiaexport.com/product-category/instruments/all-instruments/sterillization-box/index.html]
[centralindiaexport.com/product-category/instruments/cannulas/index.html]
[centralindiaexport.com/product-category/instruments/cannulas/air-cannulas/index.html]
[centralindiaexport.com/product-category/instruments/cannulas/anterior-chamber-cannulas/index.html]
[centralindiaexport.com/product-category/instruments/cannulas/aspirating-cannulas/index.html]
[centralindiaexport.com/product-category/instruments/cannulas/capsule-polisher-cannulas/index.html]
[centralindiaexport.com/product-category/instruments/cannulas/cyclodialysis-cannulas/index.html]
[centralindiaexport.com/product-category/instruments/cannulas/hydrdelineation-cannulas/index.html]
[centralindiaexport.com/product-category/instruments/cannulas/hydrodissection-cannulas/index.html]
[centralindiaexport.com/product-category/instruments/cannulas/irrigating-cannulas/index.html]
[centralindiaexport.com/product-category/instruments/cannulas/irrigating-lens-manipulator-cannulas/index.html]
[centralindiaexport.com/product-category/instruments/cannulas/irrigating-vectis-cannulas/index.html]
[centralindiaexport.com/product-category/instruments/cannulas/irrigating-aspirating-cannulas/index.html]
[centralindiaexport.com/product-category/instruments/cannulas/lacrimal-cannulas/index.html]
[centralindiaexport.com/product-category/instruments/cannulas/lasik-cannulas/index.html]
[centralindiaexport.com/product-category/instruments/forceps/index.html]
[centralindiaexport.com/product-category/instruments/forceps/capsulorhexis-forceps/index.html]
[centralindiaexport.com/product-category/instruments/forceps/chalazion-forceps/index.html]
[centralindiaexport.com/product-category/instruments/forceps/cilia-forceps/index.html]
[centralindiaexport.com/product-category/instruments/forceps/colibri-forceps/index.html]
[centralindiaexport.com/product-category/instruments/forceps/conjunctiva-forceps/index.html]
[centralindiaexport.com/wp-includes/css/dist/block-library/style.min40dd.css]
[centralindiaexport.com/wp-content/themes/woodmart/css/parts/woo-widget-active-filters.min9e2d.css]
[centralindiaexport.com/wp-content/themes/woodmart/css/parts/woo-shop-predefined.min9e2d.css]
[centralindiaexport.com/product-category/instruments/forceps/corneal-fixation-forceps/feed/index.html]
[centralindiaexport.com/wp-content/themes/woodmart/css/parts/woo-categories-loop-nav.min9e2d.css]
[centralindiaexport.com/wp-content/themes/woodmart/css/parts/woo-categories-loop-nav-mobile-accordion.min9e2d.css]
[centralindiaexport.com/wp-content/themes/woodmart/css/parts/woo-shop-el-products-per-page.min9e2d.css]
[centralindiaexport.com/wp-content/themes/woodmart/css/parts/woo-shop-page-title.min9e2d.css]
[centralindiaexport.com/wp-content/themes/woodmart/css/parts/woo-mod-shop-loop-head.min9e2d.css]
[centralindiaexport.com/wp-content/themes/woodmart/css/parts/woo-shop-el-order-by.min9e2d.css]
[centralindiaexport.com/wp-content/themes/woodmart/css/parts/woo-shop-el-products-view.min9e2d.css]
[centralindiaexport.com/wp-content/themes/woodmart/css/parts/page-title.min9e2d.css]
[centralindiaexport.com/wp-content/themes/woodmart/css/parts/opt-off-canvas-sidebar.min9e2d.css]
[centralindiaexport.com/wp-content/themes/woodmart/css/parts/woo-shop-el-filters-area.min9e2d.css]
[centralindiaexport.com/wp-content/themes/woodmart/css/parts/woo-product-loop-base.min9e2d.css]
[centralindiaexport.com/wp-content/themes/woodmart/css/parts/mod-more-description.min9e2d.css]
[centralindiaexport.com/wp-content/themes/woodmart/css/parts/woo-categories-loop-default-old.min9e2d.css]
[centralindiaexport.com/wp-content/themes/woodmart/css/parts/woo-categories-loop-old.min9e2d.css]
[centralindiaexport.com/wp-content/themes/woodmart/css/parts/mod-sticky-sidebar-opener.min9e2d.css]
[centralindiaexport.com/wp-json/wp/v2/product_cat/139.json]
[centralindiaexport.com/wp-content/uploads/2021/08/cat-flower.svg]
[centralindiaexport.com/wp-content/uploads/2024/04/Keratome_2.8mm_blade_KHrjxWc-215x215.webp]
[centralindiaexport.com/wp-content/uploads/2024/04/quadhaptic-215x215.jpg]
[centralindiaexport.com/product-category/instruments/all-instruments/corneoscleral-punch/index.html]
[centralindiaexport.com/product-category/instruments/lacrimal-instruments/corneoscleral-punch-lacrimal-instruments/index.html]
[centralindiaexport.com/wp-content/uploads/2024/04/original-215x215.jpg]
[centralindiaexport.com/product-category/instruments/lacrimal-instruments/probes-and-dilators/index.html]
[centralindiaexport.com/product-category/instruments/miscellaneous/cataract-phakonit-set/index.html]
[centralindiaexport.com/wp-content/uploads/2024/05/3-Piece-Intraocular-lens-215x215.jpg]
[centralindiaexport.com/product-category/instruments/lacrimal-instruments/punches/index.html]
[centralindiaexport.com/product-category/instruments/miscellaneous/needles/index.html]
[centralindiaexport.com/wp-content/uploads/2024/04/Yellow-Filter-Hydrophilic-Acrylic-Foldable-IOLs-With-360-Square-Edge-Optics-215x215.jpg]
[centralindiaexport.com/product-category/instruments/miscellaneous/cystotomes/index.html]
[centralindiaexport.com/product-category/instruments/miscellaneous/phaco-tips/index.html]
[centralindiaexport.com/wp-content/uploads/2024/04/Hydrophilic-Acrylic-Foldable-Intraocular-Lenses-1-215x215.jpg]
[centralindiaexport.com/product-category/instruments/miscellaneous/vitreo-retinal-instruments/index.html]
[centralindiaexport.com/product-category/instruments/needle-holder/blade/index.html]
[centralindiaexport.com/wp-content/uploads/2024/04/IOVUE-pmma-phaco-lens-IPS5525-215x215.jpg]
[centralindiaexport.com/product-category/instruments/needle-holder/blade-breaker-and-holder/index.html]
[centralindiaexport.com/product-category/instruments/needle-holder/castroviejo-needle-holder/index.html]
[centralindiaexport.com/product-category/instruments/needle-holder/mc-pherson-needle-holder/index.html]
[centralindiaexport.com/product-category/instruments/needle-holder/superior-rectus-needle-holder/index.html]
[centralindiaexport.com/wp-content/uploads/2024/04/drape-plus-final-proof-215x215.jpg]
[centralindiaexport.com/product-category/instruments/scissors/conjunctiva-scissors/index.html]
[centralindiaexport.com/product-category/instruments/needle-holder/troutman-needle-holder/index.html]
[centralindiaexport.com/wp-content/uploads/2024/04/MVR_Blade_Angled_19G_20G-215x215.jpeg]
[centralindiaexport.com/product-category/instruments/scissors/corneal-scissors/index.html]
[centralindiaexport.com/product-category/instruments/scissors/corneal-transplant-scissors/index.html]
[centralindiaexport.com/wp-content/uploads/2024/04/Ophthalmic-Knife-Crescent-215x215.png]
[centralindiaexport.com/product-category/instruments/scissors/corneoscleral-scissors/index.html]
[centralindiaexport.com/product-category/instruments/scissors/endocapsular-scissors/index.html]
[centralindiaexport.com/wp-content/uploads/2024/04/iris-claw-lens-215x200.jpg]
[centralindiaexport.com/product-category/instruments/scissors/enucleation-scissors/index.html]
[centralindiaexport.com/product-category/instruments/scissors/eye-scissors/index.html]
[centralindiaexport.com/product-category/instruments/forceps/corneal-fixation-forceps/index.html]
[centralindiaexport.com/product-category/instruments/forceps/corneal-forceps/index.html]
[centralindiaexport.com/product-category/instruments/forceps/fixation-and-superior-rectus-forceps/index.html]
[centralindiaexport.com/product-category/instruments/forceps/foldable-iol-forceps/index.html]
[centralindiaexport.com/product-category/instruments/forceps/hoskin-forceps/index.html]
[centralindiaexport.com/product-category/instruments/forceps/intraocular-forceps/index.html]
[centralindiaexport.com/product-category/instruments/forceps/corneal-fixation-forceps/index1c07.html]
[centralindiaexport.com/product-category/instruments/forceps/corneal-fixation-forceps/indexbd2b.html]
[centralindiaexport.com/wp-json/wp/v2/product_cat/145.138.delayed]
[centralindiaexport.com/product-category/instruments/forceps/corneal-fixation-forceps/index2510.html]
[centralindiaexport.com/product-category/instruments/forceps/corneal-fixation-forceps/indexca5c.html]
[centralindiaexport.com/wp-content/uploads/2024/04/Iris-Forceps-Botvin-215x215.jpg]
[centralindiaexport.com/product-category/instruments/forceps/corneal-fixation-forceps/index27e6.html]
[centralindiaexport.com/product-category/instruments/forceps/corneal-fixation-forceps/indexcc7b.html]
[centralindiaexport.com/wp-content/uploads/2024/04/Iris-Forceps-Colibri-215x215.jpg]
[centralindiaexport.com/product-category/instruments/forceps/corneal-fixation-forceps/index475d.html]
[centralindiaexport.com/product-category/instruments/forceps/fixation-and-superior-rectus-forceps/feed/index.html]
[centralindiaexport.com/wp-content/uploads/2024/04/Iris-Forceps-Gill-215x215.jpg]
[centralindiaexport.com/product/kramer-corneal-fixation-forceps/index.html]
[centralindiaexport.com/wp-content/uploads/2024/04/Iris-Forceps-Hess-215x215.jpg]
[centralindiaexport.com/product-category/instruments/forceps/fixation-and-superior-rectus-forceps/indexca5c.html]
[centralindiaexport.com/product-category/instruments/forceps/fixation-and-superior-rectus-forceps/index1c07.html]
[centralindiaexport.com/wp-content/uploads/2024/04/Iris-Forceps-Swiss-215x215.jpg]
[centralindiaexport.com/product-category/instruments/forceps/fixation-and-superior-rectus-forceps/index27e6.html]
[centralindiaexport.com/wp-content/uploads/happyaddons/css/ha-8187481.css]
[centralindiaexport.com/product-category/instruments/forceps/iris-forceps/index.html]
[centralindiaexport.com/product-category/instruments/forceps/fixation-and-superior-rectus-forceps/index2510.html]
[centralindiaexport.com/product-category/instruments/forceps/fixation-and-superior-rectus-forceps/indexbd2b.html]
[centralindiaexport.com/product-category/instruments/forceps/fixation-and-superior-rectus-forceps/indexcc7b.html]
[centralindiaexport.com/product-category/instruments/forceps/fixation-and-superior-rectus-forceps/index475d.html]
[centralindiaexport.com/wp-json/wp/v2/product_cat/146.json]
[centralindiaexport.com/product/bores-fixation-and-superior-rectus-forceps/index.html]
[centralindiaexport.com/product/dastoor-fixation-and-superior-rectus-forceps/index.html]
[centralindiaexport.com/wp-content/uploads/2024/04/Jewelers-Forceps-Dodick-215x215.jpg]
[centralindiaexport.com/product/elsching-fixation-and-superior-rectus-forceps/index.html]
[centralindiaexport.com/product/fixation-fixation-and-superior-rectus-forceps/index.html]
[centralindiaexport.com/wp-content/uploads/2024/04/Jewelers-Forceps-Foreign-Body-215x215.jpg]
[centralindiaexport.com/product/graefe-fixation-and-superior-rectus-forceps/index.html]
[centralindiaexport.com/product/fixation-fixation-and-superior-rectus-forceps-2/index.html]
[centralindiaexport.com/wp-content/uploads/2024/04/Jewelers-Forceps-Multi-Purpose-215x215.jpg]
[centralindiaexport.com/product/green-fixation-and-superior-rectus-forceps/index.html]
[centralindiaexport.com/product-category/instruments/forceps/foldable-iol-forceps/feed/index.html]
[centralindiaexport.com/wp-content/uploads/2024/04/Osher-Jewelers-Forceps-215x215.jpg]
[centralindiaexport.com/product/lester-fixation-and-superior-rectus-forceps/index.html]
[centralindiaexport.com/wp-content/uploads/2024/04/Mcpherson_Suture_Tying_Forcep_TEETH_2-215x215.jpg]
[centralindiaexport.com/product-category/instruments/forceps/foldable-iol-forceps/indexca5c.html]
[centralindiaexport.com/wp-content/uploads/happyaddons/css/ha-8182deb.css]
[centralindiaexport.com/product-category/instruments/forceps/jewelers-forceps/index.html]
[centralindiaexport.com/product-category/instruments/forceps/foldable-iol-forceps/index27e6.html]
[centralindiaexport.com/product-category/instruments/forceps/foldable-iol-forceps/index1c07.html]
[centralindiaexport.com/product-category/instruments/forceps/foldable-iol-forceps/indexbd2b.html]
[centralindiaexport.com/product-category/instruments/forceps/foldable-iol-forceps/index2510.html]
[centralindiaexport.com/wp-json/wp/v2/product_cat/147.json]
[centralindiaexport.com/product-category/instruments/forceps/foldable-iol-forceps/indexcc7b.html]
[centralindiaexport.com/product/foldable-iol-force-foldable-iol-forceps/index.html]
[centralindiaexport.com/wp-content/uploads/2024/04/Lasik-Forceps-Buratto-215x215.jpg]
[centralindiaexport.com/product-category/instruments/forceps/foldable-iol-forceps/index475d.html]
[centralindiaexport.com/product/kellan-foldable-iol-forceps/index.html]
[centralindiaexport.com/wp-content/uploads/2024/04/Lasik-Forceps-Perone-215x215.jpg]
[centralindiaexport.com/product/phaco-folder-foldable-iol-forceps/index.html]
[centralindiaexport.com/product-category/instruments/forceps/iris-forceps/feed/index.html]
[centralindiaexport.com/product/universal-lens-ins-foldable-iol-forceps/index.html]
[centralindiaexport.com/wp-content/uploads/happyaddons/css/ha-818b019.css]
[centralindiaexport.com/product-category/instruments/forceps/lasik-forceps/index.html]
[centralindiaexport.com/product-category/instruments/forceps/iris-forceps/indexca5c.html]
[centralindiaexport.com/product-category/instruments/forceps/iris-forceps/index1c07.html]
[centralindiaexport.com/product-category/instruments/forceps/iris-forceps/indexbd2b.html]
[centralindiaexport.com/product-category/instruments/forceps/iris-forceps/index27e6.html]
[centralindiaexport.com/wp-json/wp/v2/product_cat/148.json]
[centralindiaexport.com/product-category/instruments/forceps/iris-forceps/index2510.html]
[centralindiaexport.com/product-category/instruments/forceps/iris-forceps/indexcc7b.html]
[centralindiaexport.com/wp-content/uploads/2024/04/Mosquito-Forceps-Baby-Jones-215x215.jpg]
[centralindiaexport.com/product-category/instruments/forceps/iris-forceps/index475d.html]
[centralindiaexport.com/product/botvin-iris-forceps/index.html]
[centralindiaexport.com/wp-content/uploads/happyaddons/css/ha-818c160.css]
[centralindiaexport.com/product-category/instruments/forceps/mosquito-forceps/index.html]
[centralindiaexport.com/product-category/instruments/forceps/muscle-forceps/index.html]
[centralindiaexport.com/wp-content/uploads/happyaddons/css/ha-81885cb.css]
[centralindiaexport.com/wp-content/uploads/happyaddons/css/ha-818fee4.css]
[centralindiaexport.com/product-category/instruments/forceps/prechop-forceps/index.html]
[centralindiaexport.com/wp-content/uploads/happyaddons/css/ha-8184787.css]
[centralindiaexport.com/product-category/instruments/forceps/suturing-forceps/index.html]
[centralindiaexport.com/wp-content/uploads/happyaddons/css/ha-8184ca5.css]
[centralindiaexport.com/product-category/instruments/forceps/tissue-forceps/index.html]
[centralindiaexport.com/wp-content/uploads/happyaddons/css/ha-818dd31.css]
[centralindiaexport.com/product-category/instruments/forceps/tying-forceps/index.html]
[centralindiaexport.com/wp-content/uploads/happyaddons/css/ha-8187861.css]
[centralindiaexport.com/product-category/instruments/forceps/vitreous-forceps/index.html]
[centralindiaexport.com/wp-content/uploads/happyaddons/css/ha-8188e64.css]
[centralindiaexport.com/product-category/instruments/scissors/index.html]
[centralindiaexport.com/wp-content/uploads/happyaddons/css/ha-818cfac.css]
[centralindiaexport.com/product-category/intraocular-lenses/index.html]
[centralindiaexport.com/wp-content/uploads/happyaddons/css/ha-818f00e.css]
[centralindiaexport.com/product-category/intraocular-lenses/disposable-injector-cartridge/index.html]
[centralindiaexport.com/wp-content/uploads/happyaddons/css/ha-8183f0e.css]
[centralindiaexport.com/product-category/intraocular-lenses/foldable-hydrophilic-square-edge/index.html]
[centralindiaexport.com/wp-content/uploads/happyaddons/css/ha-818cca9.css]
[centralindiaexport.com/product-category/intraocular-lenses/hydrophobic-foldable/index.html]
[centralindiaexport.com/product-category/intraocular-lenses/non-foldable-pmma/index.html]
[centralindiaexport.com/wp-content/uploads/happyaddons/css/ha-818f762.css]
[centralindiaexport.com/wp-content/uploads/happyaddons/css/ha-818fd33.css]
[centralindiaexport.com/product-category/intraocular-lenses/pmma-and-advance-capsular-tension-ring-ctr/index.html]
[centralindiaexport.com/wp-content/uploads/happyaddons/css/ha-8188996.css]
[centralindiaexport.com/product-category/intraocular-lenses/three-piece-lenses/index.html]
[centralindiaexport.com/wp-content/uploads/happyaddons/css/ha-8187b49.css]
[centralindiaexport.com/product-category/micro-surgical-blades/index.html]
[centralindiaexport.com/wp-content/uploads/happyaddons/css/ha-8183a40.css]
[centralindiaexport.com/product-category/miscellaneouss/index.html]
[centralindiaexport.com/wp-content/uploads/happyaddons/css/ha-818e48e.css]
[centralindiaexport.com/product-category/ophthalmic-solutions/index.html]
[centralindiaexport.com/wp-content/uploads/happyaddons/css/ha-81857a1.css]
[centralindiaexport.com/product-category/retina-equipments/index.html]
[centralindiaexport.com/wp-content/uploads/happyaddons/css/ha-818.1c4b44b.delayed]
[centralindiaexport.com/product-category/uncategorised/index.html]
[centralindiaexport.com/wp-content/uploads/happyaddons/css/ha-81827c7.css]
[centralindiaexport.com/product-category/vision-drum-acuity-chart/index.html]
[centralindiaexport.com/wp-content/uploads/happyaddons/css/ha-81812b2.css]
[centralindiaexport.com/my-account/index.html]
[centralindiaexport.com/wp-content/uploads/happyaddons/css/ha-8183471.css]
[centralindiaexport.com/wishlist/index.html]
[centralindiaexport.com/cart/index.html]
[centralindiaexport.com/wp-content/uploads/2024/03/Logo-2.html]
[centralindiaexport.com/wp-content/uploads/2024/04/5.html]
[centralindiaexport.com/wp-content/uploads/elementor/css/post-15649f638.html]
[centralindiaexport.com/non-foldable-pmma/index.html]
[centralindiaexport.com/product/harms-tying-forceps/index.html]
[centralindiaexport.com/product-category/instruments/forceps/tying-forceps/index475d.html]
[centralindiaexport.com/product/jaffe-tying-forceps/index.html]
[centralindiaexport.com/product/jayle-tying-forceps/index.html]
[centralindiaexport.com/wp-json/oembed/1.0/embed3601.json]
[centralindiaexport.com/product/kelman-mc-pherson-tying-forceps/index.html]
[centralindiaexport.com/product/mc-pherson-tying-forceps/index.html]
[centralindiaexport.com/product/sinskey-tying-forceps/index.html]
[centralindiaexport.com/product/tennant-tying-forceps/index.html]
[centralindiaexport.com/wp-json/oembed/1.0/embed8f99]
[centralindiaexport.com/product-category/instruments/forceps/vitreous-forceps/indexca5c.html]
[centralindiaexport.com/product-category/instruments/forceps/vitreous-forceps/feed/index.html]
[centralindiaexport.com/wp-content/uploads/elementor/css/post-19559f708.css]
[centralindiaexport.com/product-category/instruments/forceps/vitreous-forceps/index27e6.html]
[centralindiaexport.com/wp-content/themes/woodmart/css/parts/woo-product-loop-list.min9e2d.css]
[centralindiaexport.com/product-category/instruments/forceps/vitreous-forceps/index1c07.html]
[centralindiaexport.com/product-category/instruments/forceps/vitreous-forceps/indexbd2b.html]
[centralindiaexport.com/product-category/instruments/forceps/vitreous-forceps/index2510.html]
[centralindiaexport.com/wp-json/wp/v2/pages/19559.json]
[centralindiaexport.com/product-category/instruments/forceps/vitreous-forceps/indexcc7b.html]
[centralindiaexport.com/product-category/instruments/scissors/feed/index.html]
[centralindiaexport.com/product-category/instruments/forceps/vitreous-forceps/index475d.html]
[centralindiaexport.com/wp-content/uploads/2024/04/Hydrophilic-Acrylic-Foldable-Intraocular-Lenses-1-800x800.jpg]
[centralindiaexport.com/product/vitreous-vitreous-forceps/index.html]
[centralindiaexport.com/wp-content/uploads/2024/03/preview-removebg-preview.png]
[centralindiaexport.com/product-category/instruments/scissors/indexca5c.html]
[centralindiaexport.com/product-category/instruments/scissors/index27e6.html]
[centralindiaexport.com/wp-content/uploads/2024/04/quadhaptic.jpg]
[centralindiaexport.com/product-category/instruments/scissors/index1c07.html]
[centralindiaexport.com/product-category/instruments/scissors/indexbd2b.html]
[centralindiaexport.com/product-category/instruments/scissors/index2510.html]
[centralindiaexport.com/wp-content/uploads/2024/04/Quadhaptic_Foldable_wcBzDNQ.png]
[centralindiaexport.com/product-category/instruments/scissors/indexcc7b.html]
[centralindiaexport.com/wp-content/uploads/2024/04/Yellow-Filter-Hydrophilic-Acrylic-Foldable-IOLs-With-360-Square-Edge-Optics-800x800.jpg]
[centralindiaexport.com/product-category/instruments/scissors/index475d.html]
[centralindiaexport.com/product/barraquer-micro-iris-scissors/index.html]
[centralindiaexport.com/wp-content/uploads/2024/04/3-2.png]
[centralindiaexport.com/wp-content/uploads/happyaddons/css/ha-8183490.css]
[centralindiaexport.com/foldable-hydrophilic-square-edge/index.html]
[centralindiaexport.com/wp-content/uploads/2024/04/3.html]
[centralindiaexport.com/product/castroviejo-corneal-scissors/index.html]
[centralindiaexport.com/wp-content/uploads/elementor/css/post-18241f638.html]
[centralindiaexport.com/product/castroviejo-corneoscleral-scissors/index.html]
[centralindiaexport.com/wp-content/uploads/elementor/css/post-716f638.html]
[centralindiaexport.com/product/castroviejo-keratoplasty-scissors/index.html]
[centralindiaexport.com/wp-content/uploads/elementor/css/post-722f638.html]
[centralindiaexport.com/product/de-weckers-conjunctiva-scissors/index.html]
[centralindiaexport.com/product/enucleation-scissors/index.html]
[centralindiaexport.com/product/eye-scissors/index.html]
[centralindiaexport.com/wp-json/wp/v2/product_cat/93.json]
[centralindiaexport.com/product/fine-vannas-scissors/index.html]
[centralindiaexport.com/product/hoffer-stern-capsulotomy-scissors/index.html]
[centralindiaexport.com/wp-content/uploads/happyaddons/css/ha-8187d8f.css]
[centralindiaexport.com/product-category/instruments/needle-holder/index.html]
[centralindiaexport.com/product-category/instruments/scissors/page/2/index.html]
[centralindiaexport.com/product/intraocular-scissors/index.html]
[centralindiaexport.com/product/iris-scissors/index.html]
[centralindiaexport.com/product/jaffe-conjunctiva-scissors/index.html]
[centralindiaexport.com/product-category/intraocular-lenses/feed/index.html]
[centralindiaexport.com/product-category/intraocular-lenses/disposable-injector-cartridge/feed/index.html]
[centralindiaexport.com/wp-json/wp/v2/product_cat/94.json]
[centralindiaexport.com/product-category/intraocular-lenses/disposable-injector-cartridge/indexca5c.html]
[centralindiaexport.com/wp-content/uploads/happyaddons/css/ha-8187681.css]
[centralindiaexport.com/product-category/instruments/lacrimal-instruments/index.html]
[centralindiaexport.com/product-category/intraocular-lenses/disposable-injector-cartridge/index1c07.html]
[centralindiaexport.com/product-category/intraocular-lenses/disposable-injector-cartridge/index27e6.html]
[centralindiaexport.com/product-category/intraocular-lenses/disposable-injector-cartridge/index2510.html]
[centralindiaexport.com/product-category/intraocular-lenses/disposable-injector-cartridge/indexbd2b.html]
[centralindiaexport.com/wp-json/wp/v2/product_cat/96.json]
[centralindiaexport.com/product-category/instruments/miscellaneous/index.html]
[centralindiaexport.com/product-category/intraocular-lenses/disposable-injector-cartridge/indexcc7b.html]
[centralindiaexport.com/product-category/intraocular-lenses/disposable-injector-cartridge/index475d.html]
[centralindiaexport.com/wp-content/uploads/2024/04/9.html]
[centralindiaexport.com/wp-content/uploads/2024/04/8.html]
[centralindiaexport.com/wp-content/uploads/2024/04/7.html]
[centralindiaexport.com/wp-content/uploads/2024/04/1.html]
[centralindiaexport.com/product-category/intraocular-lenses/foldable-hydrophilic-square-edge/indexbd2b.html]
[centralindiaexport.com/wp-content/uploads/2024/04/6.html]
[centralindiaexport.com/product-category/intraocular-lenses/foldable-hydrophilic-square-edge/index2510.html]
[centralindiaexport.com/wp-content/uploads/2024/04/2.html]
[centralindiaexport.com/product-category/intraocular-lenses/hydrophobic-foldable/feed/index.html]
[centralindiaexport.com/wp-content/uploads/2024/04/4.html]
[centralindiaexport.com/product-category/intraocular-lenses/foldable-hydrophilic-square-edge/indexcc7b.html]
[centralindiaexport.com/wp-content/uploads/2024/07/10-01.html]
[centralindiaexport.com/product-category/intraocular-lenses/foldable-hydrophilic-square-edge/index475d.html]
[centralindiaexport.com/wp-content/uploads/2024/07/11-01.html]
[centralindiaexport.com/product-category/intraocular-lenses/hydrophobic-foldable/indexca5c.html]
[centralindiaexport.com/product-category/intraocular-lenses/hydrophobic-foldable/index1c07.html]
[centralindiaexport.com/product-category/intraocular-lenses/hydrophobic-foldable/index27e6.html]
[centralindiaexport.com/wp-content/uploads/happyaddons/css/ha-8184092.css]
[centralindiaexport.com/product-category/intraocular-lenses/hydrophobic-foldable/indexbd2b.html]
[centralindiaexport.com/product-category/intraocular-lenses/hydrophobic-foldable/index2510.html]
[centralindiaexport.com/wp-content/themes/woodmart/js/libs/isotope-bundle.min9e2d.js]
[centralindiaexport.com/product-category/intraocular-lenses/hydrophobic-foldable/index475d.html]
[centralindiaexport.com/product-category/intraocular-lenses/hydrophobic-foldable/indexcc7b.html]
[centralindiaexport.com/wp-content/themes/woodmart/js/scripts/global/masonryLayout.min9e2d.js]
[centralindiaexport.com/blog/index.html]
[centralindiaexport.com/product-category/intraocular-lenses/non-foldable-pmma/feed/index.html]
[centralindiaexport.com/product-category/intraocular-lenses/non-foldable-pmma/indexca5c.html]
[centralindiaexport.com/shop/index.html]
[centralindiaexport.com/product-category/intraocular-lenses/non-foldable-pmma/index1c07.html]
[centralindiaexport.com/product-category/intraocular-lenses/non-foldable-pmma/index27e6.html]
[centralindiaexport.com/product-category/intraocular-lenses/non-foldable-pmma/indexbd2b.html]
[centralindiaexport.com/product-category/intraocular-lenses/non-foldable-pmma/index2510.html]
[centralindiaexport.com/product-category/intraocular-lenses/non-foldable-pmma/indexcc7b.html]
[centralindiaexport.com/product-category/intraocular-lenses/non-foldable-pmma/index475d.html]
[centralindiaexport.com/product-category/intraocular-lenses/pmma-and-advance-capsular-tension-ring-ctr/feed/index.html]
[centralindiaexport.com/wp-json/oembed/1.0/embed8dfc.json]
[centralindiaexport.com/product-category/intraocular-lenses/pmma-and-advance-capsular-tension-ring-ctr/indexca5c.html]
[centralindiaexport.com/product-category/intraocular-lenses/pmma-and-advance-capsular-tension-ring-ctr/index1c07.html]
[centralindiaexport.com/product-category/intraocular-lenses/pmma-and-advance-capsular-tension-ring-ctr/index27e6.html]
[centralindiaexport.com/wp-json/oembed/1.0/embed84f8]
[centralindiaexport.com/product-category/intraocular-lenses/pmma-and-advance-capsular-tension-ring-ctr/index2510.html]
[centralindiaexport.com/product-category/intraocular-lenses/pmma-and-advance-capsular-tension-ring-ctr/indexbd2b.html]
[centralindiaexport.com/wp-content/uploads/elementor/css/post-44005437.css]
[centralindiaexport.com/product-category/intraocular-lenses/pmma-and-advance-capsular-tension-ring-ctr/indexcc7b.html]
[centralindiaexport.com/product-category/intraocular-lenses/three-piece-lenses/feed/index.html]
[centralindiaexport.com/wp-content/themes/woodmart/css/parts/el-counter.min9e2d.css]
[centralindiaexport.com/product-category/intraocular-lenses/pmma-and-advance-capsular-tension-ring-ctr/index475d.html]
[centralindiaexport.com/product-category/intraocular-lenses/three-piece-lenses/indexca5c.html]
[centralindiaexport.com/wp-json/wp/v2/pages/4400.json]
[centralindiaexport.com/wp-content/uploads/happyaddons/css/ha-818c874.css]
[centralindiaexport.com/product-category/intraocular-lenses/three-piece-lenses/index1c07.html]
[centralindiaexport.com/wp-content/themes/woodmart/js/scripts/elements/counter.min9e2d.js]
[centralindiaexport.com/about-us/index.html]
[centralindiaexport.com/product-category/intraocular-lenses/three-piece-lenses/index27e6.html]
[centralindiaexport.com/product-category/intraocular-lenses/three-piece-lenses/indexbd2b.html]
[centralindiaexport.com/product-category/intraocular-lenses/three-piece-lenses/indexcc7b.html]
[centralindiaexport.com/product-category/intraocular-lenses/three-piece-lenses/index2510.html]
[centralindiaexport.com/wp-json/oembed/1.0/embed08bf.json]
[centralindiaexport.com/product-category/micro-surgical-blades/feed/index.html]
[centralindiaexport.com/product-category/intraocular-lenses/three-piece-lenses/index475d.html]
[centralindiaexport.com/product-category/micro-surgical-blades/indexca5c.html]
[centralindiaexport.com/product-category/micro-surgical-blades/index1c07.html]
[centralindiaexport.com/wp-json/oembed/1.0/embedd2ee]
[centralindiaexport.com/product-category/micro-surgical-blades/index27e6.html]
[centralindiaexport.com/wp-content/uploads/elementor/css/post-4439a7a7.css]
[centralindiaexport.com/product-category/micro-surgical-blades/indexbd2b.html]
[centralindiaexport.com/product-category/micro-surgical-blades/index2510.html]
[centralindiaexport.com/wp-content/themes/woodmart/css/parts/el-map.min9e2d.css]
[centralindiaexport.com/product-category/micro-surgical-blades/indexcc7b.html]
[centralindiaexport.com/product-category/miscellaneouss/feed/index.html]
[centralindiaexport.com/product-category/micro-surgical-blades/index475d.html]
[centralindiaexport.com/product-category/miscellaneouss/indexca5c.html]
[centralindiaexport.com/wp-content/themes/woodmart/css/parts/el-accordion.min9e2d.css]
[centralindiaexport.com/wp-content/uploads/happyaddons/css/ha-818c06b.css]
[centralindiaexport.com/contact-us/index.html]
[centralindiaexport.com/wp-content/plugins/revslider/public/assets/assets/dummy.html]
[centralindiaexport.com/product/exophthalmometer/index.html]
[centralindiaexport.com/product/iris-button/index.html]
[centralindiaexport.com/product/ophthalmic-impression-tray/index.html]
[centralindiaexport.com/wp-json/oembed/1.0/embedc48c.json]
[centralindiaexport.com/product/pmma-corneal-eye-protectors/index.html]
[centralindiaexport.com/product/silicone-eye-balls-orbital-implant/index.html]
[centralindiaexport.com/product/trial-frame/index.html]
[centralindiaexport.com/product/suction-pump/index.html]
[centralindiaexport.com/wp-json/oembed/1.0/embedb7fa]
[centralindiaexport.com/product-category/ophthalmic-solutions/feed/index.html]
[centralindiaexport.com/product/trial-lens-set/index.html]
[centralindiaexport.com/product-category/ophthalmic-solutions/indexca5c.html]
[centralindiaexport.com/product-category/ophthalmic-solutions/index1c07.html]
[centralindiaexport.com/wp-content/themes/woodmart/css/parts/woo-single-prod-el-base.min9e2d.css]
[centralindiaexport.com/product-category/ophthalmic-solutions/indexbd2b.html]
[centralindiaexport.com/product-category/ophthalmic-solutions/index27e6.html]
[centralindiaexport.com/wp-content/themes/woodmart/css/parts/woo-mod-stock-status.min9e2d.css]
[centralindiaexport.com/product-category/ophthalmic-solutions/index2510.html]
[centralindiaexport.com/product-category/ophthalmic-solutions/indexcc7b.html]
[centralindiaexport.com/wp-content/themes/woodmart/css/parts/woo-mod-shop-attributes.min9e2d.css]
[centralindiaexport.com/product-category/ophthalmic-solutions/index475d.html]
[centralindiaexport.com/product/carbachol-intraocular-solution-carbachol-intraocular-solution/index.html]
[centralindiaexport.com/wp-content/themes/woodmart/css/parts/woo-single-prod-predefined.min9e2d.css]
[centralindiaexport.com/product/fluorescein-sodium-injection-10-and-20/index.html]
[centralindiaexport.com/product/sodium-hyaluronate-sodium-hyaluronate/index.html]
[centralindiaexport.com/wp-content/themes/woodmart/css/parts/woo-single-prod-and-quick-view-predefined.min9e2d.css]
[centralindiaexport.com/product-category/retina-equipments/feed/index.html]
[centralindiaexport.com/product/trypan-blue-0-06-ophthalmic-solution-trypan-blue/index.html]
[centralindiaexport.com/product-category/retina-equipments/indexca5c.html]
[centralindiaexport.com/wp-content/themes/woodmart/css/parts/woo-single-prod-el-tabs-predefined.min9e2d.css]
[centralindiaexport.com/product-category/retina-equipments/index1c07.html]
[centralindiaexport.com/product-category/retina-equipments/index27e6.html]
[centralindiaexport.com/wp-content/themes/woodmart/css/parts/woo-single-prod-el-gallery.min9e2d.css]
[centralindiaexport.com/product-category/retina-equipments/indexbd2b.html]
[centralindiaexport.com/product-category/retina-equipments/index2510.html]
[centralindiaexport.com/wp-content/themes/woodmart/css/parts/woo-single-prod-el-gallery-opt-thumb-left-desktop.min9e2d.css]
[centralindiaexport.com/product-category/retina-equipments/indexcc7b.html]
[centralindiaexport.com/product-category/retina-equipments/index475d.html]
[centralindiaexport.com/wp-content/themes/woodmart/css/parts/lib-photoswipe.min9e2d.css]
[centralindiaexport.com/product/2-mirror-gonioscopy-retina-equipments/index.html]
[centralindiaexport.com/product/20-psi-vitrectomy-vitreoretinal-instruments/index.html]
[centralindiaexport.com/wp-content/themes/woodmart/css/parts/woo-single-prod-el-navigation.min9e2d.css]
[centralindiaexport.com/product/3-mirror-gonioscopy-retina-equipments/index.html]
[centralindiaexport.com/product/4-mirror-gonioscopy-retina-equipments/index.html]
[centralindiaexport.com/wp-content/themes/woodmart/css/parts/woo-single-prod-el-tabs-opt-layout-tabs.min9e2d.css]
[centralindiaexport.com/product/45-diaptor-vitreoretinal-instruments/index.html]
[centralindiaexport.com/product/90-diaptor-vitreoretinal-instruments/index.html]
[centralindiaexport.com/wp-content/themes/woodmart/css/parts/woo-single-prod-el-reviews.min9e2d.css]
[centralindiaexport.com/product/aspheric-lenses-retina-equipments/index.html]
[centralindiaexport.com/product/back-flush-flute-needle-with-silicon-tipped-cannula-retina-equipments/index.html]
[centralindiaexport.com/wp-content/themes/woodmart/css/parts/woo-single-prod-el-reviews-style-1.min9e2d.css]
[centralindiaexport.com/product/capsular-tension-ring-retina-equipments/index.html]
[centralindiaexport.com/product/cam-vision-stimulator-retina-equipments/index.html]
[centralindiaexport.com/wp-content/themes/woodmart/css/parts/mod-comments.min9e2d.css]
[centralindiaexport.com/product/cellulose-pva-sponge-spears-retina-equipments/index.html]
[centralindiaexport.com/product-category/retina-equipments/page/2/index.html]
[centralindiaexport.com/wp-content/plugins/woocommerce/assets/js/zoom/jquery.zoom.minb88d.js]
[centralindiaexport.com/product/charles-vitreoretinal-instruments/index.html]
[centralindiaexport.com/product-category/retina-equipments/page/4/index.html]
[centralindiaexport.com/product-category/retina-equipments/page/3/index.html]
[centralindiaexport.com/wp-content/plugins/yith-woocommerce-request-a-quote/assets/images/wpspin_light.gif]
[centralindiaexport.com/product/anterior-chamber-iols/index.html]
[centralindiaexport.com/wp-content/uploads/2024/04/pmma-AC-IAC-6025-150x150.html]
[centralindiaexport.com/wp-content/uploads/2024/04/pmma-anterior-chamber-AC-lens-150x150.html]
[centralindiaexport.com/product-category/uncategorised/page/3/index.html]
[centralindiaexport.com/product-category/uncategorised/page/2/index.html]
[centralindiaexport.com/product/algerbrush-lens-manipulators/index.html]
[centralindiaexport.com/wp-json/oembed/1.0/embedda99.json]
[centralindiaexport.com/product-category/uncategorised/page/4/index.html]
[centralindiaexport.com/product-category/uncategorised/page/44/index.html]
[centralindiaexport.com/product-category/uncategorised/page/43/index.html]
[centralindiaexport.com/wp-json/oembed/1.0/embed2a09]
[centralindiaexport.com/product-category/vision-drum-acuity-chart/feed/index.html]
[centralindiaexport.com/product-category/uncategorised/page/45/index.html]
[centralindiaexport.com/wp-json/wp/v2/product/18111.json]
[centralindiaexport.com/product-category/vision-drum-acuity-chart/indexca5c.html]
[centralindiaexport.com/product-category/vision-drum-acuity-chart/index1c07.html]
[centralindiaexport.com/wp-content/uploads/2024/04/Disposable-Injector-Cartridge.jpg]
[centralindiaexport.com/product-category/vision-drum-acuity-chart/indexbd2b.html]
[centralindiaexport.com/product-category/vision-drum-acuity-chart/index27e6.html]
[centralindiaexport.com/wp-content/uploads/2024/04/Disposable-Injector-Cartridge-700x840.jpg]
[centralindiaexport.com/product-category/vision-drum-acuity-chart/index2510.html]
[centralindiaexport.com/product-category/vision-drum-acuity-chart/indexcc7b.html]
[centralindiaexport.com/wp-content/uploads/2024/04/Corneal-Markers-Anis-215x215.jpg]
[centralindiaexport.com/product-category/vision-drum-acuity-chart/index475d.html]
[centralindiaexport.com/product/cyber-charts/index.html]
[centralindiaexport.com/wp-content/uploads/2024/04/Caliper-Castroviejo-215x215.jpg]
[centralindiaexport.com/product/distant-vision-drum-with-remote-cyber-charts/index.html]
[centralindiaexport.com/index3b72.html]
[centralindiaexport.com/wp-content/uploads/2024/04/Dissectors-Dastoor-215x215.jpg]
[centralindiaexport.com/wp-content/uploads/2024/04/caliper-jameson-215x215.jpg]
[centralindiaexport.com/wp-content/uploads/2024/04/AM-Lasik-Marker-215x215.jpg]
[centralindiaexport.com/wp-content/uploads/2024/04/Curettes-Meyerhoefer-215x182.jpg]
[centralindiaexport.com/non-foldable-pmma-capsular-tension-ringctr/index.html]
[centralindiaexport.com/wp-content/uploads/2024/04/Fixation-Rings-Shepard-Fixation-R-215x215.jpg]
[centralindiaexport.com/product/disposable-injector-cartridge/index.html]
[centralindiaexport.com/product-category/instruments/needle-holder/feed/index.html]
[centralindiaexport.com/product-category/instruments/lacrimal-instruments/feed/index.html]
[centralindiaexport.com/wp-content/uploads/2024/04/Disposable-Injector-Cartridge-150x150.html]
[centralindiaexport.com/product-category/instruments/miscellaneous/feed/index.html]
[centralindiaexport.com/wp-json/oembed/1.0/embedf1e5.json]
[centralindiaexport.com/about-us-3/index.html]
[centralindiaexport.com/product/anterior-chamber-iols/feed/index.html]
[centralindiaexport.com/wp-json/oembed/1.0/embed7546]
[centralindiaexport.com/product/anis-corneal-markers/index.html]
[centralindiaexport.com/wp-json/wp/v2/product/18108.json]
[centralindiaexport.com/product/castroviejo-caliper/index.html]
[centralindiaexport.com/product/dastoor-dissectors/index.html]
[centralindiaexport.com/wp-content/uploads/2024/04/Hydrophilic-Acrylic-Foldable-Intraocular-Lenses-1.jpg]
[centralindiaexport.com/product/jameson-caliper/index.html]
[centralindiaexport.com/product/lasik-marker-astigmatism-markers/index.html]
[centralindiaexport.com/wp-content/uploads/2024/04/Hydrophilic-Acrylic-Foldable-Intraocular-Lenses-1-700x700.jpg]
[centralindiaexport.com/product/meyerhoefer-curettes/index.html]
[centralindiaexport.com/product/shepard-fixation-r-fixation-rings/index.html]
[centralindiaexport.com/wp-content/uploads/2024/04/unnamed.jpg]
[centralindiaexport.com/product/stahl-caliper/index.html]
[centralindiaexport.com/wp-content/uploads/2024/03/preview-removebg-preview-150x97.png]
[centralindiaexport.com/wp-content/uploads/2024/04/unnamed-150x88.jpg]
[centralindiaexport.com/wp-content/uploads/2024/04/Cautery-Ball-Point-215x200.jpg]
[centralindiaexport.com/wp-content/uploads/2024/04/cautery-Cone-Type-215x215.jpg]
[centralindiaexport.com/wp-content/uploads/2024/04/caliper-osher-215x215.jpg]
[centralindiaexport.com/wp-content/uploads/2024/04/Dissectors-Paton-215x215.jpg]
[centralindiaexport.com/wp-content/uploads/2024/04/Fixation-Rings-Twist-Hook-215x200.jpg]
[centralindiaexport.com/product/hydrophilic-acrylic-foldable-intraocular-lenses/index.html]
[centralindiaexport.com/product/cautery-cone-type-cauteries/index.html]
[centralindiaexport.com/wp-content/uploads/2024/04/Hydrophilic-Acrylic-Foldable-Intraocular-Lenses-1-150x150.html]
[centralindiaexport.com/product/osher-caliper/index.html]
[centralindiaexport.com/wp-content/uploads/2024/03/preview-removebg-preview-150x150.html]
[centralindiaexport.com/product/paton-dissectors/index.html]
[centralindiaexport.com/product/cautery-ball-point-cauteries/index.html]
[centralindiaexport.com/wp-json/oembed/1.0/embed3a3c.json]
[centralindiaexport.com/product/hydrophobic-acrylic-3-piece-intraocular-lens/feed/index.html]
[centralindiaexport.com/product/twist-hook-fixation-rings/index.html]
[centralindiaexport.com/wp-json/oembed/1.0/embed79f1]
[centralindiaexport.com/wp-json/wp/v2/product/19585.json]
[centralindiaexport.com/wp-content/uploads/2024/05/3-Piece-Intraocular-lens.jpg]
[centralindiaexport.com/wp-content/uploads/2024/05/3-Piece-Intraocular-lens-700x700.jpg]
[centralindiaexport.com/wp-content/uploads/2024/05/Hydrophobic-Acrylic-3-Piece-Intraocular-Lens.png]
[centralindiaexport.com/wp-content/uploads/2024/05/Hydrophobic-Acrylic-3-Piece-Intraocular-Lens-700x700.png]
[centralindiaexport.com/wp-content/uploads/2024/04/Astigmatism-Markers-bores-215x215.jpg]
[centralindiaexport.com/wp-content/uploads/2024/04/Thornton-Fixation-Rings-215x215.jpg]
[centralindiaexport.com/wp-content/uploads/happyaddons/css/ha-818d3a5.css]
[centralindiaexport.com/product/hydrophobic-acrylic-3-piece-intraocular-lens/index.html]
[centralindiaexport.com/wp-content/uploads/2024/05/3-Piece-Intraocular-lens-150x150.html]
[centralindiaexport.com/wp-content/uploads/2024/05/Hydrophobic-Acrylic-3-Piece-Intraocular-Lens-150x150.html]
[centralindiaexport.com/product/galand-caliper/index.html]
[centralindiaexport.com/product/bores-astigmatism-markers/index.html]
[centralindiaexport.com/product/thornton-fixation-rings/index.html]
[centralindiaexport.com/wp-json/oembed/1.0/embed7bbe.json]
[centralindiaexport.com/wp-json/oembed/1.0/embed854a]
[centralindiaexport.com/wp-json/wp/v2/product/18110.json]
[centralindiaexport.com/wp-content/uploads/2024/04/Hydrophobic_Foldable_xIjRzXP.png]
[centralindiaexport.com/wp-content/uploads/2024/04/Hydrophobic_Foldable_xIjRzXP-700x424.png]
[centralindiaexport.com/wp-content/uploads/2024/04/Corneal-Markers-Osher-Neumann-215x215.jpg]
[centralindiaexport.com/wp-content/uploads/2024/04/caliper-ruler-215x215.jpg]
[centralindiaexport.com/product/hydrophobic-foldable-acrylic-intraocular-lenses/index.html]
[centralindiaexport.com/wp-content/uploads/2024/04/Hydrophobic_Foldable_xIjRzXP-150x150.html]
[centralindiaexport.com/product/osher-neumann-corneal-markers/index.html]
[centralindiaexport.com/wp-json/oembed/1.0/embede6fa.json]
[centralindiaexport.com/product/maloney-astigmatism-markers/index.html]
[centralindiaexport.com/product/ruler-caliper/index.html]
[centralindiaexport.com/product/iris-claw-lens/feed/index.html]
[centralindiaexport.com/wp-json/oembed/1.0/embed4208]
[centralindiaexport.com/wp-json/wp/v2/product/19468.json]
[centralindiaexport.com/wp-content/uploads/2024/04/iris-claw-lens.jpg]
[centralindiaexport.com/wp-content/uploads/2024/04/iris-claw.jpg]
[centralindiaexport.com/wp-content/uploads/2024/04/iris-claw-700x700.jpg]
[centralindiaexport.com/wp-content/uploads/2024/04/iris-claw-lens-150x103.jpg]
[centralindiaexport.com/wp-content/uploads/happyaddons/css/ha-8185a7d.css]
[centralindiaexport.com/product/iris-claw-lens/index.html]
[centralindiaexport.com/wp-content/uploads/2024/04/iris-claw-lens-150x150.html]
[centralindiaexport.com/wp-content/uploads/2024/04/iris-claw-150x150.html]
[centralindiaexport.com/product/pmma-3-piece-with-uv-absorbing-intraocular-lens/index.html]
[centralindiaexport.com/wp-content/uploads/2024/05/PMMA-3-Piece-with-UV-Absorbing-Intraocular-Lens-150x150.html]
[centralindiaexport.com/product/pmma-capsular-tension-ring-and-advance-capsular-tension-ring/index.html]
[centralindiaexport.com/wp-content/uploads/2024/04/ring-150x150.html]
[centralindiaexport.com/wp-content/uploads/2024/04/Capsule_Tension_Ring-150x150.html]
[centralindiaexport.com/wp-content/uploads/2026/08/xts-term-70-17868436349e2d.html]
[centralindiaexport.com/wp-content/uploads/2021/08/BestSellers-1.html]
[centralindiaexport.com/wp-content/uploads/2021/08/1-removebg-preview.html]
[centralindiaexport.com/product-category/intraocular-lenses/pmma/index.html]
[centralindiaexport.com/wp-content/uploads/2024/03/1-removebg-preview-1.html]
[centralindiaexport.com/wp-content/uploads/2024/03/4-removebg-preview.html]
[centralindiaexport.com/wp-content/uploads/2024/03/3ss-removebg-preview-1.html]
[centralindiaexport.com/wp-content/uploads/2024/04/Quad-Haptic.html]
[static-bundles.visme.co/forms/vismeforms-embed.html]
[centralindiaexport.com/wp-content/uploads/2024/04/1-2.html]
[centralindiaexport.com/wp-content/uploads/2024/04/3-2.html]
[centralindiaexport.com/wp-content/uploads/2024/04/4-2.html]
[centralindiaexport.com/wp-content/uploads/2024/04/2-2.html]
[centralindiaexport.com/wp-content/uploads/elementor/css/post-8187386.html]
[centralindiaexport.com/wp-content/uploads/2024/03/Logo-01-220x39.html]
[centralindiaexport.com/wp-content/uploads/elementor/css/post-157787386.html]
[centralindiaexport.com/enquiry/index.html]
[centralindiaexport.com/faqs/index.html]
[centralindiaexport.com/wp-content/themes/woodmart/images/payments.html]
[centralindiaexport.com/my-account/lost-password/index.html]
[centralindiaexport.com/my-account/index0ddc.html]
[centralindiaexport.com/wp-content/plugins/woocommerce/assets/client/blocks/wc-blocksb3eb.html]
[centralindiaexport.com/wp-content/uploads/elementor/css/custom-widget-icon-box.minf638.html]
[centralindiaexport.com/wp-content/plugins/interactive-geo-maps/assets/public/css/styles.min942d.html]
[centralindiaexport.com/wp-content/plugins/happy-elementor-addons/assets/vendor/hover-css/hover-css0599.html]
[centralindiaexport.com/wp-content/uploads/happyaddons/css/ha-8187c65.html]
[centralindiaexport.com/wp-content/plugins/revslider/public/assets/css/rs6ec8f.html]
[centralindiaexport.com/wp-content/themes/woodmart/js/scripts/wc/updateCartFragmentsFix9e2d.html]
[centralindiaexport.com/wp-content/plugins/click-to-chat-for-whatsapp/new/inc/assets/js/appd3c7.html]
[centralindiaexport.com/wp-includes/js/dist/hooks.min394d.html]
[centralindiaexport.com/wp-includes/js/dist/i18n.mineca5.html]
[centralindiaexport.com/wp-content/plugins/contact-form-7/includes/swv/js/indexc098.html]
[centralindiaexport.com/wp-content/plugins/contact-form-7/includes/js/indexc098.html]
[centralindiaexport.com/wp-content/plugins/revslider/public/assets/js/rbtools.minec8f.html]
[centralindiaexport.com/wp-content/plugins/revslider/public/assets/js/rs6.minec8f.html]
[centralindiaexport.com/wp-content/plugins/yith-woocommerce-request-a-quote/assets/js/frontend.min149b.html]
[centralindiaexport.com/wp-content/plugins/woocommerce/assets/js/sourcebuster/sourcebuster.mina151.html]
[centralindiaexport.com/wp-content/plugins/woocommerce/assets/js/frontend/order-attribution.mina151.html]
[centralindiaexport.com/wp-content/plugins/happy-elementor-addons/assets/js/extension-reading-progress-bar.min0599.html]
[centralindiaexport.com/wp-content/plugins/elementor/assets/js/webpack.runtime.mineda1.html]
[centralindiaexport.com/wp-content/plugins/elementor/assets/js/frontend-modules.mineda1.html]
[centralindiaexport.com/wp-includes/js/jquery/ui/core.minb37e.html]
[centralindiaexport.com/wp-content/plugins/elementor/assets/js/frontend.mineda1.html]
[centralindiaexport.com/wp-content/themes/woodmart/js/scripts/global/helpers.min9e2d.html]
[centralindiaexport.com/wp-content/themes/woodmart/js/scripts/wc/woocommerceNotices.min9e2d.html]
[centralindiaexport.com/wp-content/plugins/happy-elementor-addons/assets/js/happy-addons.min0599.html]
[centralindiaexport.com/wp-content/themes/woodmart/js/scripts/header/headerBuilder.min9e2d.html]
[centralindiaexport.com/wp-content/themes/woodmart/js/scripts/menu/menuOffsets.min9e2d.html]
[centralindiaexport.com/wp-content/themes/woodmart/js/scripts/menu/menuSetUp.min9e2d.html]
[centralindiaexport.com/wp-content/themes/woodmart/js/libs/autocomplete.min9e2d.html]
[centralindiaexport.com/wp-content/themes/woodmart/js/scripts/global/ajaxSearch.min9e2d.html]
[centralindiaexport.com/wp-content/themes/woodmart/js/scripts/menu/simpleDropdown.min9e2d.html]
[centralindiaexport.com/wp-content/themes/woodmart/js/scripts/wc/loginSidebar.min9e2d.html]
[centralindiaexport.com/wp-content/themes/woodmart/js/scripts/wc/wishlist.min9e2d.html]
[centralindiaexport.com/wp-content/themes/woodmart/js/scripts/wc/onRemoveFromCart.min9e2d.html]
[centralindiaexport.com/wp-content/themes/woodmart/js/scripts/wc/headerCategoriesMenu.min9e2d.html]
[centralindiaexport.com/wp-content/themes/woodmart/js/scripts/global/animations.min9e2d.html]
[centralindiaexport.com/wp-content/themes/woodmart/js/libs/waypoints.min9e2d.html]
[centralindiaexport.com/wp-content/themes/woodmart/js/scripts/wc/productsTabs.min9e2d.html]
[centralindiaexport.com/wp-content/themes/woodmart/js/scripts/wc/quickShop.min9e2d.html]
[centralindiaexport.com/wp-content/themes/woodmart/js/scripts/wc/swatchesVariations.min9e2d.html]
[centralindiaexport.com/wp-content/themes/woodmart/js/scripts/wc/addToCartAllTypes.min9e2d.html]
[centralindiaexport.com/wp-includes/js/underscore.min55e2.html]
[centralindiaexport.com/wp-includes/js/wp-util.min40dd.html]
[centralindiaexport.com/wp-content/plugins/woocommerce/assets/js/frontend/add-to-cart-variation.mina151.html]
[centralindiaexport.com/wp-content/themes/woodmart/js/libs/swiper.min9e2d.html]
[centralindiaexport.com/wp-content/themes/woodmart/js/scripts/global/swiperInit.min9e2d.html]
[centralindiaexport.com/wp-content/themes/woodmart/js/libs/magnific-popup.min9e2d.html]
[centralindiaexport.com/wp-content/themes/woodmart/js/scripts/wc/productImagesGallery.min9e2d.html]
[centralindiaexport.com/wp-content/themes/woodmart/js/scripts/wc/quickView.min9e2d.html]
[centralindiaexport.com/wp-content/themes/woodmart/js/libs/tooltips.min9e2d.html]
[centralindiaexport.com/wp-content/themes/woodmart/js/scripts/global/btnsToolTips.min9e2d.html]
[centralindiaexport.com/wp-content/themes/woodmart/js/scripts/wc/woocommerceQuantity.min9e2d.html]
[centralindiaexport.com/wp-includes/js/imagesloaded.minbb93.html]
[centralindiaexport.com/wp-content/themes/woodmart/js/scripts/wc/actionAfterAddToCart.min9e2d.html]
[centralindiaexport.com/wp-content/themes/woodmart/js/scripts/wc/productsLoadMore.min9e2d.html]
[centralindiaexport.com/wp-content/themes/woodmart/js/scripts/global/clickOnScrollButton.min9e2d.html]
[centralindiaexport.com/wp-content/themes/woodmart/js/scripts/elements/slider.min9e2d.html]
[centralindiaexport.com/wp-content/plugins/interactive-geo-maps/assets/public/map-service/app.min942d.html]
[centralindiaexport.com/wp-content/themes/woodmart/js/scripts/global/widgetCollapse.min9e2d.html]
[centralindiaexport.com/wp-content/themes/woodmart/js/scripts/global/scrollTop.min9e2d.html]
[centralindiaexport.com/wp-content/themes/woodmart/js/scripts/menu/mobileNavigation.min9e2d.html]
[centralindiaexport.com/wp-content/themes/woodmart/js/scripts/wc/cartWidget.min9e2d.html]
[centralindiaexport.com/wp-content/plugins/woocommerce/assets/js/frontend/cart-fragments.mina151.html]
[centralindiaexport.com/wp-content/plugins/elementor/assets/lib/font-awesome/webfonts/fa-brands-400.svg]
[centralindiaexport.com/wp-content/plugins/elementor/assets/lib/font-awesome/webfonts/fa-regular-400.svg]
[centralindiaexport.com/wp-content/plugins/elementor/assets/lib/font-awesome/webfonts/fa-solid-900.svg]
[centralindiaexport.com/wp-content/uploads/2021/08/wood-o-background.html]
[centralindiaexport.com/wp-content/plugins/happy-elementor-addons/assets/fonts/happy-icons.html]
[centralindiaexport.com/wp-content/plugins/happy-elementor-addons/assets/fonts/happy-icons.svg]
[centralindiaexport.com/wp-content/themes/woodmart/inc/admin/assets/images/calend-d.svg]
[centralindiaexport.com/wp-content/themes/woodmart/inc/admin/assets/images/calend-l.svg]
[centralindiaexport.com/wp-includes/css/dist/block-library/style.min40dd.css]
[centralindiaexport.com/wp-content/themes/woodmart/css/parts/woo-widget-active-filters.min9e2d.css]
[centralindiaexport.com/wp-content/themes/woodmart/css/parts/woo-shop-predefined.min9e2d.css]
[centralindiaexport.com/wp-content/themes/woodmart/css/parts/woo-categories-loop-nav.min9e2d.css]
[centralindiaexport.com/wp-content/themes/woodmart/css/parts/woo-categories-loop-nav-mobile-accordion.min9e2d.css]
[centralindiaexport.com/wp-content/themes/woodmart/css/parts/woo-shop-el-products-per-page.min9e2d.css]
[centralindiaexport.com/wp-content/themes/woodmart/css/parts/woo-shop-page-title.min9e2d.css]
[centralindiaexport.com/wp-content/themes/woodmart/css/parts/woo-mod-shop-loop-head.min9e2d.css]
[centralindiaexport.com/wp-content/themes/woodmart/css/parts/woo-shop-el-order-by.min9e2d.css]
[centralindiaexport.com/wp-content/themes/woodmart/css/parts/woo-shop-el-products-view.min9e2d.css]
[centralindiaexport.com/wp-content/themes/woodmart/css/parts/page-title.min9e2d.css]
[centralindiaexport.com/wp-content/themes/woodmart/css/parts/opt-off-canvas-sidebar.min9e2d.css]
[centralindiaexport.com/wp-content/themes/woodmart/css/parts/woo-shop-el-filters-area.min9e2d.css]
[centralindiaexport.com/wp-content/themes/woodmart/css/parts/woo-product-loop-base.min9e2d.css]
[centralindiaexport.com/wp-content/themes/woodmart/css/parts/mod-more-description.min9e2d.css]
[centralindiaexport.com/wp-content/themes/woodmart/css/parts/woo-categories-loop-default-old.min9e2d.css]
[centralindiaexport.com/wp-content/themes/woodmart/css/parts/woo-categories-loop-old.min9e2d.css]
[centralindiaexport.com/wp-content/themes/woodmart/css/parts/mod-sticky-sidebar-opener.min9e2d.css]
[centralindiaexport.com/wp-content/uploads/happyaddons/css/ha-8180a52.css]
[centralindiaexport.com/product-category/instruments/all-instruments/corneoscleral-punch/index.html]
[centralindiaexport.com/product-category/instruments/lacrimal-instruments/corneoscleral-punch-lacrimal-instruments/index.html]
[centralindiaexport.com/wp-content/uploads/happyaddons/css/ha-8188e8c.css]
[centralindiaexport.com/product-category/instruments/lacrimal-instruments/probes-and-dilators/index.html]
[centralindiaexport.com/product-category/instruments/lacrimal-instruments/punches/index.html]
[centralindiaexport.com/product-category/instruments/miscellaneous/cataract-phakonit-set/index.html]
[centralindiaexport.com/product-category/instruments/miscellaneous/cystotomes/index.html]
[centralindiaexport.com/wp-content/uploads/happyaddons/css/ha-818a8f0.css]
[centralindiaexport.com/product-category/instruments/miscellaneous/needles/index.html]
[centralindiaexport.com/product-category/instruments/miscellaneous/phaco-tips/index.html]
[centralindiaexport.com/wp-content/uploads/happyaddons/css/ha-8188059.css]
[centralindiaexport.com/product-category/instruments/miscellaneous/vitreo-retinal-instruments/index.html]
[centralindiaexport.com/product-category/instruments/needle-holder/blade/index.html]
[centralindiaexport.com/product-category/instruments/needle-holder/blade-breaker-and-holder/index.html]
[centralindiaexport.com/product-category/instruments/needle-holder/castroviejo-needle-holder/index.html]
[centralindiaexport.com/product-category/instruments/needle-holder/mc-pherson-needle-holder/index.html]
[centralindiaexport.com/product-category/instruments/needle-holder/superior-rectus-needle-holder/index.html]
[centralindiaexport.com/product-category/instruments/needle-holder/troutman-needle-holder/index.html]
[centralindiaexport.com/product-category/instruments/scissors/conjunctiva-scissors/index.html]
[centralindiaexport.com/product-category/instruments/scissors/corneal-scissors/index.html]
[centralindiaexport.com/product-category/instruments/scissors/corneal-transplant-scissors/index.html]
[centralindiaexport.com/product-category/instruments/scissors/corneoscleral-scissors/index.html]
[centralindiaexport.com/product-category/instruments/scissors/endocapsular-scissors/index.html]
[centralindiaexport.com/product-category/instruments/scissors/enucleation-scissors/index.html]
[centralindiaexport.com/product-category/instruments/scissors/eye-scissors/index.html]
[centralindiaexport.com/product-category/instruments/scissors/intraocular-scissors/index.html]
[centralindiaexport.com/product-category/instruments/scissors/iris-scissors/index.html]
[centralindiaexport.com/product-category/instruments/scissors/keratoplasty-scissors/index.html]
[centralindiaexport.com/product-category/instruments/scissors/lens-loop-amputator/index.html]
[centralindiaexport.com/product-category/instruments/scissors/long-handle-scissors/index.html]
[centralindiaexport.com/product-category/instruments/scissors/micro-iris-scissors/index.html]
[centralindiaexport.com/product-category/instruments/scissors/stitch-scissors/index.html]
[centralindiaexport.com/product-category/instruments/scissors/strabismus-scissors/index.html]
[centralindiaexport.com/product-category/instruments/scissors/tenotomy-scissors/index.html]
[centralindiaexport.com/product-category/instruments/scissors/vannas-scissors/index.html]
[centralindiaexport.com/product-category/instruments/scissors/vitreous-scissors/index.html]
[centralindiaexport.com/wp-content/uploads/2021/08/cat-flower.svg]
[centralindiaexport.com/product/ophthalmic-knife-keratome-micro-surgical-blades/index.html]
[centralindiaexport.com/product/quadhaptic-hydrophilic-acrylic-foldable-intraocular-lenses/index.html]
[centralindiaexport.com/product/viscoelastic-solution-5ml/index.html]
[centralindiaexport.com/product/yellow-filter-hydrophilic-acrylic-foldable-iols-with-360-square-edge-optics/index.html]
[centralindiaexport.com/product/pmma-single-piece-posterior-chamber-intraocular-lenses/index.html]
[centralindiaexport.com/product/ophthalmic-eye-drape/index.html]
[centralindiaexport.com/product/ophthalmic-knife-mvr-micro-surgical-blades/index.html]
[centralindiaexport.com/product/ophthalmic-knife-crescent-micro-surgical-blades/index.html]
[centralindiaexport.com/product/pmma-intraocular-lens-aspheric-surface-with-360-square-edge-optics/index.html]
[centralindiaexport.com/wp-content/uploads/2024/04/pmma-ips-6025-215x215.html]
[centralindiaexport.com/product/scleral-fixation-iols/index.html]
[centralindiaexport.com/wp-content/uploads/2024/04/pmma-scleral-fixation-lens-215x215.html]
[centralindiaexport.com/product/ophthalmic-knife-clear-corneal-micro-surgical-blades/index.html]
[centralindiaexport.com/wp-content/uploads/2024/04/Corneal_Knife-215x159.html]
[centralindiaexport.com/product/ophthalmic-knife-extension-keratome-micro-surgical-blades/index.html]
[centralindiaexport.com/wp-content/uploads/2024/04/pmma-AC-IAC-6025-215x215.html]
[centralindiaexport.com/product/fluorescein-sodium-ophthalmic-strips-u-s-p/index.html]
[centralindiaexport.com/wp-content/uploads/2024/04/FLUORESCEIN_1-scaled-215x215.html]
[centralindiaexport.com/product/pre-filled-syringes-pfs-2ml-visco-elastic/index.html]
[centralindiaexport.com/wp-content/uploads/2024/04/Pre-Filled-Syringes-215x201.html]
[centralindiaexport.com/product/ophtalmic-knife-lance-tip-micro-surgical-blades/index.html]
[centralindiaexport.com/wp-content/uploads/2024/04/Lance_Tip-215x215.html]
[centralindiaexport.com/product-category/instruments/forceps/corneal-fixation-forceps/indexca5c.html]
[centralindiaexport.com/product-category/instruments/forceps/corneal-fixation-forceps/index1c07.html]
[centralindiaexport.com/product-category/instruments/forceps/corneal-fixation-forceps/index27e6.html]
[centralindiaexport.com/product-category/instruments/forceps/corneal-fixation-forceps/indexbd2b.html]
[centralindiaexport.com/product-category/instruments/forceps/corneal-fixation-forceps/index2510.html]
[centralindiaexport.com/product-category/instruments/forceps/corneal-fixation-forceps/indexcc7b.html]
[centralindiaexport.com/product-category/instruments/forceps/corneal-fixation-forceps/indexaa92.html]
[centralindiaexport.com/product-category/instruments/forceps/corneal-fixation-forceps/index475d.html]
[centralindiaexport.com/product-category/instruments/forceps/corneal-fixation-forceps/indexd6c0.html]
[centralindiaexport.com/product-category/instruments/forceps/corneal-fixation-forceps/index1a1f.html]
[centralindiaexport.com/product-category/instruments/forceps/corneal-fixation-forceps/indexc46e.html]
[centralindiaexport.com/product-category/instruments/forceps/corneal-fixation-forceps/index2168.html]
[centralindiaexport.com/product-category/instruments/forceps/corneal-fixation-forceps/indexcb2f.html]
[centralindiaexport.com/wp-json/oembed/1.0/embed0858.json]
[centralindiaexport.com/product-category/instruments/forceps/corneal-fixation-forceps/indexf180.html]
[centralindiaexport.com/wp-json/oembed/1.0/embed23c0]
[centralindiaexport.com/wp-json/wp/v2/product/17563.json]
[centralindiaexport.com/wp-content/uploads/2024/04/Corneal-Fixation-Forceps-Kramer.jpg]
[centralindiaexport.com/wp-content/uploads/2024/04/Conjunctiva-Forceps-Jayle-215x215.jpg]
[centralindiaexport.com/wp-content/uploads/2024/04/Corneal-Forceps-Castroviejo-Colibr-215x215.jpg]
[centralindiaexport.com/wp-content/uploads/2024/04/Deitz-Gauge-51x215.jpg]
[centralindiaexport.com/wp-content/uploads/2024/04/Dissectors-Langs-215x215.jpg]
[centralindiaexport.com/product/kramer-corneal-fixation-forceps/index.html]
[centralindiaexport.com/wp-content/uploads/2024/04/Corneal-Fixation-Forceps-Kramer-215x215.html]
[centralindiaexport.com/wp-content/uploads/elementor/css/post-728f8be.html]
[centralindiaexport.com/wp-content/uploads/happyaddons/css/ha-818903a.html]
[centralindiaexport.com/product/castroviejo-colibr-corneal-forceps/index.html]
[centralindiaexport.com/wp-content/themes/woodmart/js/scripts/wc/productHover.min9e2d.html]
[centralindiaexport.com/wp-content/themes/woodmart/js/scripts/wc/productMoreDescription.min9e2d.html]
[centralindiaexport.com/wp-content/themes/woodmart/js/libs/pjax.min9e2d.html]
[centralindiaexport.com/wp-content/themes/woodmart/js/scripts/wc/ajaxFilters.min9e2d.html]
[centralindiaexport.com/wp-content/themes/woodmart/js/scripts/wc/sortByWidget.min9e2d.html]
[centralindiaexport.com/wp-content/themes/woodmart/js/scripts/wc/shopPageInit.min9e2d.html]
[centralindiaexport.com/wp-content/themes/woodmart/js/scripts/global/backHistory.min9e2d.html]
[centralindiaexport.com/wp-content/themes/woodmart/js/scripts/wc/categoriesMenu.min9e2d.html]
[centralindiaexport.com/wp-content/themes/woodmart/js/scripts/global/hiddenSidebar.min9e2d.html]
[centralindiaexport.com/wp-content/themes/woodmart/js/scripts/wc/filtersArea.min9e2d.html]
[centralindiaexport.com/wp-content/themes/woodmart/js/scripts/wc/stickySidebarBtn.min9e2d.html]
[centralindiaexport.com/wp-json/wp/v2/product_cat/141.html]
[centralindiaexport.com/product-category/instruments/forceps/fixation-and-superior-rectus-forceps/indexca5c.html]
[centralindiaexport.com/product/deitz-gauge/index.html]
[centralindiaexport.com/product/jayle-conjunctiva-forceps/index.html]
[centralindiaexport.com/product/langs-dissectors/index.html]
[centralindiaexport.com/product-category/instruments/forceps/fixation-and-superior-rectus-forceps/index1c07.html]
[centralindiaexport.com/product-category/instruments/forceps/fixation-and-superior-rectus-forceps/index992e.html]
[centralindiaexport.com/product-category/instruments/forceps/fixation-and-superior-rectus-forceps/index07ac.html]
[centralindiaexport.com/product-category/instruments/forceps/fixation-and-superior-rectus-forceps/index27e6.html]
[centralindiaexport.com/product-category/instruments/forceps/fixation-and-superior-rectus-forceps/index9d74.html]
[centralindiaexport.com/product-category/instruments/forceps/fixation-and-superior-rectus-forceps/index103c.html]
[centralindiaexport.com/product-category/instruments/forceps/fixation-and-superior-rectus-forceps/indexbd2b.html]
[centralindiaexport.com/product-category/instruments/forceps/fixation-and-superior-rectus-forceps/indexa1a4.html]
[centralindiaexport.com/product-category/instruments/forceps/fixation-and-superior-rectus-forceps/index8cc1.html]
[centralindiaexport.com/product-category/instruments/forceps/fixation-and-superior-rectus-forceps/index2510.html]
[centralindiaexport.com/product-category/instruments/forceps/fixation-and-superior-rectus-forceps/indexd6c0.html]
[centralindiaexport.com/product-category/instruments/forceps/fixation-and-superior-rectus-forceps/indexaa92.html]
[centralindiaexport.com/product-category/instruments/forceps/fixation-and-superior-rectus-forceps/indexcc7b.html]
[centralindiaexport.com/product-category/instruments/forceps/fixation-and-superior-rectus-forceps/index1a1f.html]
[centralindiaexport.com/product-category/instruments/forceps/fixation-and-superior-rectus-forceps/index475d.html]
[centralindiaexport.com/product-category/instruments/forceps/fixation-and-superior-rectus-forceps/indexf539.html]
[centralindiaexport.com/product-category/instruments/forceps/fixation-and-superior-rectus-forceps/indexd462.html]
[centralindiaexport.com/product-category/instruments/forceps/fixation-and-superior-rectus-forceps/indexa314.html]
[centralindiaexport.com/wp-json/oembed/1.0/embed523b.json]
[centralindiaexport.com/wp-json/oembed/1.0/embed524d]
[centralindiaexport.com/wp-json/wp/v2/product/17609.json]
[centralindiaexport.com/wp-content/uploads/2024/04/Fixation-and-Superior-Rectus-Forceps-Bores.jpg]
[centralindiaexport.com/wp-content/uploads/2024/04/Blade-Gauge-Gauge-215x215.jpg]
[centralindiaexport.com/wp-content/uploads/2024/04/Corneal-Markers-Marking-Pen-215x215.jpg]
[centralindiaexport.com/wp-content/uploads/2024/04/Astigmatism-Markers-Thornton-215x215.jpg]
[centralindiaexport.com/wp-content/uploads/happyaddons/css/ha-818e8d6.css]
[centralindiaexport.com/product/bores-fixation-and-superior-rectus-forceps/index.html]
[centralindiaexport.com/wp-content/uploads/2024/04/Fixation-and-Superior-Rectus-Forceps-Bores-215x215.html]
[centralindiaexport.com/product/marking-pen-corneal-markers/index.html]
[centralindiaexport.com/product/blade-gauge-gauge/index.html]
[centralindiaexport.com/wp-json/oembed/1.0/embedfe85.json]
[centralindiaexport.com/product/thornton-astigmatism-markers/index.html]
[centralindiaexport.com/wp-json/oembed/1.0/embed7d4a]
[centralindiaexport.com/wp-json/wp/v2/product/17608.json]
[centralindiaexport.com/wp-content/uploads/2024/04/Fixation-and-Superior-Rectus-Forceps-Dastoor.jpg]
[centralindiaexport.com/product/dastoor-fixation-and-superior-rectus-forceps/index.html]
[centralindiaexport.com/wp-content/uploads/2024/04/Fixation-and-Superior-Rectus-Forceps-Dastoor-215x215.html]
[centralindiaexport.com/wp-json/oembed/1.0/embed24cd.json]
[centralindiaexport.com/product/thornton-caliper/index.html]
[centralindiaexport.com/wp-json/oembed/1.0/embed2a37]
[centralindiaexport.com/wp-json/wp/v2/product/17573.json]
[centralindiaexport.com/wp-content/uploads/2024/04/Fixation-and-Superior-Rectus-Forceps-Elsching.jpg]
[centralindiaexport.com/product/elsching-fixation-and-superior-rectus-forceps/index.html]
[centralindiaexport.com/wp-content/uploads/2024/04/Fixation-and-Superior-Rectus-Forceps-Elsching-215x215.html]
[centralindiaexport.com/wp-content/uploads/2024/04/Hofmann-Astigmatism-Markers-215x215.jpg]
[centralindiaexport.com/product/hofmann-astigmatism-markers/index.html]
[centralindiaexport.com/wp-json/oembed/1.0/embedc2ca.json]
[centralindiaexport.com/wp-json/oembed/1.0/embeddf2b]
[centralindiaexport.com/wp-json/wp/v2/product/17572.json]
[centralindiaexport.com/wp-content/uploads/2024/04/Superior_Rectus_Forcep.webp]
[centralindiaexport.com/product/fixation-fixation-and-superior-rectus-forceps/index.html]
[centralindiaexport.com/wp-content/uploads/2024/04/Superior_Rectus_Forcep-215x215.html]
[centralindiaexport.com/product/fixation-fixation-and-superior-rectus-forceps-2/index.html]
[centralindiaexport.com/wp-content/uploads/woocommerce-placeholder-215x215.html]
[centralindiaexport.com/product/graefe-fixation-and-superior-rectus-forceps/index.html]
[centralindiaexport.com/wp-content/uploads/2024/04/Fixation-and-Superior-Rectus-Forceps-Graefe-215x215.html]
[centralindiaexport.com/product/green-fixation-and-superior-rectus-forceps/index.html]
[centralindiaexport.com/wp-content/uploads/2024/04/Fixation-and-Superior-Rectus-Forceps-Green-215x215.html]
[centralindiaexport.com/product/lester-fixation-and-superior-rectus-forceps/index.html]
[centralindiaexport.com/wp-content/uploads/2024/04/Fixation-and-Superior-Rectus-Forceps-Lester-215x215.html]
[centralindiaexport.com/wp-content/uploads/happyaddons/css/ha-8181fb2.html]
[centralindiaexport.com/wp-json/wp/v2/product_cat/142.html]
[centralindiaexport.com/product-category/instruments/forceps/foldable-iol-forceps/indexca5c.html]
[centralindiaexport.com/product-category/instruments/forceps/foldable-iol-forceps/index1c07.html]
[centralindiaexport.com/product-category/instruments/forceps/foldable-iol-forceps/index27e6.html]
[centralindiaexport.com/product-category/instruments/forceps/foldable-iol-forceps/index103c.html]
[centralindiaexport.com/product-category/instruments/forceps/foldable-iol-forceps/indexaa92.html]
[centralindiaexport.com/product-category/instruments/forceps/foldable-iol-forceps/indexbd2b.html]
[centralindiaexport.com/product-category/instruments/forceps/foldable-iol-forceps/index8cc1.html]
[centralindiaexport.com/product-category/instruments/forceps/foldable-iol-forceps/indexa1a4.html]
[centralindiaexport.com/product-category/instruments/forceps/foldable-iol-forceps/index2510.html]
[centralindiaexport.com/product-category/instruments/forceps/foldable-iol-forceps/index1a1f.html]
[centralindiaexport.com/product-category/instruments/forceps/foldable-iol-forceps/indexd6c0.html]
[centralindiaexport.com/product-category/instruments/forceps/foldable-iol-forceps/indexcc7b.html]
[centralindiaexport.com/product-category/instruments/forceps/foldable-iol-forceps/index475d.html]
[centralindiaexport.com/product-category/instruments/forceps/foldable-iol-forceps/indexf539.html]
[centralindiaexport.com/product-category/instruments/forceps/foldable-iol-forceps/indexd462.html]
[centralindiaexport.com/product-category/instruments/forceps/foldable-iol-forceps/indexa314.html]
[centralindiaexport.com/wp-json/oembed/1.0/embedd0f4.json]
[centralindiaexport.com/wp-json/oembed/1.0/embede489]
[centralindiaexport.com/product/foldable-iol-force-foldable-iol-forceps/index.html]
[centralindiaexport.com/wp-json/wp/v2/product/17612.json]
[centralindiaexport.com/wp-json/oembed/1.0/embed280c.json]
[centralindiaexport.com/wp-json/oembed/1.0/embeddfc5]
[centralindiaexport.com/wp-json/wp/v2/product/17611.json]
[centralindiaexport.com/wp-content/uploads/2024/04/fixation-hook-215x215.jpg]
[centralindiaexport.com/product/kellan-foldable-iol-forceps/index.html]
[centralindiaexport.com/wp-json/oembed/1.0/embed0a1e.json]
[centralindiaexport.com/product/fixation-hook-fixation-rings/index.html]
[centralindiaexport.com/wp-json/oembed/1.0/embed8d89]
[centralindiaexport.com/wp-json/wp/v2/product/17610.json]
[centralindiaexport.com/wp-content/uploads/2024/04/Phaco-Folder-Foldable-IOL-Forceps.jpg]
[centralindiaexport.com/product/phaco-folder-foldable-iol-forceps/index.html]
[centralindiaexport.com/wp-content/uploads/2024/04/Phaco-Folder-Foldable-IOL-Forceps-215x215.html]
[centralindiaexport.com/wp-json/oembed/1.0/embed3a5b.json]
[centralindiaexport.com/wp-json/oembed/1.0/embed3422]
[centralindiaexport.com/wp-json/wp/v2/product/17613.json]
[centralindiaexport.com/wp-content/uploads/2024/04/Universal-Lens-Ins-Foldable-IOL-Forceps.jpg]
[centralindiaexport.com/wp-content/uploads/2024/04/Universal-Lens-Ins-Foldable-IOL-Forceps-700x675.jpg]
[centralindiaexport.com/wp-content/uploads/2024/04/Hoskin-Forceps-Pierse-215x215.jpg]
[centralindiaexport.com/product/universal-lens-ins-foldable-iol-forceps/index.html]
[centralindiaexport.com/wp-content/uploads/2024/04/Universal-Lens-Ins-Foldable-IOL-Forceps-215x215.html]
[centralindiaexport.com/wp-content/uploads/happyaddons/css/ha-818599c.html]
[centralindiaexport.com/wp-json/wp/v2/product_cat/145.html]
[centralindiaexport.com/product-category/instruments/forceps/iris-forceps/indexca5c.html]
[centralindiaexport.com/product-category/instruments/forceps/iris-forceps/index1c07.html]
[centralindiaexport.com/product-category/instruments/forceps/iris-forceps/index27e6.html]
[centralindiaexport.com/product-category/instruments/forceps/iris-forceps/index992e.html]
[centralindiaexport.com/product-category/instruments/forceps/iris-forceps/indexbd2b.html]
[centralindiaexport.com/product-category/instruments/forceps/iris-forceps/index9d74.html]
[centralindiaexport.com/product-category/instruments/forceps/iris-forceps/index07ac.html]
[centralindiaexport.com/product-category/instruments/forceps/iris-forceps/index2510.html]
[centralindiaexport.com/product/pierse-hoskin-forceps/index.html]
[centralindiaexport.com/product-category/instruments/forceps/iris-forceps/index103c.html]
[centralindiaexport.com/product-category/instruments/forceps/iris-forceps/indexcc7b.html]
[centralindiaexport.com/product-category/instruments/forceps/iris-forceps/indexa1a4.html]
[centralindiaexport.com/product-category/instruments/forceps/iris-forceps/index8cc1.html]
[centralindiaexport.com/product-category/instruments/forceps/iris-forceps/indexaa92.html]
[centralindiaexport.com/product-category/instruments/forceps/iris-forceps/index475d.html]
[centralindiaexport.com/product-category/instruments/forceps/iris-forceps/indexd6c0.html]
[centralindiaexport.com/product-category/instruments/forceps/iris-forceps/index1a1f.html]
[centralindiaexport.com/product-category/instruments/forceps/iris-forceps/indexf539.html]
[centralindiaexport.com/product-category/instruments/forceps/iris-forceps/indexd462.html]
[centralindiaexport.com/wp-json/oembed/1.0/embedceab.json]
[centralindiaexport.com/product-category/instruments/forceps/iris-forceps/indexa314.html]
[centralindiaexport.com/wp-json/oembed/1.0/embed45dd]
[centralindiaexport.com/wp-json/wp/v2/product/17629.json]
[centralindiaexport.com/wp-content/uploads/2024/04/Iris-Forceps-Botvin.jpg]
[centralindiaexport.com/wp-content/uploads/2024/04/Intraocular-Forceps-Faulkner-215x215.jpg]
[centralindiaexport.com/product/botvin-iris-forceps/index.html]
[centralindiaexport.com/product/colibri-iris-forceps/index.html]
[centralindiaexport.com/product/gill-iris-forceps/index.html]
[centralindiaexport.com/product/hess-iris-forceps/index.html]
[centralindiaexport.com/product/swiss-iris-forceps/index.html]
[centralindiaexport.com/wp-content/uploads/happyaddons/css/ha-8187481.css]
[centralindiaexport.com/product-category/instruments/forceps/jewelers-forceps/feed/index.html]
[centralindiaexport.com/product-category/instruments/forceps/jewelers-forceps/indexca5c.html]
[centralindiaexport.com/product-category/instruments/forceps/jewelers-forceps/index1c07.html]
[centralindiaexport.com/product-category/instruments/forceps/jewelers-forceps/index27e6.html]
[centralindiaexport.com/product-category/instruments/forceps/jewelers-forceps/indexbd2b.html]
[centralindiaexport.com/product-category/instruments/forceps/jewelers-forceps/index2510.html]
[centralindiaexport.com/product-category/instruments/forceps/jewelers-forceps/indexcc7b.html]
[centralindiaexport.com/product-category/instruments/forceps/jewelers-forceps/index475d.html]
[centralindiaexport.com/product/dodick-jewelers-forceps/index.html]
[centralindiaexport.com/product/foreign-body-jewelers-forceps/index.html]
[centralindiaexport.com/product/jewelers-jewelers-forceps/index.html]
[centralindiaexport.com/product/multi-purpose-jewelers-forceps/index.html]
[centralindiaexport.com/product/osher-jewelers-forceps/index.html]
[centralindiaexport.com/product/suture-jewelers-forceps/index.html]
[centralindiaexport.com/wp-content/uploads/happyaddons/css/ha-8182deb.css]
[centralindiaexport.com/product-category/instruments/forceps/lasik-forceps/feed/index.html]
[centralindiaexport.com/product-category/instruments/forceps/lasik-forceps/indexca5c.html]
[centralindiaexport.com/product-category/instruments/forceps/lasik-forceps/index1c07.html]
[centralindiaexport.com/product-category/instruments/forceps/lasik-forceps/index27e6.html]
[centralindiaexport.com/product-category/instruments/forceps/lasik-forceps/indexbd2b.html]
[centralindiaexport.com/product-category/instruments/forceps/lasik-forceps/index2510.html]
[centralindiaexport.com/product-category/instruments/forceps/lasik-forceps/indexcc7b.html]
[centralindiaexport.com/product-category/instruments/forceps/lasik-forceps/index475d.html]
[centralindiaexport.com/product/buratto-lasik-forceps/index.html]
[centralindiaexport.com/product/perone-lasik-forceps/index.html]
[centralindiaexport.com/wp-content/uploads/happyaddons/css/ha-818b019.css]
[centralindiaexport.com/product-category/instruments/forceps/mosquito-forceps/feed/index.html]
[centralindiaexport.com/product-category/instruments/forceps/mosquito-forceps/indexca5c.html]
[centralindiaexport.com/product-category/instruments/forceps/mosquito-forceps/index1c07.html]
[centralindiaexport.com/product-category/instruments/forceps/mosquito-forceps/index27e6.html]
[centralindiaexport.com/product-category/instruments/forceps/mosquito-forceps/indexbd2b.html]
[centralindiaexport.com/product-category/instruments/forceps/mosquito-forceps/index2510.html]
[centralindiaexport.com/product-category/instruments/forceps/mosquito-forceps/indexcc7b.html]
[centralindiaexport.com/product-category/instruments/forceps/mosquito-forceps/index475d.html]
[centralindiaexport.com/product/baby-jones-mosquito-forceps/index.html]
[centralindiaexport.com/product/backhaus-mosquito-forceps/index.html]
[centralindiaexport.com/wp-content/uploads/2024/04/Mosquito-Forceps-Backhaus-215x215.html]
[centralindiaexport.com/product/halsted-mosquito-forceps/index.html]
[centralindiaexport.com/wp-content/uploads/2024/04/Mosquito-Forceps-Halsted-215x215.html]
[centralindiaexport.com/product/hartman-mosquito-forceps/index.html]
[centralindiaexport.com/wp-content/uploads/2024/04/Mosquito-Forceps-Hartman-215x215.html]
[centralindiaexport.com/product/serrefine-mosquito-forceps/index.html]
[centralindiaexport.com/wp-content/uploads/2024/04/Mosquito-Forceps-Serrefine-215x215.html]
[centralindiaexport.com/wp-content/uploads/happyaddons/css/ha-818c160.css]
[centralindiaexport.com/product-category/instruments/forceps/muscle-forceps/feed/index.html]
[centralindiaexport.com/wp-json/wp/v2/product_cat/149.html]
[centralindiaexport.com/product-category/instruments/forceps/muscle-forceps/indexca5c.html]
[centralindiaexport.com/product-category/instruments/forceps/muscle-forceps/index1c07.html]
[centralindiaexport.com/product-category/instruments/forceps/muscle-forceps/index27e6.html]
[centralindiaexport.com/product-category/instruments/forceps/muscle-forceps/indexbd2b.html]
[centralindiaexport.com/product-category/instruments/forceps/muscle-forceps/index2510.html]
[centralindiaexport.com/product-category/instruments/forceps/muscle-forceps/indexcc7b.html]
[centralindiaexport.com/product-category/instruments/forceps/muscle-forceps/index475d.html]
[centralindiaexport.com/product/jameson-muscle-forceps/index.html]
[centralindiaexport.com/wp-content/uploads/2024/04/Muscle-Forceps-Jameson-215x215.html]
[centralindiaexport.com/product/prince-muscle-forceps/index.html]
[centralindiaexport.com/wp-content/uploads/2024/04/Muscle-Forceps-Prince-215x215.html]
[centralindiaexport.com/product/worth-muscle-forceps/index.html]
[centralindiaexport.com/wp-content/uploads/2024/04/Muscle-Forceps-Worth-215x215.html]
[centralindiaexport.com/wp-content/uploads/happyaddons/css/ha-81885cb.css]
[centralindiaexport.com/product-category/instruments/forceps/prechop-forceps/feed/index.html]
[centralindiaexport.com/wp-json/wp/v2/product_cat/150.html]
[centralindiaexport.com/product-category/instruments/forceps/prechop-forceps/indexca5c.html]
[centralindiaexport.com/product-category/instruments/forceps/prechop-forceps/index1c07.html]
[centralindiaexport.com/product-category/instruments/forceps/prechop-forceps/index27e6.html]
[centralindiaexport.com/product-category/instruments/forceps/prechop-forceps/indexbd2b.html]
[centralindiaexport.com/product-category/instruments/forceps/prechop-forceps/index2510.html]
[centralindiaexport.com/product-category/instruments/forceps/prechop-forceps/indexcc7b.html]
[centralindiaexport.com/product-category/instruments/forceps/prechop-forceps/index475d.html]
[centralindiaexport.com/product/akahoshi-phaco-pre-prechop-forceps/index.html]
[centralindiaexport.com/wp-content/uploads/2024/04/Prechop-Forceps-Akahoshi-Phaco-Pre-215x215.html]
[centralindiaexport.com/product/bores-prechop-forceps/index.html]
[centralindiaexport.com/product/kansas-prechop-forceps/index.html]
[centralindiaexport.com/wp-content/uploads/2024/04/Prechop-Forceps-Kansas-215x215.html]
[centralindiaexport.com/wp-content/uploads/happyaddons/css/ha-818fee4.css]
[centralindiaexport.com/product-category/instruments/forceps/suturing-forceps/feed/index.html]
[centralindiaexport.com/wp-json/wp/v2/product_cat/151.html]
[centralindiaexport.com/product-category/instruments/forceps/suturing-forceps/indexca5c.html]
[centralindiaexport.com/product-category/instruments/forceps/suturing-forceps/index1c07.html]
[centralindiaexport.com/product-category/instruments/forceps/suturing-forceps/index27e6.html]
[centralindiaexport.com/product-category/instruments/forceps/suturing-forceps/indexbd2b.html]
[centralindiaexport.com/product-category/instruments/forceps/suturing-forceps/index2510.html]
[centralindiaexport.com/product-category/instruments/forceps/suturing-forceps/indexcc7b.html]
[centralindiaexport.com/product-category/instruments/forceps/suturing-forceps/index475d.html]
[centralindiaexport.com/product/castroviejo-suturing-forceps/index.html]
[centralindiaexport.com/wp-content/uploads/2024/04/Suturing-Forceps-Castroviejo-215x215.html]
[centralindiaexport.com/wp-content/uploads/happyaddons/css/ha-8184787.css]
[centralindiaexport.com/product-category/instruments/forceps/tissue-forceps/feed/index.html]
[centralindiaexport.com/wp-json/wp/v2/product_cat/152.html]
[centralindiaexport.com/product-category/instruments/forceps/tissue-forceps/indexca5c.html]
[centralindiaexport.com/product-category/instruments/forceps/tissue-forceps/index1c07.html]
[centralindiaexport.com/product-category/instruments/forceps/tissue-forceps/index27e6.html]
[centralindiaexport.com/product-category/instruments/forceps/tissue-forceps/indexbd2b.html]
[centralindiaexport.com/product-category/instruments/forceps/tissue-forceps/index2510.html]
[centralindiaexport.com/product-category/instruments/forceps/tissue-forceps/indexcc7b.html]
[centralindiaexport.com/product-category/instruments/forceps/tissue-forceps/index475d.html]
[centralindiaexport.com/product/bishop-harmon-tissue-forceps/index.html]
[centralindiaexport.com/wp-content/uploads/2024/04/Tissue-Forceps-Bishop-Harmon-215x215.html]
[centralindiaexport.com/product/iris-tissue-forceps/index.html]
[centralindiaexport.com/wp-content/uploads/2024/04/Tissue-Forceps-Iris-215x215.html]
[centralindiaexport.com/product/kirby-tissue-forceps/index.html]
[centralindiaexport.com/wp-content/uploads/2024/04/Tissue-Forceps-Kirby-215x215.html]
[centralindiaexport.com/product/st-martin-tissue-forceps/index.html]
[centralindiaexport.com/wp-content/uploads/2024/04/Tissue-Forceps-St.-Martin-215x215.html]
[centralindiaexport.com/wp-content/uploads/happyaddons/css/ha-8184ca5.css]
[centralindiaexport.com/product-category/instruments/forceps/tying-forceps/feed/index.html]
[centralindiaexport.com/wp-json/wp/v2/product_cat/153.html]
[centralindiaexport.com/product-category/instruments/forceps/tying-forceps/indexca5c.html]
[centralindiaexport.com/product-category/instruments/forceps/tying-forceps/index1c07.html]
[centralindiaexport.com/product-category/instruments/forceps/tying-forceps/index27e6.html]
[centralindiaexport.com/product-category/instruments/forceps/tying-forceps/indexbd2b.html]
[centralindiaexport.com/product-category/instruments/forceps/tying-forceps/index2510.html]
[centralindiaexport.com/product-category/instruments/forceps/tying-forceps/indexcc7b.html]
[centralindiaexport.com/product-category/instruments/forceps/tying-forceps/index475d.html]
[centralindiaexport.com/product/harms-tying-forceps/index.html]
[centralindiaexport.com/product-category/instruments/forceps/tying-forceps/indexcb2f.html]
[centralindiaexport.com/wp-content/uploads/2024/04/Tying-Forceps-Harms-215x215.html]
[centralindiaexport.com/product-category/instruments/forceps/tying-forceps/index6a68.html]
[centralindiaexport.com/product/faulkner-ii-intraocular-forceps/index.html]
[centralindiaexport.com/product-category/instruments/forceps/tying-forceps/index387e.html]
[centralindiaexport.com/product-category/instruments/forceps/tying-forceps/indexf180.html]
[centralindiaexport.com/wp-json/oembed/1.0/embedfe08.json]
[centralindiaexport.com/wp-json/oembed/1.0/embed6d27]
[centralindiaexport.com/wp-json/wp/v2/product/17688.json]
[centralindiaexport.com/wp-content/uploads/2024/04/Tying-Forceps-Jaffe.jpg]
[centralindiaexport.com/product/jaffe-tying-forceps/index.html]
[centralindiaexport.com/wp-content/uploads/2024/04/Tying-Forceps-Jaffe-215x215.html]
[centralindiaexport.com/product/jayle-tying-forceps/index.html]
[centralindiaexport.com/wp-content/uploads/2024/04/Tying-Forceps-jayle-215x215.html]
[centralindiaexport.com/product/kelman-mc-pherson-tying-forceps/index.html]
[centralindiaexport.com/wp-content/uploads/2024/04/Corneal-Forceps-Kelman-Mc-Pherson-215x215.html]
[centralindiaexport.com/product/mc-pherson-tying-forceps/index.html]
[centralindiaexport.com/wp-content/uploads/2024/04/Tying-Forceps-Mc-Pherson-215x215.html]
[centralindiaexport.com/product/sinskey-tying-forceps/index.html]
[centralindiaexport.com/wp-content/uploads/2024/04/Tying-Forceps-Sinskey-215x215.html]
[centralindiaexport.com/product/tennant-tying-forceps/index.html]
[centralindiaexport.com/wp-content/uploads/2024/04/Tying-Forceps-Tennant-215x215.html]
[centralindiaexport.com/wp-content/uploads/happyaddons/css/ha-818dd31.css]
[centralindiaexport.com/wp-json/wp/v2/product_cat/154.html]
[centralindiaexport.com/product-category/instruments/forceps/vitreous-forceps/indexca5c.html]
[centralindiaexport.com/product-category/instruments/forceps/vitreous-forceps/index1c07.html]
[centralindiaexport.com/product-category/instruments/forceps/vitreous-forceps/index27e6.html]
[centralindiaexport.com/product-category/instruments/forceps/vitreous-forceps/indexbd2b.html]
[centralindiaexport.com/product-category/instruments/forceps/vitreous-forceps/index2510.html]
[centralindiaexport.com/product-category/instruments/forceps/vitreous-forceps/index103c.html]
[centralindiaexport.com/product-category/instruments/forceps/vitreous-forceps/indexa1a4.html]
[centralindiaexport.com/product-category/instruments/forceps/vitreous-forceps/index8cc1.html]
[centralindiaexport.com/product-category/instruments/forceps/vitreous-forceps/indexaa92.html]
[centralindiaexport.com/product-category/instruments/forceps/vitreous-forceps/indexcc7b.html]
[centralindiaexport.com/product-category/instruments/forceps/vitreous-forceps/indexf539.html]
[centralindiaexport.com/product-category/instruments/forceps/vitreous-forceps/index1a1f.html]
[centralindiaexport.com/product-category/instruments/forceps/vitreous-forceps/indexd6c0.html]
[centralindiaexport.com/product-category/instruments/forceps/vitreous-forceps/index475d.html]
[centralindiaexport.com/product-category/instruments/forceps/vitreous-forceps/indexd462.html]
[centralindiaexport.com/product-category/instruments/forceps/vitreous-forceps/indexa314.html]
[centralindiaexport.com/wp-json/oembed/1.0/embeda7b3.json]
[centralindiaexport.com/wp-json/oembed/1.0/embed5af2]
[centralindiaexport.com/wp-json/wp/v2/product/17725.json]
[centralindiaexport.com/wp-content/uploads/2024/04/Vitro_Retinal_Forcep_cPrMlwY.png]
[centralindiaexport.com/product/vitreous-vitreous-forceps/index.html]
[centralindiaexport.com/wp-content/uploads/2024/04/Vitro_Retinal_Forcep_cPrMlwY-215x202.html]
[centralindiaexport.com/wp-content/uploads/happyaddons/css/ha-8187861.css]
[centralindiaexport.com/wp-json/wp/v2/product_cat/92.html]
[centralindiaexport.com/product-category/instruments/scissors/indexca5c.html]
[centralindiaexport.com/product-category/instruments/scissors/index1c07.html]
[centralindiaexport.com/product-category/instruments/scissors/index992e.html]
[centralindiaexport.com/wp-content/uploads/2024/04/Strabismus-Scissors-Knapp-215x215.jpg]
[centralindiaexport.com/product-category/instruments/scissors/index07ac.html]
[centralindiaexport.com/wp-content/uploads/2024/04/Mc-Pherson-Vannas-Iris-Scissors-215x215.jpg]
[centralindiaexport.com/wp-content/uploads/2024/04/Conjunctiva-Scissors-Mc-Pherson-Westoco-215x215.jpg]
[centralindiaexport.com/product-category/instruments/scissors/index9d74.html]
[centralindiaexport.com/wp-content/uploads/2024/04/Tenotomy-Scissors-Stevens-215x215.jpg]
[centralindiaexport.com/product-category/instruments/scissors/page/2/indexca5c.html]
[centralindiaexport.com/wp-content/uploads/happyaddons/css/ha-81893be.css]
[centralindiaexport.com/product-category/instruments/scissors/index27e6.html]
[centralindiaexport.com/product-category/instruments/scissors/page/3/indexca5c.html]
[centralindiaexport.com/wp-content/uploads/2024/04/Stitch-Scissors-215x215.jpg]
[centralindiaexport.com/product-category/instruments/scissors/index103c.html]
[centralindiaexport.com/wp-content/uploads/2024/04/Troutman-Needle-Holder-215x215.jpg]
[centralindiaexport.com/product-category/instruments/scissors/indexa1a4.html]
[centralindiaexport.com/wp-content/uploads/2024/04/Vitreous-Vitreous-Scissors-215x215.jpg]
[centralindiaexport.com/product-category/instruments/scissors/index8cc1.html]
[centralindiaexport.com/wp-content/uploads/2024/04/Westcott_Scissor_STRAIGHT_CURVED-215x215.jpeg]
[centralindiaexport.com/product-category/instruments/scissors/indexbd2b.html]
[centralindiaexport.com/product-category/instruments/scissors/indexaa92.html]
[centralindiaexport.com/product-category/instruments/scissors/index2510.html]
[centralindiaexport.com/product-category/instruments/scissors/page/2/index1c07.html]
[centralindiaexport.com/product-category/instruments/scissors/indexd6c0.html]
[centralindiaexport.com/product-category/instruments/scissors/indexcc7b.html]
[centralindiaexport.com/product-category/instruments/scissors/index1a1f.html]
[centralindiaexport.com/product/knapp-strabismus-scissors/index.html]
[centralindiaexport.com/product-category/instruments/scissors/index475d.html]
[centralindiaexport.com/product/koch-endocapsular-scissors/index.html]
[centralindiaexport.com/product/mc-pherson-vannas-iris-scissors/index.html]
[centralindiaexport.com/product/mc-pherson-westoco-conjunctiva-scissors/index.html]
[centralindiaexport.com/product/micro-micro-iris-scissors/index.html]
[centralindiaexport.com/product/stevens-tenotomy-scissors/index.html]
[centralindiaexport.com/product-category/instruments/scissors/page/2/index27e6.html]
[centralindiaexport.com/wp-json/oembed/1.0/embed8ea0.json]
[centralindiaexport.com/product-category/instruments/scissors/indexf539.html]
[centralindiaexport.com/product-category/instruments/scissors/indexd462.html]
[centralindiaexport.com/product-category/instruments/scissors/indexa314.html]
[centralindiaexport.com/wp-json/oembed/1.0/embed6837]
[centralindiaexport.com/product/troutman-katzin-corneal-transplant-scissors/index.html]
[centralindiaexport.com/product/stitch-scissors/index.html]
[centralindiaexport.com/product/vannas-long-handle-scissors/index.html]
[centralindiaexport.com/wp-json/wp/v2/product/17743.json]
[centralindiaexport.com/product/westcott-vannas-scissors/index.html]
[centralindiaexport.com/product/vitreous-vitreous-scissors/index.html]
[centralindiaexport.com/wp-content/uploads/2024/04/Micro-Iris-Scissors-Barraquer.jpg]
[centralindiaexport.com/product/barraquer-micro-iris-scissors/index.html]
[centralindiaexport.com/wp-content/uploads/2024/04/Micro-Iris-Scissors-Barraquer-215x215.html]
[centralindiaexport.com/product-category/instruments/scissors/page/2/indexcc7b.html]
[centralindiaexport.com/product-category/instruments/scissors/page/2/index2510.html]
[centralindiaexport.com/wp-json/oembed/1.0/embed9a64.json]
[centralindiaexport.com/wp-json/oembed/1.0/embed79cc]
[centralindiaexport.com/wp-json/wp/v2/product/17730.json]
[centralindiaexport.com/product/castroviejo-corneal-scissors/index.html]
[centralindiaexport.com/wp-content/uploads/2024/04/Corneoscleral-Scissors-Castroviejo-215x215.html]
[centralindiaexport.com/product/castroviejo-corneoscleral-scissors/index.html]
[centralindiaexport.com/product/castroviejo-keratoplasty-scissors/index.html]
[centralindiaexport.com/wp-content/uploads/2024/04/Castroviejo-Keratoplasty-Scissors-215x215.html]
[centralindiaexport.com/product/de-weckers-conjunctiva-scissors/index.html]
[centralindiaexport.com/wp-content/uploads/2024/04/Conjunctiva-Scissors-De-weckers-215x215.html]
[centralindiaexport.com/product/enucleation-scissors/index.html]
[centralindiaexport.com/wp-content/uploads/2024/04/Enucleation-Scissors-215x215.html]
[centralindiaexport.com/product/eye-scissors/index.html]
[centralindiaexport.com/wp-content/uploads/2024/04/Eye-Scissors-215x215.html]
[centralindiaexport.com/product/fine-vannas-scissors/index.html]
[centralindiaexport.com/wp-content/uploads/2024/04/Corneal_Scissor_FINE_CURVED_FULL_CURVED_HALF_CURVED-215x215.html]
[centralindiaexport.com/product/hoffer-stern-capsulotomy-scissors/index.html]
[centralindiaexport.com/wp-content/uploads/2024/04/Hoffer-Stern-Capsulotomy-Scissors-215x215.html]
[centralindiaexport.com/product/intraocular-scissors/index.html]
[centralindiaexport.com/wp-content/uploads/2024/04/Intraocular-Scissors-215x215.html]
[centralindiaexport.com/product/iris-scissors/index.html]
[centralindiaexport.com/wp-content/uploads/2024/04/Micro-Iris-Scissors-215x215.html]
[centralindiaexport.com/product/jaffe-conjunctiva-scissors/index.html]
[centralindiaexport.com/wp-content/uploads/2024/04/Conjunctiva-Scissors-Jaffe-215x215.html]
[centralindiaexport.com/product-category/instruments/scissors/page/2/index.html]
[centralindiaexport.com/wp-content/uploads/happyaddons/css/ha-8188e64.css]
[centralindiaexport.com/wp-json/wp/v2/product_cat/75.html]
[centralindiaexport.com/wp-content/uploads/happyaddons/css/ha-818cfac.css]
[centralindiaexport.com/wp-json/wp/v2/product_cat/125.html]
[centralindiaexport.com/product-category/intraocular-lenses/disposable-injector-cartridge/indexca5c.html]
[centralindiaexport.com/product-category/intraocular-lenses/disposable-injector-cartridge/index1c07.html]
[centralindiaexport.com/product-category/intraocular-lenses/disposable-injector-cartridge/index27e6.html]
[centralindiaexport.com/product-category/intraocular-lenses/disposable-injector-cartridge/indexbd2b.html]
[centralindiaexport.com/product-category/intraocular-lenses/disposable-injector-cartridge/index2510.html]
[centralindiaexport.com/product-category/intraocular-lenses/disposable-injector-cartridge/index8cc1.html]
[centralindiaexport.com/product-category/intraocular-lenses/disposable-injector-cartridge/index103c.html]
[centralindiaexport.com/product-category/intraocular-lenses/disposable-injector-cartridge/indexa1a4.html]
[centralindiaexport.com/product-category/intraocular-lenses/disposable-injector-cartridge/indexaa92.html]
[centralindiaexport.com/product-category/intraocular-lenses/disposable-injector-cartridge/indexcc7b.html]
[centralindiaexport.com/product-category/intraocular-lenses/disposable-injector-cartridge/indexd6c0.html]
[centralindiaexport.com/product-category/intraocular-lenses/disposable-injector-cartridge/indexf539.html]
[centralindiaexport.com/product-category/intraocular-lenses/disposable-injector-cartridge/indexd462.html]
[centralindiaexport.com/product-category/intraocular-lenses/disposable-injector-cartridge/index475d.html]
[centralindiaexport.com/wp-content/uploads/2024/04/Disposable-Injector-Cartridge-215x215.html]
[centralindiaexport.com/wp-content/uploads/happyaddons/css/ha-818f00e.css]
[centralindiaexport.com/product-category/intraocular-lenses/foldable-hydrophilic-square-edge/feed/index.html]
[centralindiaexport.com/wp-json/wp/v2/product_cat/126.html]
[centralindiaexport.com/product-category/intraocular-lenses/foldable-hydrophilic-square-edge/indexca5c.html]
[centralindiaexport.com/product-category/intraocular-lenses/foldable-hydrophilic-square-edge/index1c07.html]
[centralindiaexport.com/product-category/intraocular-lenses/foldable-hydrophilic-square-edge/index27e6.html]
[centralindiaexport.com/product-category/intraocular-lenses/foldable-hydrophilic-square-edge/indexbd2b.html]
[centralindiaexport.com/product-category/intraocular-lenses/disposable-injector-cartridge/index1a1f.html]
[centralindiaexport.com/product-category/intraocular-lenses/foldable-hydrophilic-square-edge/index2510.html]
[centralindiaexport.com/product-category/intraocular-lenses/foldable-hydrophilic-square-edge/indexd462.html]
[centralindiaexport.com/product-category/intraocular-lenses/disposable-injector-cartridge/indexa314.html]
[centralindiaexport.com/product-category/intraocular-lenses/foldable-hydrophilic-square-edge/indexcc7b.html]
[centralindiaexport.com/product-category/intraocular-lenses/foldable-hydrophilic-square-edge/indexa314.html]
[centralindiaexport.com/product-category/intraocular-lenses/foldable-hydrophilic-square-edge/indexf539.html]
[centralindiaexport.com/product-category/intraocular-lenses/foldable-hydrophilic-square-edge/index4eb4.html]
[centralindiaexport.com/product-category/intraocular-lenses/foldable-hydrophilic-square-edge/index6f4e.html]
[centralindiaexport.com/product-category/intraocular-lenses/foldable-hydrophilic-square-edge/index475d.html]
[centralindiaexport.com/product-category/intraocular-lenses/foldable-hydrophilic-square-edge/index335c.html]
[centralindiaexport.com/product-category/intraocular-lenses/foldable-hydrophilic-square-edge/index2efc.html]
[centralindiaexport.com/wp-content/uploads/2024/03/preview-removebg-preview-215x215.html]
[centralindiaexport.com/product-category/intraocular-lenses/foldable-hydrophilic-square-edge/indexb6e8.html]
[centralindiaexport.com/wp-content/uploads/2024/04/Quadhaptic_Foldable_wcBzDNQ-215x215.html]
[centralindiaexport.com/product-category/intraocular-lenses/foldable-hydrophilic-square-edge/indexc46e.html]
[centralindiaexport.com/wp-content/uploads/2024/04/3-2-215x215.html]
[centralindiaexport.com/wp-content/uploads/happyaddons/css/ha-8183f0e.css]
[centralindiaexport.com/wp-json/wp/v2/product_cat/127.html]
[centralindiaexport.com/product-category/intraocular-lenses/hydrophobic-foldable/indexca5c.html]
[centralindiaexport.com/product-category/intraocular-lenses/foldable-hydrophilic-square-edge/index6a68.html]
[centralindiaexport.com/product-category/intraocular-lenses/foldable-hydrophilic-square-edge/indexcb2f.html]
[centralindiaexport.com/product-category/intraocular-lenses/hydrophobic-foldable/index1c07.html]
[centralindiaexport.com/product-category/intraocular-lenses/foldable-hydrophilic-square-edge/index387e.html]
[centralindiaexport.com/product-category/intraocular-lenses/hydrophobic-foldable/index992e.html]
[centralindiaexport.com/product-category/intraocular-lenses/hydrophobic-foldable/index27e6.html]
[centralindiaexport.com/product-category/intraocular-lenses/hydrophobic-foldable/index07ac.html]
[centralindiaexport.com/product-category/intraocular-lenses/hydrophobic-foldable/index9d74.html]
[centralindiaexport.com/product-category/intraocular-lenses/hydrophobic-foldable/indexbd2b.html]
[centralindiaexport.com/product-category/intraocular-lenses/hydrophobic-foldable/index103c.html]
[centralindiaexport.com/product-category/intraocular-lenses/hydrophobic-foldable/indexa1a4.html]
[centralindiaexport.com/product-category/intraocular-lenses/hydrophobic-foldable/index2510.html]
[centralindiaexport.com/product-category/intraocular-lenses/hydrophobic-foldable/index8cc1.html]
[centralindiaexport.com/product-category/intraocular-lenses/hydrophobic-foldable/indexaa92.html]
[centralindiaexport.com/product-category/intraocular-lenses/hydrophobic-foldable/indexcc7b.html]
[centralindiaexport.com/product-category/intraocular-lenses/hydrophobic-foldable/index1a1f.html]
[centralindiaexport.com/product-category/intraocular-lenses/hydrophobic-foldable/indexd6c0.html]
[centralindiaexport.com/product-category/intraocular-lenses/hydrophobic-foldable/index475d.html]
[centralindiaexport.com/wp-content/uploads/2024/04/Hydrophobic_Foldable_xIjRzXP-215x215.html]
[centralindiaexport.com/wp-content/uploads/happyaddons/css/ha-818cca9.css]
[centralindiaexport.com/wp-json/wp/v2/product_cat/128.html]
[centralindiaexport.com/product-category/intraocular-lenses/non-foldable-pmma/indexca5c.html]
[centralindiaexport.com/product-category/intraocular-lenses/hydrophobic-foldable/indexf539.html]
[centralindiaexport.com/product-category/intraocular-lenses/hydrophobic-foldable/indexd462.html]
[centralindiaexport.com/product-category/intraocular-lenses/non-foldable-pmma/index1c07.html]
[centralindiaexport.com/product-category/intraocular-lenses/hydrophobic-foldable/indexa314.html]
[centralindiaexport.com/product-category/intraocular-lenses/non-foldable-pmma/index992e.html]
[centralindiaexport.com/product-category/intraocular-lenses/non-foldable-pmma/index27e6.html]
[centralindiaexport.com/product-category/intraocular-lenses/non-foldable-pmma/index07ac.html]
[centralindiaexport.com/product-category/intraocular-lenses/non-foldable-pmma/index9d74.html]
[centralindiaexport.com/product-category/intraocular-lenses/non-foldable-pmma/indexbd2b.html]
[centralindiaexport.com/product-category/intraocular-lenses/non-foldable-pmma/index103c.html]
[centralindiaexport.com/product-category/intraocular-lenses/non-foldable-pmma/indexa1a4.html]
[centralindiaexport.com/product-category/intraocular-lenses/non-foldable-pmma/index2510.html]
[centralindiaexport.com/product-category/intraocular-lenses/non-foldable-pmma/indexaa92.html]
[centralindiaexport.com/product-category/intraocular-lenses/non-foldable-pmma/index8cc1.html]
[centralindiaexport.com/product-category/intraocular-lenses/non-foldable-pmma/indexcc7b.html]
[centralindiaexport.com/product-category/intraocular-lenses/non-foldable-pmma/indexd6c0.html]
[centralindiaexport.com/product-category/intraocular-lenses/non-foldable-pmma/index1a1f.html]
[centralindiaexport.com/product-category/intraocular-lenses/non-foldable-pmma/index475d.html]
[centralindiaexport.com/wp-content/uploads/2024/04/pmma-anterior-chamber-AC-lens-215x215.html]
[centralindiaexport.com/wp-content/uploads/2024/04/iris-claw-215x215.html]
[centralindiaexport.com/wp-content/uploads/2024/04/pmma-anterior-chamber-AC-iols-215x215.html]
[centralindiaexport.com/wp-content/uploads/2024/03/1-removebg-preview-1-215x215.html]
[centralindiaexport.com/wp-content/uploads/happyaddons/css/ha-818f762.css]
[centralindiaexport.com/wp-json/wp/v2/product_cat/129.html]
[centralindiaexport.com/product-category/intraocular-lenses/pmma-and-advance-capsular-tension-ring-ctr/indexca5c.html]
[centralindiaexport.com/product-category/intraocular-lenses/non-foldable-pmma/indexd462.html]
[centralindiaexport.com/product-category/intraocular-lenses/pmma-and-advance-capsular-tension-ring-ctr/index1c07.html]
[centralindiaexport.com/product-category/intraocular-lenses/non-foldable-pmma/indexf539.html]
[centralindiaexport.com/product-category/intraocular-lenses/non-foldable-pmma/indexa314.html]
[centralindiaexport.com/product-category/intraocular-lenses/pmma-and-advance-capsular-tension-ring-ctr/index27e6.html]
[centralindiaexport.com/product-category/intraocular-lenses/pmma-and-advance-capsular-tension-ring-ctr/index992e.html]
[centralindiaexport.com/product-category/intraocular-lenses/pmma-and-advance-capsular-tension-ring-ctr/index07ac.html]
[centralindiaexport.com/product-category/intraocular-lenses/pmma-and-advance-capsular-tension-ring-ctr/indexbd2b.html]
[centralindiaexport.com/product-category/intraocular-lenses/pmma-and-advance-capsular-tension-ring-ctr/index9d74.html]
[centralindiaexport.com/product-category/intraocular-lenses/pmma-and-advance-capsular-tension-ring-ctr/index103c.html]
[centralindiaexport.com/product-category/intraocular-lenses/pmma-and-advance-capsular-tension-ring-ctr/index2510.html]
[centralindiaexport.com/product-category/intraocular-lenses/pmma-and-advance-capsular-tension-ring-ctr/indexa1a4.html]
[centralindiaexport.com/product-category/intraocular-lenses/pmma-and-advance-capsular-tension-ring-ctr/index8cc1.html]
[centralindiaexport.com/product-category/intraocular-lenses/pmma-and-advance-capsular-tension-ring-ctr/indexcc7b.html]
[centralindiaexport.com/product-category/intraocular-lenses/pmma-and-advance-capsular-tension-ring-ctr/indexaa92.html]
[centralindiaexport.com/product-category/intraocular-lenses/pmma-and-advance-capsular-tension-ring-ctr/index1a1f.html]
[centralindiaexport.com/product-category/intraocular-lenses/pmma-and-advance-capsular-tension-ring-ctr/indexd6c0.html]
[centralindiaexport.com/product-category/intraocular-lenses/pmma-and-advance-capsular-tension-ring-ctr/index475d.html]
[centralindiaexport.com/wp-content/uploads/2024/04/ring-215x215.html]
[centralindiaexport.com/wp-content/uploads/2024/04/Capsule_Tension_Ring-215x215.html]
[centralindiaexport.com/wp-content/uploads/happyaddons/css/ha-818fd33.css]
[centralindiaexport.com/wp-json/wp/v2/product_cat/200.html]
[centralindiaexport.com/product-category/intraocular-lenses/three-piece-lenses/indexca5c.html]
[centralindiaexport.com/product-category/intraocular-lenses/pmma-and-advance-capsular-tension-ring-ctr/indexf539.html]
[centralindiaexport.com/product-category/intraocular-lenses/three-piece-lenses/index1c07.html]
[centralindiaexport.com/product-category/intraocular-lenses/pmma-and-advance-capsular-tension-ring-ctr/indexd462.html]
[centralindiaexport.com/product-category/intraocular-lenses/pmma-and-advance-capsular-tension-ring-ctr/indexa314.html]
[centralindiaexport.com/product-category/intraocular-lenses/three-piece-lenses/index27e6.html]
[centralindiaexport.com/product-category/intraocular-lenses/three-piece-lenses/index992e.html]
[centralindiaexport.com/product-category/intraocular-lenses/three-piece-lenses/index07ac.html]
[centralindiaexport.com/product-category/intraocular-lenses/three-piece-lenses/indexbd2b.html]
[centralindiaexport.com/product-category/intraocular-lenses/three-piece-lenses/index9d74.html]
[centralindiaexport.com/product-category/intraocular-lenses/three-piece-lenses/index2510.html]
[centralindiaexport.com/product-category/intraocular-lenses/three-piece-lenses/indexcc7b.html]
[centralindiaexport.com/product-category/intraocular-lenses/three-piece-lenses/indexd6c0.html]
[centralindiaexport.com/product-category/intraocular-lenses/three-piece-lenses/index475d.html]
[centralindiaexport.com/product-category/intraocular-lenses/three-piece-lenses/index1a1f.html]
[centralindiaexport.com/wp-content/uploads/2024/05/Hydrophobic-Acrylic-3-Piece-Intraocular-Lens-215x215.html]
[centralindiaexport.com/wp-content/uploads/2024/05/PMMA-3-Piece-with-UV-Absorbing-Intraocular-Lens-215x215.html]
[centralindiaexport.com/wp-content/uploads/happyaddons/css/ha-8188996.css]
[centralindiaexport.com/wp-json/wp/v2/product_cat/88.html]
[centralindiaexport.com/product-category/micro-surgical-blades/indexca5c.html]
[centralindiaexport.com/product-category/intraocular-lenses/three-piece-lenses/indexf539.html]
[centralindiaexport.com/product-category/micro-surgical-blades/index1c07.html]
[centralindiaexport.com/product-category/intraocular-lenses/three-piece-lenses/indexd462.html]
[centralindiaexport.com/product-category/micro-surgical-blades/index992e.html]
[centralindiaexport.com/product-category/micro-surgical-blades/index27e6.html]
[centralindiaexport.com/product-category/intraocular-lenses/three-piece-lenses/indexa314.html]
[centralindiaexport.com/product-category/micro-surgical-blades/index07ac.html]
[centralindiaexport.com/product-category/micro-surgical-blades/indexbd2b.html]
[centralindiaexport.com/product-category/micro-surgical-blades/index9d74.html]
[centralindiaexport.com/product-category/micro-surgical-blades/index103c.html]
[centralindiaexport.com/product-category/micro-surgical-blades/index2510.html]
[centralindiaexport.com/product-category/micro-surgical-blades/index8cc1.html]
[centralindiaexport.com/product-category/micro-surgical-blades/indexa1a4.html]
[centralindiaexport.com/product-category/micro-surgical-blades/indexaa92.html]
[centralindiaexport.com/product-category/micro-surgical-blades/indexcc7b.html]
[centralindiaexport.com/product-category/micro-surgical-blades/indexd6c0.html]
[centralindiaexport.com/product-category/micro-surgical-blades/indexf539.html]
[centralindiaexport.com/product-category/micro-surgical-blades/index475d.html]
[centralindiaexport.com/wp-content/uploads/2024/04/blades-box-2-400x133.html]
[centralindiaexport.com/wp-content/uploads/2024/04/Keratome_2.2mm_blade-215x215.html]
[centralindiaexport.com/wp-content/uploads/happyaddons/css/ha-8187b49.css]
[centralindiaexport.com/wp-json/wp/v2/product_cat/201.html]
[centralindiaexport.com/product-category/miscellaneouss/indexca5c.html]
[centralindiaexport.com/product-category/micro-surgical-blades/index1a1f.html]
[centralindiaexport.com/product-category/miscellaneouss/index1c07.html]
[centralindiaexport.com/product-category/micro-surgical-blades/indexd462.html]
[centralindiaexport.com/product-category/miscellaneouss/index27e6.html]
[centralindiaexport.com/product-category/micro-surgical-blades/indexa314.html]
[centralindiaexport.com/product-category/miscellaneouss/indexbd2b.html]
[centralindiaexport.com/product-category/miscellaneouss/index2510.html]
[centralindiaexport.com/product-category/miscellaneouss/indexcc7b.html]
[centralindiaexport.com/product-category/miscellaneouss/index475d.html]
[centralindiaexport.com/product/conformers/index.html]
[centralindiaexport.com/wp-content/uploads/2024/08/WhatsApp-Image-2024-08-05-at-18.10.16-1-215x215.html]
[centralindiaexport.com/wp-content/uploads/2024/08/WhatsApp-Image-2024-08-05-at-18.10.18-1-215x215.html]
[centralindiaexport.com/product-category/miscellaneouss/index992e.html]
[centralindiaexport.com/product-category/miscellaneouss/index07ac.html]
[centralindiaexport.com/wp-json/oembed/1.0/embed9452.json]
[centralindiaexport.com/product/exophthalmometer/feed/index.html]
[centralindiaexport.com/product-category/miscellaneouss/index9d74.html]
[centralindiaexport.com/wp-json/oembed/1.0/embedcfd2]
[centralindiaexport.com/wp-json/wp/v2/product/19758.json]
[centralindiaexport.com/wp-content/uploads/2024/08/WhatsApp-Image-2024-08-05-at-18.10.14-1.jpg]
[centralindiaexport.com/wp-content/uploads/2024/08/WhatsApp-Image-2024-08-05-at-18.10.14-1-700x394.jpg]
[centralindiaexport.com/wp-content/uploads/happyaddons/css/ha-818f978.css]
[centralindiaexport.com/product/exophthalmometer/index.html]
[centralindiaexport.com/wp-content/uploads/2024/08/WhatsApp-Image-2024-08-05-at-18.10.14-1-215x215.html]
[centralindiaexport.com/wp-json/oembed/1.0/embedf1f5.json]
[centralindiaexport.com/product/iris-button/feed/index.html]
[centralindiaexport.com/wp-json/oembed/1.0/embedcde3]
[centralindiaexport.com/wp-json/wp/v2/product/19732.json]
[centralindiaexport.com/wp-content/uploads/2024/08/WhatsApp-Image-2024-08-05-at-18.10.20-1.jpg]
[centralindiaexport.com/wp-content/uploads/2024/08/WhatsApp-Image-2024-08-05-at-18.10.20-1-700x525.jpg]
[centralindiaexport.com/wp-content/uploads/2024/08/WhatsApp-Image-2024-08-05-at-18.10.13.jpg]
[centralindiaexport.com/wp-content/uploads/2024/08/WhatsApp-Image-2024-08-05-at-18.10.13-700x525.jpg]
[centralindiaexport.com/wp-content/uploads/2024/08/WhatsApp-Image-2024-08-05-at-18.10.20-1-150x113.jpg]
[centralindiaexport.com/wp-content/uploads/2024/08/WhatsApp-Image-2024-08-05-at-18.10.13-150x113.jpg]
[centralindiaexport.com/wp-content/uploads/2024/07/schirmer-strip-215x215.jpg]
[centralindiaexport.com/wp-content/uploads/happyaddons/css/ha-81879c0.css]
[centralindiaexport.com/product/iris-button/index.html]
[centralindiaexport.com/wp-content/uploads/2024/08/WhatsApp-Image-2024-08-05-at-18.10.20-1-215x215.html]
[centralindiaexport.com/wp-content/uploads/2024/08/WhatsApp-Image-2024-08-05-at-18.10.13-215x215.html]
[centralindiaexport.com/wp-json/oembed/1.0/embed5de0.json]
[centralindiaexport.com/product/schirmer-strips/index.html]
[centralindiaexport.com/wp-json/oembed/1.0/embed4327]
[centralindiaexport.com/product/ophthalmic-impression-tray/feed/index.html]
[centralindiaexport.com/wp-json/wp/v2/product/19761.json]
[centralindiaexport.com/wp-content/uploads/2024/08/WhatsApp-Image-2024-08-05-at-18.10.15-1.jpg]
[centralindiaexport.com/wp-content/uploads/2024/08/WhatsApp-Image-2024-08-05-at-18.10.15-1-700x525.jpg]
[centralindiaexport.com/wp-content/uploads/happyaddons/css/ha-818099c.css]
[centralindiaexport.com/product/ophthalmic-impression-tray/index.html]
[centralindiaexport.com/wp-content/uploads/2024/08/WhatsApp-Image-2024-08-05-at-18.10.15-1-215x215.html]
[centralindiaexport.com/wp-json/oembed/1.0/embed905b.json]
[centralindiaexport.com/product/pmma-corneal-eye-protectors/feed/index.html]
[centralindiaexport.com/wp-json/oembed/1.0/embed7dc3]
[centralindiaexport.com/wp-json/wp/v2/product/19756.json]
[centralindiaexport.com/wp-content/uploads/2024/08/WhatsApp-Image-2024-08-05-at-18.10.17.jpg]
[centralindiaexport.com/wp-content/uploads/2024/08/WhatsApp-Image-2024-08-05-at-18.10.17-700x700.jpg]
[centralindiaexport.com/wp-content/uploads/happyaddons/css/ha-818db70.css]
[centralindiaexport.com/product/pmma-corneal-eye-protectors/index.html]
[centralindiaexport.com/wp-content/uploads/2024/08/WhatsApp-Image-2024-08-05-at-18.10.17-215x215.html]
[centralindiaexport.com/wp-json/oembed/1.0/embedd659.json]
[centralindiaexport.com/product/silicone-eye-balls-orbital-implant/feed/index.html]
[centralindiaexport.com/wp-json/oembed/1.0/embed201b]
[centralindiaexport.com/wp-json/wp/v2/product/19662.json]
[centralindiaexport.com/wp-content/uploads/2024/04/silicon-eye-ball.jpg]
[centralindiaexport.com/wp-content/uploads/2024/04/silicon-eye-ball-700x700.jpg]
[centralindiaexport.com/wp-content/uploads/happyaddons/css/ha-818a0f0.css]
[centralindiaexport.com/product/silicone-eye-balls-orbital-implant/index.html]
[centralindiaexport.com/wp-content/uploads/2024/04/silicon-eye-ball-215x215.html]
[centralindiaexport.com/product/suction-pump/index.html]
[centralindiaexport.com/wp-content/uploads/2024/08/WhatsApp-Image-2024-08-05-at-18.10.14-215x215.html]
[centralindiaexport.com/product/trial-frame/index.html]
[centralindiaexport.com/wp-content/uploads/2024/07/trial-frame-usd-93-each-215x215.html]
[centralindiaexport.com/wp-content/uploads/2024/07/trial-frame-215x186.html]
[centralindiaexport.com/product/trial-lens-set/index.html]
[centralindiaexport.com/wp-content/uploads/2024/07/trial-set-215x215.html]
[centralindiaexport.com/wp-content/uploads/happyaddons/css/ha-8183a40.css]
[centralindiaexport.com/wp-json/wp/v2/product_cat/78.html]
[centralindiaexport.com/product-category/ophthalmic-solutions/indexca5c.html]
[centralindiaexport.com/product-category/ophthalmic-solutions/index1c07.html]
[centralindiaexport.com/product-category/ophthalmic-solutions/index27e6.html]
[centralindiaexport.com/product-category/ophthalmic-solutions/index103c.html]
[centralindiaexport.com/product-category/ophthalmic-solutions/index8cc1.html]
[centralindiaexport.com/product-category/ophthalmic-solutions/indexa1a4.html]
[centralindiaexport.com/product-category/ophthalmic-solutions/indexbd2b.html]
[centralindiaexport.com/product-category/ophthalmic-solutions/indexaa92.html]
[centralindiaexport.com/product-category/ophthalmic-solutions/indexd6c0.html]
[centralindiaexport.com/product-category/ophthalmic-solutions/index2510.html]
[centralindiaexport.com/product-category/ophthalmic-solutions/index1a1f.html]
[centralindiaexport.com/product-category/ophthalmic-solutions/indexcc7b.html]
[centralindiaexport.com/product-category/ophthalmic-solutions/indexf539.html]
[centralindiaexport.com/product-category/ophthalmic-solutions/index475d.html]
[centralindiaexport.com/product-category/ophthalmic-solutions/indexd462.html]
[centralindiaexport.com/product-category/ophthalmic-solutions/indexa314.html]
[centralindiaexport.com/wp-json/oembed/1.0/embedb95d.json]
[centralindiaexport.com/wp-json/oembed/1.0/embeddade]
[centralindiaexport.com/wp-json/wp/v2/product/18215.json]
[centralindiaexport.com/wp-content/uploads/2024/04/carbachol_final-scaled.jpg]
[centralindiaexport.com/wp-content/uploads/2024/04/carbachol_final-scaled-700x450.jpg]
[centralindiaexport.com/wp-content/uploads/happyaddons/css/ha-8180d2a.css]
[centralindiaexport.com/product/carbachol-intraocular-solution-carbachol-intraocular-solution/index.html]
[centralindiaexport.com/wp-content/uploads/2024/04/carbachol_final-scaled-215x215.html]
[centralindiaexport.com/wp-json/oembed/1.0/embedf677.json]
[centralindiaexport.com/product/fluorescein-sodium-injection-10-and-20/feed/index.html]
[centralindiaexport.com/wp-json/oembed/1.0/embed7e48]
[centralindiaexport.com/wp-json/wp/v2/product/19630.json]
[centralindiaexport.com/wp-content/uploads/2024/07/fluresin_20_injection_3ml_458605_3_0.bmp]
[centralindiaexport.com/wp-content/uploads/happyaddons/css/ha-81821fe.css]
[centralindiaexport.com/product/fluorescein-sodium-injection-10-and-20/index.html]
[centralindiaexport.com/wp-content/uploads/2024/07/fluresin_20_injection_3ml_458605_3_0-215x215.html]
[centralindiaexport.com/wp-json/oembed/1.0/embedfcf7.json]
[centralindiaexport.com/wp-json/oembed/1.0/embedfae4]
[centralindiaexport.com/wp-json/wp/v2/product/18217.json]
[centralindiaexport.com/wp-content/uploads/2024/04/SODIUM_HYAL_1-scaled.jpg]
[centralindiaexport.com/wp-content/uploads/2024/04/SODIUM_HYAL_1-scaled-700x1426.jpg]
[centralindiaexport.com/wp-content/uploads/happyaddons/css/ha-81879d8.css]
[centralindiaexport.com/product/sodium-hyaluronate-sodium-hyaluronate/index.html]
[centralindiaexport.com/wp-content/uploads/2024/04/SODIUM_HYAL_1-scaled-215x215.html]
[centralindiaexport.com/wp-json/oembed/1.0/embedcee7.json]
[centralindiaexport.com/wp-json/oembed/1.0/embed0ca8]
[centralindiaexport.com/wp-json/wp/v2/product/18216.json]
[centralindiaexport.com/wp-content/uploads/2024/04/tryblue_final1-scaled.jpg]
[centralindiaexport.com/wp-content/uploads/2024/04/tryblue_final1-scaled-700x580.jpg]
[centralindiaexport.com/wp-content/uploads/2024/04/trypan-blue-ophthalmic-solution-1627453016-5709678.jpg]
[centralindiaexport.com/wp-content/uploads/2024/04/trypan-blue-ophthalmic-solution-1627453016-5709678-700x427.jpg]
[centralindiaexport.com/wp-content/uploads/2024/04/tryblue_final1-scaled-150x124.jpg]
[centralindiaexport.com/wp-content/uploads/2024/04/trypan-blue-ophthalmic-solution-1627453016-5709678-150x92.jpg]
[centralindiaexport.com/wp-content/uploads/happyaddons/css/ha-818c5a1.css]
[centralindiaexport.com/product/trypan-blue-0-06-ophthalmic-solution-trypan-blue/index.html]
[centralindiaexport.com/wp-content/uploads/2024/04/tryblue_final1-scaled-215x215.html]
[centralindiaexport.com/wp-content/uploads/2024/04/trypan-blue-ophthalmic-solution-1627453016-5709678-215x215.html]
[centralindiaexport.com/wp-content/uploads/happyaddons/css/ha-818e48e.css]
[centralindiaexport.com/wp-json/wp/v2/product_cat/85.html]
[centralindiaexport.com/product-category/retina-equipments/index992e.html]
[centralindiaexport.com/product-category/retina-equipments/index9d74.html]
[centralindiaexport.com/wp-content/uploads/happyaddons/css/ha-8180a53.css]
[centralindiaexport.com/product-category/retina-equipments/indexca5c.html]
[centralindiaexport.com/product-category/retina-equipments/index07ac.html]
[centralindiaexport.com/product-category/retina-equipments/page/3/indexca5c.html]
[centralindiaexport.com/product-category/retina-equipments/page/2/indexca5c.html]
[centralindiaexport.com/product-category/retina-equipments/index1c07.html]
[centralindiaexport.com/product-category/retina-equipments/page/4/indexca5c.html]
[centralindiaexport.com/product-category/retina-equipments/page/5/indexca5c.html]
[centralindiaexport.com/product-category/retina-equipments/indexa1a4.html]
[centralindiaexport.com/product-category/retina-equipments/index103c.html]
[centralindiaexport.com/wp-content/uploads/2024/04/Schirmer_Strips-215x215.png]
[centralindiaexport.com/product-category/retina-equipments/index8cc1.html]
[centralindiaexport.com/product-category/retina-equipments/page/2/index1c07.html]
[centralindiaexport.com/wp-content/uploads/2024/04/Green_Touch_Lissamine_Green_Strips-215x215.jpg]
[centralindiaexport.com/product-category/retina-equipments/page/3/index1c07.html]
[centralindiaexport.com/product-category/retina-equipments/page/4/index1c07.html]
[centralindiaexport.com/product-category/retina-equipments/indexaa92.html]
[centralindiaexport.com/wp-content/uploads/2024/04/SS257_Infusion_Cannula-215x215.png]
[centralindiaexport.com/product-category/retina-equipments/indexd6c0.html]
[centralindiaexport.com/product/diagnostic-strips-retina-equipments/index.html]
[centralindiaexport.com/product/infusion-cannula-vitreoretinal-instruments/index.html]
[centralindiaexport.com/product-category/retina-equipments/index1a1f.html]
[centralindiaexport.com/product-category/retina-equipments/index27e6.html]
[centralindiaexport.com/wp-content/uploads/happyaddons/css/ha-8181a8d.css]
[centralindiaexport.com/product-category/retina-equipments/indexbd2b.html]
[centralindiaexport.com/product-category/retina-equipments/index2510.html]
[centralindiaexport.com/product-category/retina-equipments/indexcc7b.html]
[centralindiaexport.com/product-category/retina-equipments/index475d.html]
[centralindiaexport.com/product/may-vitreoretinal-instruments/index.html]
[centralindiaexport.com/product/membrane-peeler-vitreoretinal-instruments/index.html]
[centralindiaexport.com/product/monocular-telescops-for-l-va-2x-3x-retina-equipments/index.html]
[centralindiaexport.com/product/ocular-surgery-retina-equipments/index.html]
[centralindiaexport.com/wp-json/oembed/1.0/embed1ef3.json]
[centralindiaexport.com/product/phaco-practice-eye-retina-equipments/index.html]
[centralindiaexport.com/product/punch-retina-equipments/index.html]
[centralindiaexport.com/product-category/retina-equipments/page/2/indexbd2b.html]
[centralindiaexport.com/wp-json/oembed/1.0/embed9f0c]
[centralindiaexport.com/product-category/retina-equipments/page/3/index2510.html]
[centralindiaexport.com/product-category/retina-equipments/page/2/index2510.html]
[centralindiaexport.com/product-category/retina-equipments/page/4/index2510.html]
[centralindiaexport.com/wp-json/wp/v2/product/18164.json]
[centralindiaexport.com/product-category/retina-equipments/page/2/indexcc7b.html]
[centralindiaexport.com/product-category/retina-equipments/page/2/index475d.html]
[centralindiaexport.com/wp-content/uploads/2024/04/2-Mirror-Gonioscopy.jpg]
[centralindiaexport.com/wp-content/uploads/2024/04/Silicon-Oil-Injector-Retina-Equipments-215x215.jpg]
[centralindiaexport.com/product/2-mirror-gonioscopy-retina-equipments/index.html]
[centralindiaexport.com/wp-content/uploads/2024/04/2-Mirror-Gonioscopy-215x215.html]
[centralindiaexport.com/wp-content/uploads/happyaddons/css/ha-818c5ee.css]
[centralindiaexport.com/product/silicon-oil-injector-retina-equipments/index.html]
[centralindiaexport.com/wp-json/oembed/1.0/embed1d84.json]
[centralindiaexport.com/wp-json/oembed/1.0/embed3be7]
[centralindiaexport.com/wp-json/wp/v2/product/18090.json]
[centralindiaexport.com/wp-content/uploads/2024/04/20-psi-Vitrectomy.jpg]
[centralindiaexport.com/wp-content/uploads/2024/04/20-psi-Vitrectomy-700x350.jpg]
[centralindiaexport.com/wp-content/uploads/2024/04/Phaco-Wrench-215x215.png]
[centralindiaexport.com/wp-content/uploads/2024/04/SS263_Subretinal_Injector_GLASER-215x215.png]
[centralindiaexport.com/wp-content/uploads/happyaddons/css/ha-8186cce.css]
[centralindiaexport.com/product/20-psi-vitrectomy-vitreoretinal-instruments/index.html]
[centralindiaexport.com/wp-content/uploads/2024/04/20-psi-Vitrectomy-215x215.html]
[centralindiaexport.com/wp-json/oembed/1.0/embed24ec.json]
[centralindiaexport.com/product/subretinal-injecti-vitreoretinal-instruments/index.html]
[centralindiaexport.com/product/phaco-wrench-phaco-tips/index.html]
[centralindiaexport.com/wp-json/oembed/1.0/embeda9d1]
[centralindiaexport.com/wp-json/wp/v2/product/18165.json]
[centralindiaexport.com/wp-content/uploads/2024/04/Three_Mirror_Goniolens.jpg]
[centralindiaexport.com/wp-content/uploads/2024/04/Three_Mirror_Goniolens-700x264.jpg]
[centralindiaexport.com/wp-content/uploads/2024/04/Single_Mirror_Goniolens-215x215.jpg]
[centralindiaexport.com/product/3-mirror-gonioscopy-retina-equipments/index.html]
[centralindiaexport.com/wp-content/uploads/2024/04/Three_Mirror_Goniolens-215x215.html]
[centralindiaexport.com/wp-json/oembed/1.0/embed52b8.json]
[centralindiaexport.com/product/single-mirror-gonioscopy-retina-equipments/index.html]
[centralindiaexport.com/wp-json/oembed/1.0/embede3cc]
[centralindiaexport.com/wp-json/wp/v2/product/18161.json]
[centralindiaexport.com/wp-content/uploads/2024/04/Four_Mirror_Goniolens.jpg]
[centralindiaexport.com/wp-content/uploads/2024/04/Four_Mirror_Goniolens-700x319.jpg]
[centralindiaexport.com/product/4-mirror-gonioscopy-retina-equipments/index.html]
[centralindiaexport.com/wp-content/uploads/2024/04/Four_Mirror_Goniolens-215x215.html]
[centralindiaexport.com/wp-json/oembed/1.0/embedcc5f.json]
[centralindiaexport.com/wp-json/oembed/1.0/embedb3fa]
[centralindiaexport.com/wp-json/wp/v2/product/18099.json]
[centralindiaexport.com/wp-content/uploads/2024/04/45-Diopter.jpg]
[centralindiaexport.com/product/45-diaptor-vitreoretinal-instruments/index.html]
[centralindiaexport.com/wp-content/uploads/2024/04/45-Diopter-215x215.html]
[centralindiaexport.com/wp-json/oembed/1.0/embeddbfe.json]
[centralindiaexport.com/wp-json/oembed/1.0/embedc3b9]
[centralindiaexport.com/wp-json/wp/v2/product/18100.json]
[centralindiaexport.com/product/90-diaptor-vitreoretinal-instruments/index.html]
[centralindiaexport.com/wp-json/oembed/1.0/embed6404.json]
[centralindiaexport.com/wp-json/oembed/1.0/embedbaa0]
[centralindiaexport.com/wp-json/wp/v2/product/18162.json]
[centralindiaexport.com/wp-content/uploads/2024/04/20D_Aspheric_Lens.jpg]
[centralindiaexport.com/wp-content/uploads/2024/04/20D_Aspheric_Lens-700x489.jpg]
[centralindiaexport.com/wp-content/uploads/2024/04/78D_Aspheric_Lens.jpg]
[centralindiaexport.com/wp-content/uploads/2024/04/78D_Aspheric_Lens-700x430.jpg]
[centralindiaexport.com/wp-content/uploads/happyaddons/css/ha-818e251.css]
[centralindiaexport.com/product/aspheric-lenses-retina-equipments/index.html]
[centralindiaexport.com/wp-content/uploads/2024/04/20D_Aspheric_Lens-215x215.html]
[centralindiaexport.com/wp-content/uploads/2024/04/78D_Aspheric_Lens-215x215.html]
[centralindiaexport.com/product/back-flush-flute-needle-with-silicon-tipped-cannula-retina-equipments/index.html]
[centralindiaexport.com/wp-content/uploads/2024/04/BackFlush_Flute_Needle_With_Silicon_Tip_Cannula-215x215.html]
[centralindiaexport.com/product/cam-vision-stimulator-retina-equipments/index.html]
[centralindiaexport.com/wp-content/uploads/2024/04/Cam_Vision_Stimulator-215x215.html]
[centralindiaexport.com/product/capsular-tension-ring-retina-equipments/index.html]
[centralindiaexport.com/wp-content/uploads/2024/04/Capsular_Tension_Ring_With_Scleral_Fixation_Arm-215x215.html]
[centralindiaexport.com/product/cellulose-pva-sponge-spears-retina-equipments/index.html]
[centralindiaexport.com/wp-content/uploads/2024/04/PVA_Sponge_Spears-215x215.html]
[centralindiaexport.com/product/charles-vitreoretinal-instruments/index.html]
[centralindiaexport.com/wp-content/uploads/2024/04/BackFlush_Instrument_Flute_Handle_CHARLES-215x215.html]
[centralindiaexport.com/product-category/retina-equipments/page/2/index.html]
[centralindiaexport.com/product-category/retina-equipments/page/3/index.html]
[centralindiaexport.com/product-category/retina-equipments/page/4/index.html]
[centralindiaexport.com/wp-content/uploads/happyaddons/css/ha-81857a1.css]
[centralindiaexport.com/product-category/uncategorised/feed/index.html]
[centralindiaexport.com/wp-json/wp/v2/product_cat/20.html]
[centralindiaexport.com/product-category/uncategorised/indexca5c.html]
[centralindiaexport.com/product-category/uncategorised/index1c07.html]
[centralindiaexport.com/product-category/uncategorised/index27e6.html]
[centralindiaexport.com/product-category/uncategorised/indexbd2b.html]
[centralindiaexport.com/product-category/uncategorised/index2510.html]
[centralindiaexport.com/product-category/uncategorised/indexcc7b.html]
[centralindiaexport.com/product-category/uncategorised/index475d.html]
[centralindiaexport.com/product/agarwals-no-anest-speculums/index.html]
[centralindiaexport.com/wp-content/uploads/2024/04/Speculums-Agarwals-No-Anest-215x215.html]
[centralindiaexport.com/product/agarwals-phaco-choppers/index.html]
[centralindiaexport.com/wp-content/uploads/2024/04/Phaco-Choppers-Agarwals-215x215.html]
[centralindiaexport.com/product/akahoshi-nucleus-rotator/index.html]
[centralindiaexport.com/wp-content/uploads/2024/04/Akahoshi-Nucleus-Rotator-215x215.html]
[centralindiaexport.com/product/aker-lens-manipulators/index.html]
[centralindiaexport.com/wp-content/uploads/2024/04/Lens-Manipulators-Aker-215x215.html]
[centralindiaexport.com/wp-json/oembed/1.0/embedda50.json]
[centralindiaexport.com/wp-json/oembed/1.0/embed07ee]
[centralindiaexport.com/wp-json/wp/v2/product/17212.json]
[centralindiaexport.com/wp-content/uploads/2024/04/Lens-Manipulators-Algerbrush.jpg]
[centralindiaexport.com/wp-content/uploads/2024/04/Lens-Loops-Simcoe-215x215.jpg]
[centralindiaexport.com/wp-content/uploads/2024/04/Lens-Manipulators-Sinskey-II-215x215.jpg]
[centralindiaexport.com/product/algerbrush-lens-manipulators/index.html]
[centralindiaexport.com/wp-content/uploads/2024/04/Lens-Manipulators-Algerbrush-215x215.html]
[centralindiaexport.com/wp-content/uploads/2024/04/Arul-Phaco-Speculu-Speculums-215x177.jpg]
[centralindiaexport.com/product/simcoe-lens-loops/index.html]
[centralindiaexport.com/wp-content/uploads/2024/04/Needles-Atkinson-215x215.jpg]
[centralindiaexport.com/product/sinskey-ii-lens-manipulators/index.html]
[centralindiaexport.com/product/arul-phaco-speculu-speculums/index.html]
[centralindiaexport.com/product/atkinson-needles/index.html]
[centralindiaexport.com/wp-content/uploads/2024/04/Chalazion-Forceps-Ayer-215x200.jpg]
[centralindiaexport.com/wp-content/uploads/2024/04/Lens-Manipulators-Bahr-Maltzman-215x215.jpg]
[centralindiaexport.com/wp-content/uploads/2024/04/Lacrimal-Cannulas-Bailey-215x215.jpg]
[centralindiaexport.com/product/ayer-chalazion-forceps/index.html]
[centralindiaexport.com/wp-content/uploads/2024/04/SS373_Lasik_Irrigating_Cannula_Banaji-215x215.png]
[centralindiaexport.com/product/bahr-maltzman-lens-manipulators/index.html]
[centralindiaexport.com/wp-content/uploads/2024/04/Blade-Bard-Parker-Blade-215x215.jpg]
[centralindiaexport.com/wp-content/uploads/2024/04/Blade-Bard-Parker-Handle-215x215.jpg]
[centralindiaexport.com/wp-content/uploads/2024/04/Barraquer-Needle-Holder-215x215.jpg]
[centralindiaexport.com/wp-content/uploads/2024/04/Cilia-Forceps-Barraquer-215x215.jpg]
[centralindiaexport.com/product/bailey-lacrimal-cannulas/index.html]
[centralindiaexport.com/wp-content/uploads/2024/04/Spatulas-Barraquer-215x215.jpg]
[centralindiaexport.com/product/banaji-lasik-lasik-cannulas/index.html]
[centralindiaexport.com/wp-content/uploads/2024/04/Speculums-Barraquer-215x215.jpg]
[centralindiaexport.com/product/bard-parker-handle-blade/index.html]
[centralindiaexport.com/wp-content/uploads/2024/04/Spoons-Barraquer-215x215.jpg]
[centralindiaexport.com/product/bard-parker-blade-blade/index.html]
[centralindiaexport.com/product/barraquer-needle-holder/index.html]
[centralindiaexport.com/wp-content/uploads/2024/04/Barrett-Duo-Nucleus-Rotator-215x215.jpg]
[centralindiaexport.com/product/barraquer-blade-breaker-and-holder/index.html]
[centralindiaexport.com/wp-content/uploads/2024/04/SS211_Intraocular_Lens_Cannula_BECHERT-215x215.png]
[centralindiaexport.com/product/barraquer-cilia-forceps/index.html]
[centralindiaexport.com/product/barraquer-knives/index.html]
[centralindiaexport.com/wp-content/uploads/2024/04/Nuclear-Rotator-Bechert-215x215.jpg]
[centralindiaexport.com/product/barraquer-spatulas/index.html]
[centralindiaexport.com/product/barraquer-speculums/index.html]
[centralindiaexport.com/wp-content/uploads/2024/04/Cilia-Forceps-Beer-215x215.jpg]
[centralindiaexport.com/product/barraquer-spoons/index.html]
[centralindiaexport.com/product/barrett-duo-nucleus-rotator/index.html]
[centralindiaexport.com/wp-content/uploads/2024/04/Chalazion-Forceps-Berke-215x215.jpg]
[centralindiaexport.com/product/bechert-irrigating-lens-manipulator-cannulas/index.html]
[centralindiaexport.com/product/bechert-nucleus-rotator/index.html]
[centralindiaexport.com/wp-content/uploads/happyaddons/css/ha-818350e.css]
[centralindiaexport.com/product-category/uncategorised/page/2/index.html]
[centralindiaexport.com/product/berke-chalazion-forceps/index.html]
[centralindiaexport.com/product/beer-cilia-forceps/index.html]
[centralindiaexport.com/product-category/uncategorised/page/5/index.html]
[centralindiaexport.com/product-category/uncategorised/page/21/index.html]
[centralindiaexport.com/wp-content/uploads/2024/04/Bevel-needle-215x215.jpg]
[centralindiaexport.com/product-category/uncategorised/page/22/index.html]
[centralindiaexport.com/wp-content/uploads/2024/04/Punches-Beyer-215x215.jpg]
[centralindiaexport.com/product-category/uncategorised/page/23/index.html]
[centralindiaexport.com/product/berkely-optic-zone-markers/index.html]
[centralindiaexport.com/wp-content/uploads/2024/04/Hydrodissection-Cannulas-Binkhorst-215x215.jpg]
[centralindiaexport.com/product/bevel-needles/index.html]
[centralindiaexport.com/product/beyer-punches/index.html]
[centralindiaexport.com/product/binkhorst-hydrodissection-cannulas/index.html]
[centralindiaexport.com/wp-content/uploads/happyaddons/css/ha-81849be.css]
[centralindiaexport.com/product-category/uncategorised/page/3/index.html]
[centralindiaexport.com/wp-content/uploads/happyaddons/css/ha-8186d66.css]
[centralindiaexport.com/product-category/uncategorised/page/4/index.html]
[centralindiaexport.com/product-category/uncategorised/page/43/index.html]
[centralindiaexport.com/product-category/uncategorised/page/44/index.html]
[centralindiaexport.com/product-category/uncategorised/page/45/index.html]
[centralindiaexport.com/product/brierley-a-c-maintainer/index.html]
[centralindiaexport.com/wp-content/uploads/happyaddons/css/ha-818b44b.html]
[centralindiaexport.com/product/brown-eye-artificial-eyes/index.html]
[centralindiaexport.com/wp-json/wp/v2/product_cat/80.html]
[centralindiaexport.com/product/bracken-anterior-chamber-cannulas/index.html]
[centralindiaexport.com/product-category/vision-drum-acuity-chart/indexca5c.html]
[centralindiaexport.com/product/bunge-spoons/index.html]
[centralindiaexport.com/product/buratto-lasik-lasik-cannulas/index.html]
[centralindiaexport.com/product/capsulorhexis-cyst-cystotomes/index.html]
[centralindiaexport.com/product/carbon-razor-blade-blade/index.html]
[centralindiaexport.com/product-category/vision-drum-acuity-chart/index1c07.html]
[centralindiaexport.com/product/caro-nucleus-rotator/index.html]
[centralindiaexport.com/product/castroviejo-blade-breaker-and-holder/index.html]
[centralindiaexport.com/product-category/vision-drum-acuity-chart/index27e6.html]
[centralindiaexport.com/product/castroviejo-castroviejo-needle-holder/index.html]
[centralindiaexport.com/product/castroviejo-cyclodialysis-cannulas/index.html]
[centralindiaexport.com/product-category/vision-drum-acuity-chart/indexbd2b.html]
[centralindiaexport.com/product/castroviejo-probes-and-dilators/index.html]
[centralindiaexport.com/product/castroviejo-spatulas/index.html]
[centralindiaexport.com/product-category/vision-drum-acuity-chart/index2510.html]
[centralindiaexport.com/product/castroviejo-spatulas-2/index.html]
[centralindiaexport.com/product/castroviejo-spatulas-3/index.html]
[centralindiaexport.com/product/castroviejo-speculums/index.html]
[centralindiaexport.com/product-category/vision-drum-acuity-chart/indexcc7b.html]
[centralindiaexport.com/product-category/uncategorised/page/7/index.html]
[centralindiaexport.com/product-category/vision-drum-acuity-chart/index992e.html]
[centralindiaexport.com/product-category/vision-drum-acuity-chart/index9d74.html]
[centralindiaexport.com/product-category/vision-drum-acuity-chart/index475d.html]
[centralindiaexport.com/product-category/vision-drum-acuity-chart/index07ac.html]
[centralindiaexport.com/product-category/vision-drum-acuity-chart/index103c.html]
[centralindiaexport.com/product-category/vision-drum-acuity-chart/indexa1a4.html]
[centralindiaexport.com/product-category/vision-drum-acuity-chart/index8cc1.html]
[centralindiaexport.com/product-category/vision-drum-acuity-chart/indexaa92.html]
[centralindiaexport.com/product-category/vision-drum-acuity-chart/indexd6c0.html]
[centralindiaexport.com/wp-json/oembed/1.0/embed5d39.json]
[centralindiaexport.com/product-category/vision-drum-acuity-chart/index1a1f.html]
[centralindiaexport.com/product-category/vision-drum-acuity-chart/indexf539.html]
[centralindiaexport.com/wp-json/oembed/1.0/embedda7a]
[centralindiaexport.com/product-category/vision-drum-acuity-chart/indexa314.html]
[centralindiaexport.com/wp-json/wp/v2/product/18218.json]
[centralindiaexport.com/wp-content/uploads/2024/04/Cyber_Chart.jpg]
[centralindiaexport.com/wp-content/uploads/2024/04/Cyber_Chart-700x700.jpg]
[centralindiaexport.com/product/cyber-charts/index.html]
[centralindiaexport.com/wp-content/uploads/2024/04/Cyber_Chart-215x215.html]
[centralindiaexport.com/product-category/vision-drum-acuity-chart/indexd462.html]
[centralindiaexport.com/wp-json/oembed/1.0/embedf66f.json]
[centralindiaexport.com/wp-json/oembed/1.0/embedbe51]
[centralindiaexport.com/wp-json/wp/v2/product/18219.json]
[centralindiaexport.com/wp-content/uploads/2024/04/Distant_Vision_Drum_With_Remote.jpg]
[centralindiaexport.com/product/distant-vision-drum-with-remote-cyber-charts/index.html]
[centralindiaexport.com/wp-content/uploads/2024/04/Distant_Vision_Drum_With_Remote-215x215.html]
[centralindiaexport.com/wp-content/uploads/happyaddons/css/ha-81827c7.css]
[centralindiaexport.com/wp-json/oembed/1.0/embedd3ae.html]
[centralindiaexport.com/wp-json/oembed/1.0/embed4eb4.html]
[centralindiaexport.com/wp-content/plugins/woocommerce/assets/css/select2a151.html]
[centralindiaexport.com/wp-content/themes/woodmart/css/parts/woo-mod-order-details.min9e2d.html]
[centralindiaexport.com/wp-content/themes/woodmart/css/parts/woo-page-my-account.min9e2d.html]
[centralindiaexport.com/wp-content/themes/woodmart/css/parts/woo-page-login-register.min9e2d.html]
[centralindiaexport.com/wp-content/plugins/woocommerce/assets/js/selectWoo/selectWoo.full.mind29b.html]
[centralindiaexport.com/wp-content/plugins/woocommerce/assets/js/frontend/account-i18n.mina151.html]
[centralindiaexport.com/wp-json/wp/v2/pages/12.html]
[centralindiaexport.com/index678b.html]
[centralindiaexport.com/index3b72.html]
[centralindiaexport.com/wp-content/uploads/happyaddons/css/ha-81812b2.css]
[centralindiaexport.com/wp-content/themes/woodmart/js/scripts/wc/woocommerceWrappTable.min9e2d.html]
[centralindiaexport.com/wp-content/themes/woodmart/js/scripts/wc/loginTabs.min9e2d.html]
[centralindiaexport.com/wp-json/oembed/1.0/embed9b43.html]
[centralindiaexport.com/wp-json/oembed/1.0/embed780e.html]
[centralindiaexport.com/wp-content/themes/woodmart/css/parts/woo-page-wishlist.min9e2d.html]
[centralindiaexport.com/wp-content/themes/woodmart/css/parts/woo-page-empty-page.min9e2d.html]
[centralindiaexport.com/wp-json/wp/v2/pages/60.html]
[centralindiaexport.com/index0721.html]
[centralindiaexport.com/wp-content/uploads/happyaddons/css/ha-8183471.css]
[centralindiaexport.com/wp-json/oembed/1.0/embed1e1c.html]
[centralindiaexport.com/wp-json/oembed/1.0/embedf5de.html]
[centralindiaexport.com/wp-content/themes/woodmart/css/parts/woo-page-cart.min9e2d.html]
[centralindiaexport.com/wp-content/themes/woodmart/css/parts/woo-page-cart-predefined.min9e2d.html]
[centralindiaexport.com/wp-content/themes/woodmart/css/parts/woo-mod-checkout-steps.min9e2d.html]
[centralindiaexport.com/wp-content/plugins/woocommerce/assets/js/frontend/country-select.mina151.html]
[centralindiaexport.com/wp-content/plugins/woocommerce/assets/js/frontend/address-i18n.mina151.html]
[centralindiaexport.com/wp-content/plugins/woocommerce/assets/js/frontend/cart.mina151.html]
[centralindiaexport.com/wp-json/wp/v2/pages/10.html]
[centralindiaexport.com/index64b4.html]
[centralindiaexport.com/checkout/index.html]
[centralindiaexport.com/wp-json/oembed/1.0/embed8c23.json]
[centralindiaexport.com/wp-json/oembed/1.0/embed5a60]
[centralindiaexport.com/wp-content/uploads/elementor/css/post-1947657cd.css]
[centralindiaexport.com/wp-content/uploads/happyaddons/css/ha-19476fa20.css]
[centralindiaexport.com/wp-json/wp/v2/pages/19476.json]
[centralindiaexport.com/wp-content/uploads/2024/04/pmma.jpg]
[centralindiaexport.com/wp-content/uploads/2024/04/pmma-AC-IAC-6025-864x800.jpg]
[centralindiaexport.com/wp-content/uploads/2024/04/pmma-anterior-chamber-AC-lens-800x800.jpg]
[centralindiaexport.com/wp-content/uploads/2024/04/iris-claw-800x800.jpg]
[centralindiaexport.com/wp-content/uploads/2024/04/ring.jpg]
[centralindiaexport.com/wp-content/uploads/2024/04/pmma-ips-6025-864x800.jpg]
[centralindiaexport.com/wp-content/uploads/2024/04/pmma-anterior-chamber-AC-iols.jpg]
[centralindiaexport.com/wp-content/uploads/2024/04/IOVUE-pmma-phaco-lens-IPS5525-864x800.jpg]
[centralindiaexport.com/wp-content/uploads/2024/04/pmma-scleral-fixation-lens.jpg]
[centralindiaexport.com/wp-content/uploads/happyaddons/css/ha-818fa20.css]
[centralindiaexport.com/non-foldable-pmma-capsular-tension-ringctr/index.html]
[centralindiaexport.com/wp-content/uploads/elementor/css/post-19559f708.css]
[centralindiaexport.com/wp-content/themes/woodmart/css/parts/woo-product-loop-list.min9e2d.css]
[centralindiaexport.com/indexe2ee.html]
[centralindiaexport.com/wp-content/uploads/happyaddons/css/ha-8183490.css]
[centralindiaexport.com/wp-content/uploads/happyaddons/css/ha-8187d8f.css]
[centralindiaexport.com/wp-content/uploads/happyaddons/css/ha-8187681.css]
[centralindiaexport.com/wp-content/uploads/happyaddons/css/ha-8184092.css]
[centralindiaexport.com/wp-content/themes/woodmart/js/libs/isotope-bundle.min9e2d.js]
[centralindiaexport.com/wp-content/themes/woodmart/js/scripts/global/masonryLayout.min9e2d.js]
[centralindiaexport.com/wp-content/uploads/elementor/css/post-44005437.css]
[centralindiaexport.com/wp-content/themes/woodmart/css/parts/el-counter.min9e2d.css]
[centralindiaexport.com/indexa6ff.html]
[centralindiaexport.com/wp-content/uploads/happyaddons/css/ha-818c874.css]
[centralindiaexport.com/wp-content/themes/woodmart/js/scripts/elements/counter.min9e2d.js]
[centralindiaexport.com/wp-content/uploads/elementor/css/post-4439a7a7.css]
[centralindiaexport.com/wp-content/themes/woodmart/css/parts/el-map.min9e2d.css]
[centralindiaexport.com/wp-content/themes/woodmart/css/parts/el-google-map.min9e2d.css]
[centralindiaexport.com/wp-content/themes/woodmart/css/parts/el-accordion.min9e2d.css]
[centralindiaexport.com/wp-json/wp/v2/pages/4439.html]
[centralindiaexport.com/index60f4.html]
[centralindiaexport.com/wp-content/uploads/elementor/css/post-4452a7a7.html]
[centralindiaexport.com/about-us-3/index.html]
[centralindiaexport.com/wp-content/uploads/happyaddons/css/ha-818c06b.css]
[centralindiaexport.com/wp-content/themes/woodmart/js/libs/maplace.min9e2d.html]
[centralindiaexport.com/wp-content/themes/woodmart/js/scripts/elements/googleMap.min9e2d.html]
[centralindiaexport.com/wp-content/themes/woodmart/js/scripts/elements/accordion.min9e2d.html]
[centralindiaexport.com/wp-content/themes/woodmart/css/parts/woo-single-prod-el-base.min9e2d.css]
[centralindiaexport.com/wp-content/themes/woodmart/css/parts/woo-mod-stock-status.min9e2d.css]
[centralindiaexport.com/wp-content/themes/woodmart/css/parts/woo-mod-shop-attributes.min9e2d.css]
[centralindiaexport.com/wp-content/themes/woodmart/css/parts/woo-single-prod-predefined.min9e2d.css]
[centralindiaexport.com/wp-content/themes/woodmart/css/parts/woo-single-prod-and-quick-view-predefined.min9e2d.css]
[centralindiaexport.com/wp-content/themes/woodmart/css/parts/woo-single-prod-el-tabs-predefined.min9e2d.css]
[centralindiaexport.com/wp-content/themes/woodmart/css/parts/woo-single-prod-el-gallery.min9e2d.css]
[centralindiaexport.com/wp-content/themes/woodmart/css/parts/woo-single-prod-el-gallery-opt-thumb-left-desktop.min9e2d.css]
[centralindiaexport.com/wp-content/themes/woodmart/images/default-skin.png]
[centralindiaexport.com/wp-content/themes/woodmart/css/parts/lib-photoswipe.min9e2d.css]
[centralindiaexport.com/wp-content/themes/woodmart/images/default-skin.svg]
[centralindiaexport.com/wp-content/themes/woodmart/css/parts/woo-single-prod-el-navigation.min9e2d.css]
[centralindiaexport.com/wp-content/themes/woodmart/css/parts/woo-single-prod-el-tabs-opt-layout-tabs.min9e2d.css]
[centralindiaexport.com/wp-content/themes/woodmart/css/parts/woo-single-prod-el-reviews.min9e2d.css]
[centralindiaexport.com/wp-content/themes/woodmart/css/parts/woo-single-prod-el-reviews-style-1.min9e2d.css]
[centralindiaexport.com/wp-content/themes/woodmart/css/parts/mod-comments.min9e2d.css]
[centralindiaexport.com/wp-content/plugins/woocommerce/assets/js/zoom/jquery.zoom.minb88d.js]
[centralindiaexport.com/wp-content/plugins/woocommerce/assets/js/frontend/single-product.mina151.html]
[centralindiaexport.com/wp-json/wp/v2/product/19474.html]
[centralindiaexport.com/index6e58.html]
[centralindiaexport.com/wp-content/uploads/2024/04/pmma-AC-IAC-6025.html]
[centralindiaexport.com/wp-content/uploads/2024/04/pmma-AC-IAC-6025-700x648.html]
[centralindiaexport.com/wp-content/uploads/2024/04/pmma-anterior-chamber-AC-lens.html]
[centralindiaexport.com/wp-content/uploads/2024/04/pmma-anterior-chamber-AC-lens-700x700.html]
[centralindiaexport.com/wp-content/uploads/2024/04/pmma-AC-IAC-6025-150x139.html]
[centralindiaexport.com/wp-includes/js/comment-reply.min40dd.html]
[centralindiaexport.com/wp-content/themes/woodmart/js/scripts/wc/initZoom.min9e2d.html]
[centralindiaexport.com/wp-content/themes/woodmart/js/libs/photoswipe-bundle.min9e2d.html]
[centralindiaexport.com/wp-content/themes/woodmart/js/scripts/wc/productImages.min9e2d.html]
[centralindiaexport.com/wp-content/themes/woodmart/js/scripts/global/callPhotoSwipe.min9e2d.html]
[centralindiaexport.com/wp-content/themes/woodmart/js/scripts/wc/singleProductTabsAccordion.min9e2d.html]
[centralindiaexport.com/wp-content/themes/woodmart/js/scripts/wc/woocommerceComments.min9e2d.html]
[centralindiaexport.com/index06c2.html]
[centralindiaexport.com/wp-json/oembed/1.0/embedb6a4.json]
[centralindiaexport.com/wp-content/uploads/happyaddons/css/ha-8183ee7.css]
[centralindiaexport.com/product/anis-corneal-markers/index.html]
[centralindiaexport.com/wp-content/uploads/happyaddons/css/ha-818fd34.css]
[centralindiaexport.com/product/castroviejo-caliper/index.html]
[centralindiaexport.com/wp-content/uploads/happyaddons/css/ha-8181fbd.css]
[centralindiaexport.com/product/dastoor-dissectors/index.html]
[centralindiaexport.com/wp-content/uploads/happyaddons/css/ha-8182786.css]
[centralindiaexport.com/product/jameson-caliper/index.html]
[centralindiaexport.com/wp-content/uploads/happyaddons/css/ha-818b820.css]
[centralindiaexport.com/product/lasik-marker-astigmatism-markers/index.html]
[centralindiaexport.com/wp-content/uploads/happyaddons/css/ha-818c573.css]
[centralindiaexport.com/product/meyerhoefer-curettes/index.html]
[centralindiaexport.com/product/shepard-fixation-r-fixation-rings/index.html]
[centralindiaexport.com/wp-content/uploads/happyaddons/css/ha-818c9c1.css]
[centralindiaexport.com/wp-content/uploads/happyaddons/css/ha-818ff76.css]
[centralindiaexport.com/product/stahl-caliper/index.html]
[centralindiaexport.com/indexeaff.html]
[centralindiaexport.com/wp-content/uploads/happyaddons/css/ha-8189547.css]
[centralindiaexport.com/product/cautery-ball-point-cauteries/index.html]
[centralindiaexport.com/wp-content/uploads/happyaddons/css/ha-8182de1.css]
[centralindiaexport.com/product/cautery-cone-type-cauteries/index.html]
[centralindiaexport.com/wp-content/uploads/happyaddons/css/ha-81849d8.css]
[centralindiaexport.com/product/osher-caliper/index.html]
[centralindiaexport.com/wp-content/uploads/happyaddons/css/ha-8184aa2.css]
[centralindiaexport.com/product/paton-dissectors/index.html]
[centralindiaexport.com/wp-content/uploads/happyaddons/css/ha-818f2fb.css]
[centralindiaexport.com/product/twist-hook-fixation-rings/index.html]
[centralindiaexport.com/indexc5c5.html]
[centralindiaexport.com/wp-content/uploads/happyaddons/css/ha-818203e.css]
[centralindiaexport.com/product/bores-astigmatism-markers/index.html]
[centralindiaexport.com/wp-content/uploads/happyaddons/css/ha-81852f6.css]
[centralindiaexport.com/product/galand-caliper/index.html]
[centralindiaexport.com/wp-content/uploads/happyaddons/css/ha-818cd0f.css]
[centralindiaexport.com/product/thornton-fixation-rings/index.html]
[centralindiaexport.com/wp-content/uploads/happyaddons/css/ha-818d3a5.css]
[centralindiaexport.com/index25c8.html]
[centralindiaexport.com/wp-content/uploads/happyaddons/css/ha-81801dc.css]
[centralindiaexport.com/product/maloney-astigmatism-markers/index.html]
[centralindiaexport.com/wp-content/uploads/happyaddons/css/ha-8180851.css]
[centralindiaexport.com/product/osher-neumann-corneal-markers/index.html]
[centralindiaexport.com/wp-content/uploads/happyaddons/css/ha-8182401.css]
[centralindiaexport.com/product/ruler-caliper/index.html]
[centralindiaexport.com/indexc0ca.html]
[centralindiaexport.com/wp-content/uploads/happyaddons/css/ha-8185a7d.css]
[centralindiaexport.com/product-category/instruments/all-instruments/corneoscleral-punch/feed/index.html]
[centralindiaexport.com/wp-json/wp/v2/product_cat/101.html]
[centralindiaexport.com/wp-content/uploads/happyaddons/css/ha-8180a52.css]
[centralindiaexport.com/product-category/instruments/lacrimal-instruments/corneoscleral-punch-lacrimal-instruments/feed/index.html]
[centralindiaexport.com/wp-json/wp/v2/product_cat/179.html]
[centralindiaexport.com/product-category/instruments/lacrimal-instruments/probes-and-dilators/feed/index.html]
[centralindiaexport.com/wp-json/wp/v2/product_cat/180.html]
[centralindiaexport.com/wp-content/uploads/happyaddons/css/ha-8188e8c.css]
[centralindiaexport.com/product-category/instruments/lacrimal-instruments/punches/feed/index.html]
[centralindiaexport.com/wp-json/wp/v2/product_cat/181.html]
[centralindiaexport.com/product-category/instruments/miscellaneous/cataract-phakonit-set/feed/index.html]
[centralindiaexport.com/wp-json/wp/v2/product_cat/195.html]
[centralindiaexport.com/wp-content/uploads/happyaddons/css/ha-8182d0b.html]
[centralindiaexport.com/product-category/instruments/miscellaneous/cystotomes/feed/index.html]
[centralindiaexport.com/wp-json/wp/v2/product_cat/196.html]
[centralindiaexport.com/product-category/instruments/miscellaneous/needles/feed/index.html]
[centralindiaexport.com/wp-json/wp/v2/product_cat/197.html]
[centralindiaexport.com/wp-content/uploads/happyaddons/css/ha-818a8f0.css]
[centralindiaexport.com/product-category/instruments/miscellaneous/phaco-tips/feed/index.html]
[centralindiaexport.com/wp-json/wp/v2/product_cat/198.html]
[centralindiaexport.com/product-category/instruments/miscellaneous/vitreo-retinal-instruments/feed/index.html]
[centralindiaexport.com/wp-json/wp/v2/product_cat/199.html]
[centralindiaexport.com/wp-content/uploads/happyaddons/css/ha-8188059.css]
[centralindiaexport.com/product-category/instruments/needle-holder/blade/feed/index.html]
[centralindiaexport.com/wp-json/wp/v2/product_cat/173.html]
[centralindiaexport.com/product-category/instruments/needle-holder/blade-breaker-and-holder/feed/index.html]
[centralindiaexport.com/wp-json/wp/v2/product_cat/174.html]
[centralindiaexport.com/product-category/instruments/needle-holder/castroviejo-needle-holder/feed/index.html]
[centralindiaexport.com/wp-json/wp/v2/product_cat/175.html]
[centralindiaexport.com/wp-content/uploads/happyaddons/css/ha-8183fc9.html]
[centralindiaexport.com/product-category/instruments/needle-holder/mc-pherson-needle-holder/feed/index.html]
[centralindiaexport.com/wp-json/wp/v2/product_cat/176.html]
[centralindiaexport.com/product-category/instruments/needle-holder/superior-rectus-needle-holder/feed/index.html]
[centralindiaexport.com/wp-json/wp/v2/product_cat/177.html]
[centralindiaexport.com/wp-content/uploads/happyaddons/css/ha-8185f0a.html]
[centralindiaexport.com/product-category/instruments/needle-holder/troutman-needle-holder/feed/index.html]
[centralindiaexport.com/wp-json/wp/v2/product_cat/178.html]
[centralindiaexport.com/product-category/instruments/scissors/conjunctiva-scissors/feed/index.html]
[centralindiaexport.com/wp-json/wp/v2/product_cat/155.html]
[centralindiaexport.com/product-category/instruments/scissors/corneal-scissors/feed/index.html]
[centralindiaexport.com/wp-json/wp/v2/product_cat/156.html]
[centralindiaexport.com/product-category/instruments/scissors/corneal-transplant-scissors/feed/index.html]
[centralindiaexport.com/wp-json/wp/v2/product_cat/157.html]
[centralindiaexport.com/product-category/instruments/scissors/corneoscleral-scissors/feed/index.html]
[centralindiaexport.com/wp-json/wp/v2/product_cat/158.html]
[centralindiaexport.com/wp-content/uploads/happyaddons/css/ha-8187772.html]
[centralindiaexport.com/product-category/instruments/scissors/endocapsular-scissors/feed/index.html]
[centralindiaexport.com/wp-json/wp/v2/product_cat/159.html]
[centralindiaexport.com/wp-content/uploads/happyaddons/css/ha-81893c1.html]
[centralindiaexport.com/product-category/instruments/scissors/enucleation-scissors/feed/index.html]
[centralindiaexport.com/wp-json/wp/v2/product_cat/160.html]
[centralindiaexport.com/product-category/instruments/scissors/eye-scissors/feed/index.html]
[centralindiaexport.com/wp-json/wp/v2/product_cat/161.html]
[centralindiaexport.com/product-category/instruments/forceps/corneal-fixation-forceps/index992e.html]
[centralindiaexport.com/product-category/instruments/forceps/corneal-fixation-forceps/index07ac.html]
[centralindiaexport.com/product-category/instruments/forceps/corneal-fixation-forceps/index9d74.html]
[centralindiaexport.com/product-category/instruments/forceps/corneal-fixation-forceps/indexaa92.html]
[centralindiaexport.com/product-category/instruments/forceps/corneal-fixation-forceps/indexd6c0.html]
[centralindiaexport.com/product-category/instruments/forceps/corneal-fixation-forceps/index1a1f.html]
[centralindiaexport.com/product-category/instruments/forceps/corneal-fixation-forceps/indexc46e.html]
[centralindiaexport.com/product-category/instruments/forceps/corneal-fixation-forceps/index2168.html]
[centralindiaexport.com/product-category/instruments/forceps/corneal-fixation-forceps/indexcb2f.html]
[centralindiaexport.com/product-category/instruments/forceps/corneal-fixation-forceps/indexf180.html]
[centralindiaexport.com/indexa133.html]
[centralindiaexport.com/wp-content/uploads/happyaddons/css/ha-818ad06.css]
[centralindiaexport.com/product/jayle-conjunctiva-forceps/index.html]
[centralindiaexport.com/wp-content/uploads/happyaddons/css/ha-818205d.css]
[centralindiaexport.com/product/castroviejo-colibr-corneal-forceps/index.html]
[centralindiaexport.com/wp-content/uploads/happyaddons/css/ha-818bdc8.css]
[centralindiaexport.com/product/deitz-gauge/index.html]
[centralindiaexport.com/wp-content/uploads/happyaddons/css/ha-8184a41.css]
[centralindiaexport.com/product/langs-dissectors/index.html]
[centralindiaexport.com/product-category/instruments/forceps/fixation-and-superior-rectus-forceps/index992e.html]
[centralindiaexport.com/product-category/instruments/forceps/fixation-and-superior-rectus-forceps/index07ac.html]
[centralindiaexport.com/product-category/instruments/forceps/fixation-and-superior-rectus-forceps/index9d74.html]
[centralindiaexport.com/product-category/instruments/forceps/fixation-and-superior-rectus-forceps/index103c.html]
[centralindiaexport.com/product-category/instruments/forceps/fixation-and-superior-rectus-forceps/indexa1a4.html]
[centralindiaexport.com/product-category/instruments/forceps/fixation-and-superior-rectus-forceps/index8cc1.html]
[centralindiaexport.com/product-category/instruments/forceps/fixation-and-superior-rectus-forceps/indexaa92.html]
[centralindiaexport.com/product-category/instruments/forceps/fixation-and-superior-rectus-forceps/indexd6c0.html]
[centralindiaexport.com/product-category/instruments/forceps/fixation-and-superior-rectus-forceps/index1a1f.html]
[centralindiaexport.com/product-category/instruments/forceps/fixation-and-superior-rectus-forceps/indexf539.html]
[centralindiaexport.com/product-category/instruments/forceps/fixation-and-superior-rectus-forceps/indexd462.html]
[centralindiaexport.com/product-category/instruments/forceps/fixation-and-superior-rectus-forceps/indexa314.html]
[centralindiaexport.com/indexfc86.html]
[centralindiaexport.com/wp-content/uploads/happyaddons/css/ha-818b0ed.css]
[centralindiaexport.com/product/blade-gauge-gauge/index.html]
[centralindiaexport.com/wp-content/uploads/happyaddons/css/ha-818b84c.css]
[centralindiaexport.com/product/marking-pen-corneal-markers/index.html]
[centralindiaexport.com/wp-content/uploads/happyaddons/css/ha-818b589.css]
[centralindiaexport.com/product/thornton-astigmatism-markers/index.html]
[centralindiaexport.com/wp-content/uploads/happyaddons/css/ha-818e8d6.css]
[centralindiaexport.com/index7c1e.html]
[centralindiaexport.com/product/thornton-caliper/index.html]
[centralindiaexport.com/index84ff.html]
[centralindiaexport.com/wp-content/uploads/happyaddons/css/ha-8180843.css]
[centralindiaexport.com/product/hofmann-astigmatism-markers/index.html]
[centralindiaexport.com/index8865.html]
[centralindiaexport.com/product/boon-corneal-forceps/index.html]
[centralindiaexport.com/wp-content/uploads/2024/04/Bonn-Corneal_Forcep-215x215.html]
[centralindiaexport.com/wp-json/oembed/1.0/embed63ea.html]
[centralindiaexport.com/wp-json/oembed/1.0/embed4e36.html]
[centralindiaexport.com/wp-json/wp/v2/product/17604.html]
[centralindiaexport.com/index9db5.html]
[centralindiaexport.com/wp-content/uploads/woocommerce-placeholder-700x700.html]
[centralindiaexport.com/product/rollet-rugins-dissectors/index.html]
[centralindiaexport.com/wp-content/uploads/2024/04/Dissectors-Rollet-Rugins-215x215.html]
[centralindiaexport.com/wp-json/oembed/1.0/embed4624.html]
[centralindiaexport.com/wp-json/oembed/1.0/embed4022.html]
[centralindiaexport.com/wp-json/wp/v2/product/17605.html]
[centralindiaexport.com/indexc30f.html]
[centralindiaexport.com/wp-content/uploads/2024/04/Fixation-and-Superior-Rectus-Forceps-Graefe.html]
[centralindiaexport.com/wp-json/oembed/1.0/embedfdc5.html]
[centralindiaexport.com/wp-json/oembed/1.0/embeda966.html]
[centralindiaexport.com/wp-json/wp/v2/product/17606.html]
[centralindiaexport.com/indexe55c.html]
[centralindiaexport.com/wp-content/uploads/2024/04/Fixation-and-Superior-Rectus-Forceps-Green.html]
[centralindiaexport.com/wp-json/oembed/1.0/embed26c9.html]
[centralindiaexport.com/wp-json/oembed/1.0/embed649f.html]
[centralindiaexport.com/wp-json/wp/v2/product/17607.html]
[centralindiaexport.com/index567d.html]
[centralindiaexport.com/wp-content/uploads/2024/04/Fixation-and-Superior-Rectus-Forceps-Lester.html]
[centralindiaexport.com/product-category/instruments/forceps/foldable-iol-forceps/index992e.html]
[centralindiaexport.com/product-category/instruments/forceps/foldable-iol-forceps/index07ac.html]
[centralindiaexport.com/product-category/instruments/forceps/foldable-iol-forceps/index9d74.html]
[centralindiaexport.com/product-category/instruments/forceps/foldable-iol-forceps/index103c.html]
[centralindiaexport.com/product-category/instruments/forceps/foldable-iol-forceps/indexa1a4.html]
[centralindiaexport.com/product-category/instruments/forceps/foldable-iol-forceps/index8cc1.html]
[centralindiaexport.com/product-category/instruments/forceps/foldable-iol-forceps/indexaa92.html]
[centralindiaexport.com/product-category/instruments/forceps/foldable-iol-forceps/indexd6c0.html]
[centralindiaexport.com/product-category/instruments/forceps/foldable-iol-forceps/index1a1f.html]
[centralindiaexport.com/product-category/instruments/forceps/foldable-iol-forceps/indexf539.html]
[centralindiaexport.com/product-category/instruments/forceps/foldable-iol-forceps/indexd462.html]
[centralindiaexport.com/product-category/instruments/forceps/foldable-iol-forceps/indexa314.html]
[centralindiaexport.com/indexff9c.html]
[centralindiaexport.com/index6f93.html]
[centralindiaexport.com/wp-content/uploads/happyaddons/css/ha-818591d.css]
[centralindiaexport.com/product/fixation-hook-fixation-rings/index.html]
[centralindiaexport.com/indexd955.html]
[centralindiaexport.com/index408a.html]
[centralindiaexport.com/wp-content/uploads/happyaddons/css/ha-818bf93.css]
[centralindiaexport.com/product/pierse-hoskin-forceps/index.html]
[centralindiaexport.com/product-category/instruments/forceps/iris-forceps/index992e.html]
[centralindiaexport.com/product-category/instruments/forceps/iris-forceps/index07ac.html]
[centralindiaexport.com/product-category/instruments/forceps/iris-forceps/index9d74.html]
[centralindiaexport.com/product-category/instruments/forceps/iris-forceps/index103c.html]
[centralindiaexport.com/product-category/instruments/forceps/iris-forceps/indexa1a4.html]
[centralindiaexport.com/product-category/instruments/forceps/iris-forceps/index8cc1.html]
[centralindiaexport.com/product-category/instruments/forceps/iris-forceps/indexaa92.html]
[centralindiaexport.com/product-category/instruments/forceps/iris-forceps/indexd6c0.html]
[centralindiaexport.com/product-category/instruments/forceps/iris-forceps/index1a1f.html]
[centralindiaexport.com/product-category/instruments/forceps/iris-forceps/indexf539.html]
[centralindiaexport.com/product-category/instruments/forceps/iris-forceps/indexd462.html]
[centralindiaexport.com/product-category/instruments/forceps/iris-forceps/indexa314.html]
[centralindiaexport.com/index9c91.html]
[centralindiaexport.com/wp-content/uploads/happyaddons/css/ha-818a23a.css]
[centralindiaexport.com/product/faulkner-ii-intraocular-forceps/index.html]
[centralindiaexport.com/product-category/instruments/forceps/tying-forceps/index6a68.html]
[centralindiaexport.com/product-category/instruments/forceps/tying-forceps/indexcb2f.html]
[centralindiaexport.com/product-category/instruments/forceps/tying-forceps/index387e.html]
[centralindiaexport.com/product-category/instruments/forceps/tying-forceps/indexf180.html]
[centralindiaexport.com/product-category/instruments/forceps/tying-forceps/index47b9.html]
[centralindiaexport.com/indexc05c.html]
[centralindiaexport.com/product-category/instruments/forceps/tying-forceps/indexdfc6.html]
[centralindiaexport.com/wp-json/oembed/1.0/embed9434.html]
[centralindiaexport.com/wp-json/oembed/1.0/embede695.html]
[centralindiaexport.com/wp-json/wp/v2/product/17691.html]
[centralindiaexport.com/indexe571.html]
[centralindiaexport.com/wp-content/uploads/2024/04/Tying-Forceps-jayle.html]
[centralindiaexport.com/wp-json/oembed/1.0/embed2616.html]
[centralindiaexport.com/wp-json/oembed/1.0/embed938f.html]
[centralindiaexport.com/wp-json/wp/v2/product/17693.html]
[centralindiaexport.com/index89e8.html]
[centralindiaexport.com/wp-content/uploads/2024/04/Corneal-Forceps-Kelman-Mc-Pherson.html]
[centralindiaexport.com/wp-json/oembed/1.0/embedd182.html]
[centralindiaexport.com/wp-json/oembed/1.0/embed3454.html]
[centralindiaexport.com/wp-json/wp/v2/product/17692.html]
[centralindiaexport.com/indexf2a2.html]
[centralindiaexport.com/wp-content/uploads/2024/04/Tying-Forceps-Mc-Pherson.html]
[centralindiaexport.com/wp-json/oembed/1.0/embed1023.html]
[centralindiaexport.com/wp-json/oembed/1.0/embedf977.html]
[centralindiaexport.com/wp-json/wp/v2/product/17724.html]
[centralindiaexport.com/indexa597.html]
[centralindiaexport.com/wp-content/uploads/2024/04/Tying-Forceps-Sinskey.html]
[centralindiaexport.com/wp-json/oembed/1.0/embed3346.html]
[centralindiaexport.com/wp-json/oembed/1.0/embed581c.html]
[centralindiaexport.com/wp-json/wp/v2/product/17689.html]
[centralindiaexport.com/indexa91a.html]
[centralindiaexport.com/wp-content/uploads/2024/04/Tying-Forceps-Tennant.html]
[centralindiaexport.com/product-category/instruments/forceps/vitreous-forceps/index992e.html]
[centralindiaexport.com/product-category/instruments/forceps/vitreous-forceps/index07ac.html]
[centralindiaexport.com/product-category/instruments/forceps/vitreous-forceps/index9d74.html]
[centralindiaexport.com/product-category/instruments/forceps/tying-forceps/index885e.html]
[centralindiaexport.com/product-category/instruments/forceps/vitreous-forceps/index103c.html]
[centralindiaexport.com/product-category/instruments/forceps/vitreous-forceps/indexa1a4.html]
[centralindiaexport.com/product-category/instruments/forceps/tying-forceps/indexbf13.html]
[centralindiaexport.com/product-category/instruments/forceps/vitreous-forceps/index8cc1.html]
[centralindiaexport.com/product-category/instruments/forceps/vitreous-forceps/indexaa92.html]
[centralindiaexport.com/product-category/instruments/forceps/vitreous-forceps/indexd6c0.html]
[centralindiaexport.com/product-category/instruments/forceps/vitreous-forceps/index1a1f.html]
[centralindiaexport.com/product-category/instruments/forceps/vitreous-forceps/indexf539.html]
[centralindiaexport.com/product-category/instruments/forceps/vitreous-forceps/indexd462.html]
[centralindiaexport.com/product-category/instruments/forceps/vitreous-forceps/indexa314.html]
[centralindiaexport.com/index4e4d.html]
[centralindiaexport.com/product-category/instruments/scissors/index992e.html]
[centralindiaexport.com/product-category/instruments/scissors/index07ac.html]
[centralindiaexport.com/product-category/instruments/forceps/tying-forceps/index404e.html]
[centralindiaexport.com/product-category/instruments/scissors/page/3/index992e.html]
[centralindiaexport.com/product-category/instruments/scissors/page/2/index07ac.html]
[centralindiaexport.com/product-category/instruments/scissors/page/2/index992e.html]
[centralindiaexport.com/product-category/instruments/scissors/index9d74.html]
[centralindiaexport.com/product-category/instruments/scissors/page/2/indexca5c.html]
[centralindiaexport.com/product-category/instruments/scissors/page/3/index07ac.html]
[centralindiaexport.com/product-category/instruments/scissors/page/3/indexca5c.html]
[centralindiaexport.com/product-category/instruments/scissors/index103c.html]
[centralindiaexport.com/product-category/instruments/scissors/page/2/index9d74.html]
[centralindiaexport.com/product-category/instruments/scissors/page/3/index9d74.html]
[centralindiaexport.com/product-category/instruments/scissors/indexa1a4.html]
[centralindiaexport.com/product-category/instruments/scissors/index8cc1.html]
[centralindiaexport.com/product-category/instruments/scissors/page/2/index103c.html]
[centralindiaexport.com/product-category/instruments/scissors/page/2/index1c07.html]
[centralindiaexport.com/product-category/instruments/scissors/page/2/indexa1a4.html]
[centralindiaexport.com/product-category/instruments/scissors/indexaa92.html]
[centralindiaexport.com/product-category/instruments/scissors/page/2/index8cc1.html]
[centralindiaexport.com/product-category/instruments/scissors/indexd6c0.html]
[centralindiaexport.com/product-category/instruments/scissors/page/2/indexaa92.html]
[centralindiaexport.com/product-category/instruments/scissors/index1a1f.html]
[centralindiaexport.com/product-category/instruments/scissors/page/2/indexd6c0.html]
[centralindiaexport.com/product-category/instruments/scissors/page/2/index1a1f.html]
[centralindiaexport.com/wp-json/oembed/1.0/embeddac5.json]
[centralindiaexport.com/wp-json/oembed/1.0/embed0af0]
[centralindiaexport.com/wp-json/wp/v2/product/17745.json]
[centralindiaexport.com/wp-content/uploads/2024/04/Strabismus-Scissors-Knapp.jpg]
[centralindiaexport.com/product/knapp-strabismus-scissors/index.html]
[centralindiaexport.com/wp-json/oembed/1.0/embedf39d.json]
[centralindiaexport.com/wp-json/oembed/1.0/embeddade-2]
[centralindiaexport.com/wp-json/wp/v2/product/17733.json]
[centralindiaexport.com/product/koch-endocapsular-scissors/index.html]
[centralindiaexport.com/wp-json/oembed/1.0/embedab38.json]
[centralindiaexport.com/wp-json/oembed/1.0/embedfde9]
[centralindiaexport.com/wp-json/wp/v2/product/17737.json]
[centralindiaexport.com/wp-content/uploads/2024/04/Mc-Pherson-Vannas-Iris-Scissors.jpg]
[centralindiaexport.com/product/mc-pherson-vannas-iris-scissors/index.html]
[centralindiaexport.com/wp-json/oembed/1.0/embed1ca5.json]
[centralindiaexport.com/wp-json/oembed/1.0/embed27a9]
[centralindiaexport.com/wp-json/wp/v2/product/17728.json]
[centralindiaexport.com/wp-content/uploads/2024/04/Conjunctiva-Scissors-Mc-Pherson-Westoco.jpg]
[centralindiaexport.com/product/mc-pherson-westoco-conjunctiva-scissors/index.html]
[centralindiaexport.com/wp-json/oembed/1.0/embedd6a4.json]
[centralindiaexport.com/wp-json/oembed/1.0/embed73b4]
[centralindiaexport.com/wp-json/wp/v2/product/17742.json]
[centralindiaexport.com/product/micro-micro-iris-scissors/index.html]
[centralindiaexport.com/wp-json/oembed/1.0/embed0425.json]
[centralindiaexport.com/wp-json/oembed/1.0/embedf243]
[centralindiaexport.com/wp-json/wp/v2/product/17746.json]
[centralindiaexport.com/wp-content/uploads/2024/04/Tenotomy-Scissors-Stevens.jpg]
[centralindiaexport.com/product/stevens-tenotomy-scissors/index.html]
[centralindiaexport.com/product-category/instruments/scissors/page/2/index27e6.html]
[centralindiaexport.com/wp-content/uploads/happyaddons/css/ha-81893be.css]
[centralindiaexport.com/product-category/instruments/scissors/indexf539.html]
[centralindiaexport.com/product-category/instruments/scissors/indexd462.html]
[centralindiaexport.com/product-category/instruments/scissors/indexa314.html]
[centralindiaexport.com/wp-json/oembed/1.0/embed60d5.json]
[centralindiaexport.com/wp-json/oembed/1.0/embed3b47]
[centralindiaexport.com/wp-json/wp/v2/product/17744.json]
[centralindiaexport.com/wp-content/uploads/2024/04/Stitch-Scissors.jpg]
[centralindiaexport.com/product/stitch-scissors/index.html]
[centralindiaexport.com/wp-json/oembed/1.0/embed4640.json]
[centralindiaexport.com/wp-json/oembed/1.0/embedf309]
[centralindiaexport.com/wp-json/wp/v2/product/17731.json]
[centralindiaexport.com/wp-content/uploads/2024/04/Troutman-Needle-Holder.jpg]
[centralindiaexport.com/product/troutman-katzin-corneal-transplant-scissors/index.html]
[centralindiaexport.com/wp-json/oembed/1.0/embed1187.json]
[centralindiaexport.com/wp-json/oembed/1.0/embedd9fe]
[centralindiaexport.com/product/vannas-long-handle-scissors/index.html]
[centralindiaexport.com/product/vitreous-vitreous-scissors/index.html]
[centralindiaexport.com/product/westcott-vannas-scissors/index.html]
[centralindiaexport.com/product-category/instruments/scissors/page/2/index2510.html]
[centralindiaexport.com/product-category/instruments/scissors/page/2/indexcc7b.html]
[centralindiaexport.com/indexced2.html]
[centralindiaexport.com/index06e4.html]
[centralindiaexport.com/wp-content/uploads/2024/04/Corneoscleral-Scissors-Castroviejo.html]
[centralindiaexport.com/wp-json/oembed/1.0/embedb9d9.html]
[centralindiaexport.com/wp-json/oembed/1.0/embedf1f8.html]
[centralindiaexport.com/wp-json/wp/v2/product/17732.html]
[centralindiaexport.com/index9bcd.html]
[centralindiaexport.com/wp-json/oembed/1.0/embed3588.html]
[centralindiaexport.com/wp-json/oembed/1.0/embed0b80.html]
[centralindiaexport.com/wp-json/wp/v2/product/17739.html]
[centralindiaexport.com/indexf10d.html]
[centralindiaexport.com/wp-content/uploads/2024/04/Castroviejo-Keratoplasty-Scissors.html]
[centralindiaexport.com/product/scimeca-lens-loop-amputator/index.html]
[centralindiaexport.com/wp-content/uploads/2024/04/Scimeca-Lens-Loop-Amputator-215x215.html]
[centralindiaexport.com/wp-json/oembed/1.0/embed071a.html]
[centralindiaexport.com/wp-json/oembed/1.0/embed534d.html]
[centralindiaexport.com/wp-json/wp/v2/product/17727.html]
[centralindiaexport.com/indexed9e.html]
[centralindiaexport.com/wp-content/uploads/2024/04/Conjunctiva-Scissors-De-weckers.html]
[centralindiaexport.com/wp-json/oembed/1.0/embed2c2c.html]
[centralindiaexport.com/wp-json/oembed/1.0/embedb43e.html]
[centralindiaexport.com/wp-json/wp/v2/product/17734.html]
[centralindiaexport.com/index7025.html]
[centralindiaexport.com/wp-content/uploads/2024/04/Enucleation-Scissors.html]
[centralindiaexport.com/wp-json/oembed/1.0/embedb079.html]
[centralindiaexport.com/wp-json/oembed/1.0/embed4fbd.html]
[centralindiaexport.com/wp-json/wp/v2/product/17735.html]
[centralindiaexport.com/indexd833.html]
[centralindiaexport.com/wp-content/uploads/2024/04/Eye-Scissors.html]
[centralindiaexport.com/wp-json/oembed/1.0/embed8055.html]
[centralindiaexport.com/wp-json/oembed/1.0/embed833e.html]
[centralindiaexport.com/wp-json/wp/v2/product/17748.html]
[centralindiaexport.com/index14ac.html]
[centralindiaexport.com/wp-content/uploads/2024/04/Corneal_Scissor_FINE_CURVED_FULL_CURVED_HALF_CURVED.html]
[centralindiaexport.com/wp-json/oembed/1.0/embed66a1.html]
[centralindiaexport.com/wp-json/oembed/1.0/embed4649.html]
[centralindiaexport.com/wp-json/wp/v2/product/17726.html]
[centralindiaexport.com/index5f06.html]
[centralindiaexport.com/wp-content/uploads/2024/04/Hoffer-Stern-Capsulotomy-Scissors.html]
[centralindiaexport.com/wp-json/oembed/1.0/embedb922.html]
[centralindiaexport.com/wp-json/oembed/1.0/embed86b0.html]
[centralindiaexport.com/wp-json/wp/v2/product/17736.html]
[centralindiaexport.com/indexd95f.html]
[centralindiaexport.com/wp-content/uploads/2024/04/Intraocular-Scissors.html]
[centralindiaexport.com/wp-json/oembed/1.0/embedf0ee.html]
[centralindiaexport.com/wp-json/oembed/1.0/embed7ec6.html]
[centralindiaexport.com/wp-json/wp/v2/product/17738.html]
[centralindiaexport.com/index1c61.html]
[centralindiaexport.com/wp-content/uploads/2024/04/Micro-Iris-Scissors.html]
[centralindiaexport.com/wp-json/oembed/1.0/embedf635.html]
[centralindiaexport.com/wp-json/oembed/1.0/embed7231.html]
[centralindiaexport.com/wp-json/wp/v2/product/17729.html]
[centralindiaexport.com/indexa72f.html]
[centralindiaexport.com/wp-content/uploads/2024/04/Conjunctiva-Scissors-Jaffe.html]
[centralindiaexport.com/product-category/intraocular-lenses/disposable-injector-cartridge/index992e.html]
[centralindiaexport.com/product-category/intraocular-lenses/disposable-injector-cartridge/index07ac.html]
[centralindiaexport.com/product-category/intraocular-lenses/disposable-injector-cartridge/index9d74.html]
[centralindiaexport.com/product-category/intraocular-lenses/disposable-injector-cartridge/index103c.html]
[centralindiaexport.com/product-category/intraocular-lenses/disposable-injector-cartridge/indexa1a4.html]
[centralindiaexport.com/product-category/intraocular-lenses/disposable-injector-cartridge/index8cc1.html]
[centralindiaexport.com/product-category/intraocular-lenses/disposable-injector-cartridge/indexaa92.html]
[centralindiaexport.com/product-category/intraocular-lenses/disposable-injector-cartridge/indexd6c0.html]
[centralindiaexport.com/product-category/intraocular-lenses/disposable-injector-cartridge/index1a1f.html]
[centralindiaexport.com/product-category/intraocular-lenses/disposable-injector-cartridge/indexf539.html]
[centralindiaexport.com/product-category/intraocular-lenses/disposable-injector-cartridge/indexd462.html]
[centralindiaexport.com/product-category/intraocular-lenses/disposable-injector-cartridge/indexa314.html]
[centralindiaexport.com/product-category/intraocular-lenses/foldable-hydrophilic-square-edge/indexf539.html]
[centralindiaexport.com/product-category/intraocular-lenses/foldable-hydrophilic-square-edge/indexd462.html]
[centralindiaexport.com/product-category/intraocular-lenses/foldable-hydrophilic-square-edge/indexa314.html]
[centralindiaexport.com/product-category/intraocular-lenses/foldable-hydrophilic-square-edge/index4eb4.html]
[centralindiaexport.com/product-category/intraocular-lenses/foldable-hydrophilic-square-edge/index6f4e.html]
[centralindiaexport.com/product-category/intraocular-lenses/foldable-hydrophilic-square-edge/index2efc.html]
[centralindiaexport.com/product-category/intraocular-lenses/foldable-hydrophilic-square-edge/index335c.html]
[centralindiaexport.com/product-category/intraocular-lenses/foldable-hydrophilic-square-edge/indexc46e.html]
[centralindiaexport.com/product-category/intraocular-lenses/foldable-hydrophilic-square-edge/indexb6e8.html]
[centralindiaexport.com/product-category/intraocular-lenses/foldable-hydrophilic-square-edge/index6a68.html]
[centralindiaexport.com/product-category/intraocular-lenses/foldable-hydrophilic-square-edge/indexcb2f.html]
[centralindiaexport.com/product-category/intraocular-lenses/foldable-hydrophilic-square-edge/index387e.html]
[centralindiaexport.com/product-category/intraocular-lenses/hydrophobic-foldable/index992e.html]
[centralindiaexport.com/product-category/intraocular-lenses/hydrophobic-foldable/index07ac.html]
[centralindiaexport.com/product-category/intraocular-lenses/hydrophobic-foldable/index9d74.html]
[centralindiaexport.com/product-category/intraocular-lenses/hydrophobic-foldable/index103c.html]
[centralindiaexport.com/product-category/intraocular-lenses/hydrophobic-foldable/indexa1a4.html]
[centralindiaexport.com/product-category/intraocular-lenses/hydrophobic-foldable/index8cc1.html]
[centralindiaexport.com/product-category/intraocular-lenses/hydrophobic-foldable/indexaa92.html]
[centralindiaexport.com/product-category/intraocular-lenses/hydrophobic-foldable/indexd6c0.html]
[centralindiaexport.com/product-category/intraocular-lenses/hydrophobic-foldable/index1a1f.html]
[centralindiaexport.com/product-category/intraocular-lenses/hydrophobic-foldable/indexf539.html]
[centralindiaexport.com/product-category/intraocular-lenses/hydrophobic-foldable/indexd462.html]
[centralindiaexport.com/product-category/intraocular-lenses/hydrophobic-foldable/indexa314.html]
[centralindiaexport.com/product-category/intraocular-lenses/non-foldable-pmma/index992e.html]
[centralindiaexport.com/product-category/intraocular-lenses/non-foldable-pmma/index07ac.html]
[centralindiaexport.com/product-category/intraocular-lenses/non-foldable-pmma/index9d74.html]
[centralindiaexport.com/product-category/intraocular-lenses/non-foldable-pmma/index103c.html]
[centralindiaexport.com/product-category/intraocular-lenses/non-foldable-pmma/indexa1a4.html]
[centralindiaexport.com/product-category/intraocular-lenses/non-foldable-pmma/index8cc1.html]
[centralindiaexport.com/product-category/intraocular-lenses/non-foldable-pmma/indexaa92.html]
[centralindiaexport.com/product-category/intraocular-lenses/non-foldable-pmma/indexd6c0.html]
[centralindiaexport.com/product-category/intraocular-lenses/non-foldable-pmma/index1a1f.html]
[centralindiaexport.com/product-category/intraocular-lenses/non-foldable-pmma/indexf539.html]
[centralindiaexport.com/product-category/intraocular-lenses/non-foldable-pmma/indexd462.html]
[centralindiaexport.com/product-category/intraocular-lenses/non-foldable-pmma/indexa314.html]
[centralindiaexport.com/product-category/intraocular-lenses/pmma-and-advance-capsular-tension-ring-ctr/index992e.html]
[centralindiaexport.com/product-category/intraocular-lenses/pmma-and-advance-capsular-tension-ring-ctr/index07ac.html]
[centralindiaexport.com/product-category/intraocular-lenses/pmma-and-advance-capsular-tension-ring-ctr/index9d74.html]
[centralindiaexport.com/product-category/intraocular-lenses/pmma-and-advance-capsular-tension-ring-ctr/index103c.html]
[centralindiaexport.com/product-category/intraocular-lenses/pmma-and-advance-capsular-tension-ring-ctr/indexa1a4.html]
[centralindiaexport.com/product-category/intraocular-lenses/pmma-and-advance-capsular-tension-ring-ctr/index8cc1.html]
[centralindiaexport.com/product-category/intraocular-lenses/pmma-and-advance-capsular-tension-ring-ctr/indexaa92.html]
[centralindiaexport.com/product-category/intraocular-lenses/pmma-and-advance-capsular-tension-ring-ctr/indexd6c0.html]
[centralindiaexport.com/product-category/intraocular-lenses/pmma-and-advance-capsular-tension-ring-ctr/index1a1f.html]
[centralindiaexport.com/product-category/intraocular-lenses/pmma-and-advance-capsular-tension-ring-ctr/indexf539.html]
[centralindiaexport.com/product-category/intraocular-lenses/pmma-and-advance-capsular-tension-ring-ctr/indexd462.html]
[centralindiaexport.com/product-category/intraocular-lenses/pmma-and-advance-capsular-tension-ring-ctr/indexa314.html]
[centralindiaexport.com/product-category/intraocular-lenses/three-piece-lenses/index992e.html]
[centralindiaexport.com/product-category/intraocular-lenses/three-piece-lenses/index07ac.html]
[centralindiaexport.com/product-category/intraocular-lenses/three-piece-lenses/index9d74.html]
[centralindiaexport.com/product-category/intraocular-lenses/three-piece-lenses/index103c.html]
[centralindiaexport.com/product-category/intraocular-lenses/three-piece-lenses/indexa1a4.html]
[centralindiaexport.com/product-category/intraocular-lenses/three-piece-lenses/index8cc1.html]
[centralindiaexport.com/product-category/intraocular-lenses/three-piece-lenses/indexaa92.html]
[centralindiaexport.com/product-category/intraocular-lenses/three-piece-lenses/indexd6c0.html]
[centralindiaexport.com/product-category/intraocular-lenses/three-piece-lenses/index1a1f.html]
[centralindiaexport.com/product-category/intraocular-lenses/three-piece-lenses/indexf539.html]
[centralindiaexport.com/product-category/intraocular-lenses/three-piece-lenses/indexd462.html]
[centralindiaexport.com/product-category/intraocular-lenses/three-piece-lenses/indexa314.html]
[centralindiaexport.com/product-category/micro-surgical-blades/index992e.html]
[centralindiaexport.com/product-category/micro-surgical-blades/index07ac.html]
[centralindiaexport.com/product-category/micro-surgical-blades/index9d74.html]
[centralindiaexport.com/product-category/micro-surgical-blades/index103c.html]
[centralindiaexport.com/product-category/micro-surgical-blades/indexa1a4.html]
[centralindiaexport.com/product-category/micro-surgical-blades/index8cc1.html]
[centralindiaexport.com/product-category/micro-surgical-blades/indexaa92.html]
[centralindiaexport.com/product-category/micro-surgical-blades/indexd6c0.html]
[centralindiaexport.com/product-category/micro-surgical-blades/index1a1f.html]
[centralindiaexport.com/product-category/micro-surgical-blades/indexf539.html]
[centralindiaexport.com/product-category/micro-surgical-blades/indexd462.html]
[centralindiaexport.com/product-category/micro-surgical-blades/indexa314.html]
[centralindiaexport.com/product-category/miscellaneouss/index992e.html]
[centralindiaexport.com/product-category/miscellaneouss/index07ac.html]
[centralindiaexport.com/product-category/miscellaneouss/indexbf13.html]
[centralindiaexport.com/product-category/miscellaneouss/index885e.html]
[centralindiaexport.com/product-category/miscellaneouss/indexa777.html]
[centralindiaexport.com/product-category/miscellaneouss/index9d74.html]
[centralindiaexport.com/product-category/miscellaneouss/index47b9.html]
[centralindiaexport.com/indexc839.html]
[centralindiaexport.com/product-category/miscellaneouss/index404e.html]
[centralindiaexport.com/product-category/miscellaneouss/indexdfc6.html]
[centralindiaexport.com/product-category/miscellaneouss/index152b.html]
[centralindiaexport.com/wp-content/uploads/happyaddons/css/ha-818f978.css]
[centralindiaexport.com/indexab45.html]
[centralindiaexport.com/product-category/miscellaneouss/index6761.html]
[centralindiaexport.com/product-category/miscellaneouss/index5fde.html]
[centralindiaexport.com/wp-json/oembed/1.0/embedb0d4.json]
[centralindiaexport.com/product/schirmer-strips/feed/index.html]
[centralindiaexport.com/wp-json/oembed/1.0/embedeea7]
[centralindiaexport.com/wp-json/wp/v2/product/19665.json]
[centralindiaexport.com/wp-content/uploads/2024/07/schirmer-strip.jpg]
[centralindiaexport.com/wp-content/uploads/2024/07/schirmer-strip-700x700.jpg]
[centralindiaexport.com/wp-content/uploads/2024/04/iris-retractor-215x215.jpg]
[centralindiaexport.com/wp-content/uploads/2024/04/Iovue_Iris_Retractor_1-215x215.jpg]
[centralindiaexport.com/wp-content/uploads/happyaddons/css/ha-8187ab7.css]
[centralindiaexport.com/product/schirmer-strips/index.html]
[centralindiaexport.com/wp-content/uploads/happyaddons/css/ha-81879c0.css]
[centralindiaexport.com/index4231.html]
[centralindiaexport.com/wp-content/uploads/happyaddons/css/ha-818099c.css]
[centralindiaexport.com/index7681.html]
[centralindiaexport.com/wp-content/uploads/happyaddons/css/ha-818db70.css]
[centralindiaexport.com/index2212.html]
[centralindiaexport.com/wp-content/uploads/happyaddons/css/ha-818a0f0.css]
[centralindiaexport.com/product/suction-pump/feed/index.html]
[centralindiaexport.com/wp-json/oembed/1.0/embed6efe.html]
[centralindiaexport.com/wp-json/oembed/1.0/embed74d5.html]
[centralindiaexport.com/wp-json/wp/v2/product/19753.html]
[centralindiaexport.com/indexa18a.html]
[centralindiaexport.com/wp-content/uploads/2024/08/WhatsApp-Image-2024-08-05-at-18.10.14.html]
[centralindiaexport.com/wp-content/uploads/2024/08/WhatsApp-Image-2024-08-05-at-18.10.14-700x700.html]
[centralindiaexport.com/wp-content/uploads/happyaddons/css/ha-8189e4f.html]
[centralindiaexport.com/product/trial-frame/feed/index.html]
[centralindiaexport.com/wp-json/oembed/1.0/embed4dae.html]
[centralindiaexport.com/wp-json/oembed/1.0/embedcc47.html]
[centralindiaexport.com/wp-json/wp/v2/product/19648.html]
[centralindiaexport.com/index36d7.html]
[centralindiaexport.com/wp-content/uploads/2024/07/trial-frame-usd-93-each.html]
[centralindiaexport.com/wp-content/uploads/2024/07/trial-frame-usd-93-each-700x394.html]
[centralindiaexport.com/wp-content/uploads/2024/07/trial-frame.html]
[centralindiaexport.com/wp-content/uploads/2024/07/trial-frame-usd-93-each-150x84.html]
[centralindiaexport.com/wp-content/uploads/2024/07/trial-frame-150x103.html]
[centralindiaexport.com/wp-content/uploads/happyaddons/css/ha-818927a.html]
[centralindiaexport.com/product/trial-lens-set/feed/index.html]
[centralindiaexport.com/wp-json/oembed/1.0/embed8e43.html]
[centralindiaexport.com/wp-json/oembed/1.0/embed7290.html]
[centralindiaexport.com/wp-json/wp/v2/product/19645.html]
[centralindiaexport.com/indexdf27.html]
[centralindiaexport.com/wp-content/uploads/2024/07/trial-set.html]
[centralindiaexport.com/wp-content/uploads/2024/07/trial-set-700x610.html]
[centralindiaexport.com/product/bipolar-coagulator/index.html]
[centralindiaexport.com/wp-content/uploads/2024/07/bipolar-coagulator-215x215.html]
[centralindiaexport.com/product-category/ophthalmic-solutions/index992e.html]
[centralindiaexport.com/product-category/ophthalmic-solutions/index07ac.html]
[centralindiaexport.com/product-category/ophthalmic-solutions/index9d74.html]
[centralindiaexport.com/product-category/ophthalmic-solutions/index103c.html]
[centralindiaexport.com/product-category/ophthalmic-solutions/indexa1a4.html]
[centralindiaexport.com/product-category/ophthalmic-solutions/index8cc1.html]
[centralindiaexport.com/product-category/ophthalmic-solutions/indexaa92.html]
[centralindiaexport.com/product-category/ophthalmic-solutions/indexd6c0.html]
[centralindiaexport.com/product-category/ophthalmic-solutions/index1a1f.html]
[centralindiaexport.com/product-category/ophthalmic-solutions/indexf539.html]
[centralindiaexport.com/product-category/ophthalmic-solutions/indexd462.html]
[centralindiaexport.com/product-category/ophthalmic-solutions/indexa314.html]
[centralindiaexport.com/index4ad5.html]
[centralindiaexport.com/wp-content/uploads/happyaddons/css/ha-8180d2a.css]
[centralindiaexport.com/index2d23.html]
[centralindiaexport.com/wp-content/uploads/happyaddons/css/ha-81821fe.css]
[centralindiaexport.com/index77d7.html]
[centralindiaexport.com/wp-content/uploads/happyaddons/css/ha-81879d8.css]
[centralindiaexport.com/index60c1.html]
[centralindiaexport.com/wp-content/uploads/happyaddons/css/ha-818c5a1.css]
[centralindiaexport.com/product-category/retina-equipments/index992e.html]
[centralindiaexport.com/product-category/retina-equipments/page/2/index992e.html]
[centralindiaexport.com/product/iris-retractors-retina-equipments/index.html]
[centralindiaexport.com/product-category/retina-equipments/index07ac.html]
[centralindiaexport.com/product-category/retina-equipments/page/3/index992e.html]
[centralindiaexport.com/product-category/retina-equipments/page/4/index992e.html]
[centralindiaexport.com/product-category/retina-equipments/page/5/index992e.html]
[centralindiaexport.com/product-category/retina-equipments/index9d74.html]
[centralindiaexport.com/product-category/retina-equipments/page/2/index07ac.html]
[centralindiaexport.com/product-category/retina-equipments/page/2/indexca5c.html]
[centralindiaexport.com/product-category/retina-equipments/page/3/index07ac.html]
[centralindiaexport.com/product-category/retina-equipments/page/5/index07ac.html]
[centralindiaexport.com/product-category/retina-equipments/page/3/indexca5c.html]
[centralindiaexport.com/product-category/retina-equipments/page/4/index07ac.html]
[centralindiaexport.com/product-category/retina-equipments/page/3/index9d74.html]
[centralindiaexport.com/product-category/retina-equipments/page/2/index9d74.html]
[centralindiaexport.com/product-category/retina-equipments/page/4/indexca5c.html]
[centralindiaexport.com/product-category/retina-equipments/page/4/index9d74.html]
[centralindiaexport.com/product-category/retina-equipments/page/5/indexca5c.html]
[centralindiaexport.com/wp-content/uploads/happyaddons/css/ha-8180a53.css]
[centralindiaexport.com/product-category/retina-equipments/index103c.html]
[centralindiaexport.com/product-category/retina-equipments/page/5/index9d74.html]
[centralindiaexport.com/product-category/retina-equipments/page/2/index103c.html]
[centralindiaexport.com/product-category/retina-equipments/indexa1a4.html]
[centralindiaexport.com/product-category/retina-equipments/page/3/index103c.html]
[centralindiaexport.com/product-category/retina-equipments/page/4/index103c.html]
[centralindiaexport.com/product-category/retina-equipments/index8cc1.html]
[centralindiaexport.com/product-category/retina-equipments/page/2/indexa1a4.html]
[centralindiaexport.com/product-category/retina-equipments/page/3/indexa1a4.html]
[centralindiaexport.com/product-category/retina-equipments/page/2/index1c07.html]
[centralindiaexport.com/product-category/retina-equipments/page/4/indexa1a4.html]
[centralindiaexport.com/product-category/retina-equipments/page/2/index8cc1.html]
[centralindiaexport.com/product-category/retina-equipments/page/3/index8cc1.html]
[centralindiaexport.com/product-category/retina-equipments/page/3/index1c07.html]
[centralindiaexport.com/product-category/retina-equipments/page/4/index1c07.html]
[centralindiaexport.com/product-category/retina-equipments/indexaa92.html]
[centralindiaexport.com/product-category/retina-equipments/page/4/index8cc1.html]
[centralindiaexport.com/product-category/retina-equipments/page/2/indexaa92.html]
[centralindiaexport.com/product-category/retina-equipments/indexd6c0.html]
[centralindiaexport.com/product-category/retina-equipments/page/3/indexaa92.html]
[centralindiaexport.com/product-category/retina-equipments/index1a1f.html]
[centralindiaexport.com/product-category/retina-equipments/page/2/indexd6c0.html]
[centralindiaexport.com/product-category/retina-equipments/page/3/indexd6c0.html]
[centralindiaexport.com/product-category/retina-equipments/page/2/index1a1f.html]
[centralindiaexport.com/product-category/retina-equipments/page/3/index1a1f.html]
[centralindiaexport.com/wp-json/oembed/1.0/embed1925.json]
[centralindiaexport.com/wp-json/oembed/1.0/embed12b9]
[centralindiaexport.com/wp-json/wp/v2/product/18207.json]
[centralindiaexport.com/wp-content/uploads/2024/04/Schirmer_Strips.png]
[centralindiaexport.com/wp-content/uploads/2024/04/Green_Touch_Lissamine_Green_Strips.jpg]
[centralindiaexport.com/wp-content/uploads/2024/04/Green_Touch_Lissamine_Green_Strips-700x437.jpg]
[centralindiaexport.com/wp-content/uploads/2024/04/Rose_Touch_Rose_Bengal_Strips.jpg]
[centralindiaexport.com/wp-content/uploads/2024/04/Rose_Touch_Rose_Bengal_Strips-700x378.jpg]
[centralindiaexport.com/wp-content/uploads/2024/04/Schirmer_Strips-150x230.png]
[centralindiaexport.com/wp-content/uploads/2024/04/Green_Touch_Lissamine_Green_Strips-150x94.jpg]
[centralindiaexport.com/wp-content/uploads/2024/04/Rose_Touch_Rose_Bengal_Strips-150x81.jpg]
[centralindiaexport.com/product/diagnostic-strips-retina-equipments/index.html]
[centralindiaexport.com/product/infusion-cannula-vitreoretinal-instruments/index.html]
[centralindiaexport.com/product/irrigating-vitrect-retina-equipments/index.html]
[centralindiaexport.com/wp-content/uploads/2024/04/Irrigating_Vitrectomy_Lens_Set_XZMtbrB-215x215.html]
[centralindiaexport.com/product/irrigating-vitreoretinal-instruments/index.html]
[centralindiaexport.com/product/landers-vitrectomy-retina-equipments/index.html]
[centralindiaexport.com/wp-content/uploads/2024/04/Vitrectomy_Lens_Set-215x215.html]
[centralindiaexport.com/product/lens-glide-retina-equipments/index.html]
[centralindiaexport.com/wp-content/uploads/2024/04/Lens_Glide-215x215.html]
[centralindiaexport.com/product-category/retina-equipments/page/2/index27e6.html]
[centralindiaexport.com/product-category/retina-equipments/page/3/index27e6.html]
[centralindiaexport.com/product-category/retina-equipments/indexf539.html]
[centralindiaexport.com/product-category/retina-equipments/indexd462.html]
[centralindiaexport.com/product-category/retina-equipments/indexa314.html]
[centralindiaexport.com/product/may-vitreoretinal-instruments/index.html]
[centralindiaexport.com/product/membrane-peeler-vitreoretinal-instruments/index.html]
[centralindiaexport.com/wp-content/uploads/2024/04/Membrane-Peeler-215x215.html]
[centralindiaexport.com/product/monocular-telescops-for-l-va-2x-3x-retina-equipments/index.html]
[centralindiaexport.com/wp-content/uploads/2024/04/Monocular-Telescops-for-L.VA_.-2X-3X-215x215.html]
[centralindiaexport.com/product/ocular-surgery-retina-equipments/index.html]
[centralindiaexport.com/wp-content/uploads/2024/04/Ocular-Surgery-215x215.html]
[centralindiaexport.com/product/phaco-practice-eye-retina-equipments/index.html]
[centralindiaexport.com/wp-content/uploads/2024/04/Phaco_Practice_Eye-215x215.html]
[centralindiaexport.com/product/punch-retina-equipments/index.html]
[centralindiaexport.com/product-category/retina-equipments/page/2/indexbd2b.html]
[centralindiaexport.com/wp-content/uploads/happyaddons/css/ha-8181a8d.css]
[centralindiaexport.com/product-category/retina-equipments/page/2/index2510.html]
[centralindiaexport.com/product-category/retina-equipments/page/3/index2510.html]
[centralindiaexport.com/product-category/retina-equipments/page/4/index2510.html]
[centralindiaexport.com/product-category/retina-equipments/page/2/indexcc7b.html]
[centralindiaexport.com/product-category/retina-equipments/page/2/index475d.html]
[centralindiaexport.com/index3d0d.html]
[centralindiaexport.com/product/silicon-oil-injector-retina-equipments/index.html]
[centralindiaexport.com/wp-content/uploads/happyaddons/css/ha-818c5ee.css]
[centralindiaexport.com/indexd96f.html]
[centralindiaexport.com/product/phaco-wrench-phaco-tips/index.html]
[centralindiaexport.com/product/subretinal-injecti-vitreoretinal-instruments/index.html]
[centralindiaexport.com/wp-content/uploads/happyaddons/css/ha-8186cce.css]
[centralindiaexport.com/indexff35.html]
[centralindiaexport.com/product/single-mirror-gonioscopy-retina-equipments/index.html]
[centralindiaexport.com/index0c62.html]
[centralindiaexport.com/index1e23.html]
[centralindiaexport.com/index72ed.html]
[centralindiaexport.com/indexed94.html]
[centralindiaexport.com/wp-content/uploads/2024/04/90D_Aspheric_Lens.html]
[centralindiaexport.com/wp-content/uploads/2024/04/90D_Aspheric_Lens-700x364.html]
[centralindiaexport.com/wp-content/uploads/2024/04/20D_Aspheric_Lens-150x105.html]
[centralindiaexport.com/wp-content/uploads/2024/04/78D_Aspheric_Lens-150x92.html]
[centralindiaexport.com/wp-content/uploads/2024/04/90D_Aspheric_Lens-150x78.html]
[centralindiaexport.com/product/silicon-bands-retina-equipments/index.html]
[centralindiaexport.com/wp-content/uploads/2024/04/Silicon_Band-215x215.html]
[centralindiaexport.com/wp-content/uploads/happyaddons/css/ha-818e251.css]
[centralindiaexport.com/wp-json/oembed/1.0/embedba46.html]
[centralindiaexport.com/wp-json/oembed/1.0/embed5d85.html]
[centralindiaexport.com/wp-json/wp/v2/product/18170.html]
[centralindiaexport.com/index6754.html]
[centralindiaexport.com/wp-content/uploads/2024/04/BackFlush_Flute_Needle_With_Silicon_Tip_Cannula.html]
[centralindiaexport.com/wp-content/uploads/2024/04/BackFlush_Flute_Needle_With_Silicon_Tip_Cannula-700x243.html]
[centralindiaexport.com/product/suction-trephine-retina-equipments/index.html]
[centralindiaexport.com/wp-content/uploads/2024/04/Suction_Trephine-215x215.html]
[centralindiaexport.com/wp-json/oembed/1.0/embed7998.html]
[centralindiaexport.com/wp-json/oembed/1.0/embed0d11.html]
[centralindiaexport.com/wp-json/wp/v2/product/18157.html]
[centralindiaexport.com/indexb52f.html]
[centralindiaexport.com/wp-content/uploads/2024/04/Cam_Vision_Stimulator.html]
[centralindiaexport.com/wp-content/uploads/2024/04/Cam_Vision_Stimulator-700x303.html]
[centralindiaexport.com/wp-json/oembed/1.0/embedb922-2.html]
[centralindiaexport.com/wp-json/oembed/1.0/embedf79b.html]
[centralindiaexport.com/wp-json/wp/v2/product/18208.html]
[centralindiaexport.com/index77c5.html]
[centralindiaexport.com/wp-content/uploads/2024/04/Capsular_Tension_Ring_With_Scleral_Fixation_Arm.html]
[centralindiaexport.com/wp-content/uploads/2024/04/Capsular_Tension_Ring_With_Scleral_Fixation_Arm-700x463.html]
[centralindiaexport.com/wp-content/uploads/2024/04/Capsule_Tension_Ring.html]
[centralindiaexport.com/wp-content/uploads/2024/04/Capsular_Tension_Ring_JzVRU7O.html]
[centralindiaexport.com/wp-content/uploads/2024/04/Capsular_Tension_Ring_JzVRU7O-700x521.html]
[centralindiaexport.com/wp-content/uploads/2024/04/Capsular_Tension_Ring.html]
[centralindiaexport.com/wp-content/uploads/2024/04/Capsular_Tension_Ring-700x521.html]
[centralindiaexport.com/wp-content/uploads/2024/04/Capsular_Tension_Ring_With_Scleral_Fixation_Arm-150x99.html]
[centralindiaexport.com/wp-content/uploads/2024/04/Capsule_Tension_Ring-150x132.html]
[centralindiaexport.com/wp-content/uploads/2024/04/Capsular_Tension_Ring_JzVRU7O-150x112.html]
[centralindiaexport.com/wp-content/uploads/2024/04/Capsular_Tension_Ring-150x112.html]
[centralindiaexport.com/product/tension-ring-injector-retina-equipments/index.html]
[centralindiaexport.com/wp-content/uploads/2024/04/Capsular_Tension_Ring_Injector-215x215.html]
[centralindiaexport.com/wp-json/oembed/1.0/embede011.html]
[centralindiaexport.com/wp-json/oembed/1.0/embed78a9.html]
[centralindiaexport.com/wp-json/wp/v2/product/18173.html]
[centralindiaexport.com/index30ad.html]
[centralindiaexport.com/wp-content/uploads/2024/04/PVA_Sponge_Spears.html]
[centralindiaexport.com/product/wick-drain-retina-equipments/index.html]
[centralindiaexport.com/wp-content/uploads/2024/04/PVA_Wick_Drain2-215x215.html]
[centralindiaexport.com/wp-json/oembed/1.0/embed6dbe.html]
[centralindiaexport.com/wp-json/oembed/1.0/embed0721.html]
[centralindiaexport.com/wp-json/wp/v2/product/18094.html]
[centralindiaexport.com/index4ae9.html]
[centralindiaexport.com/wp-content/uploads/2024/04/BackFlush_Instrument_Flute_Handle_CHARLES.html]
[centralindiaexport.com/wp-content/uploads/2024/04/BackFlush_Instrument_Flute_Handle_CHARLES-700x187.html]
[centralindiaexport.com/product/tapered-vitreoretinal-instruments/index.html]
[centralindiaexport.com/wp-content/uploads/2024/04/SS1078_Tapered_Hydrodilineator_BLUMENTHAL_W4J4e1g-215x215.html]
[centralindiaexport.com/product/watzke-vitreoretinal-instruments/index.html]
[centralindiaexport.com/wp-content/uploads/2024/04/Watzke-forceps-215x215.html]
[centralindiaexport.com/product/scleral-plugs-vitreoretinal-instruments/index.html]
[centralindiaexport.com/wp-content/uploads/2024/04/VitreoRetinal-Instruments-Scleral-Plugs-215x215.html]
[centralindiaexport.com/product/silicon-sponge-rode-retina-equipments/index.html]
[centralindiaexport.com/wp-content/uploads/2024/04/Silicon_Sponge-215x215.html]
[centralindiaexport.com/product/silicon-tires-retina-equipments/index.html]
[centralindiaexport.com/wp-content/uploads/2024/04/Silicon_Tire-215x209.html]
[centralindiaexport.com/product/teflon-block-retina-equipments/index.html]
[centralindiaexport.com/wp-content/uploads/2024/04/Teflon_Block-215x215.html]
[centralindiaexport.com/product/trephine-retina-equipments/index.html]
[centralindiaexport.com/wp-content/uploads/2024/04/trephine-retina-215x215.html]
[centralindiaexport.com/product/vitreo-retinal-vitreoretinal-instruments/index.html]
[centralindiaexport.com/wp-content/uploads/2024/04/Vitreo-Retinal_Posterior_Segment_Set-215x215.html]
[centralindiaexport.com/wp-content/uploads/2024/04/PVA_Wick_Drain_LVyitxn-215x215.html]
[centralindiaexport.com/product-category/retina-equipments/page/1/index.html]
[centralindiaexport.com/indexf980.html]
[centralindiaexport.com/wp-content/uploads/happyaddons/css/ha-8181970.css]
[centralindiaexport.com/product/simcoe-lens-loops/index.html]
[centralindiaexport.com/product/sinskey-ii-lens-manipulators/index.html]
[centralindiaexport.com/product/arul-phaco-speculu-speculums/index.html]
[centralindiaexport.com/product/atkinson-needles/index.html]
[centralindiaexport.com/product/ayer-chalazion-forceps/index.html]
[centralindiaexport.com/product/bahr-maltzman-lens-manipulators/index.html]
[centralindiaexport.com/wp-content/uploads/happyaddons/css/ha-8180cea.css]
[centralindiaexport.com/wp-content/uploads/happyaddons/css/ha-8182b05.css]
[centralindiaexport.com/product/bailey-lacrimal-cannulas/index.html]
[centralindiaexport.com/product/banaji-lasik-lasik-cannulas/index.html]
[centralindiaexport.com/product/bard-parker-blade-blade/index.html]
[centralindiaexport.com/product/bard-parker-handle-blade/index.html]
[centralindiaexport.com/product/barraquer-needle-holder/index.html]
[centralindiaexport.com/product/barraquer-blade-breaker-and-holder/index.html]
[centralindiaexport.com/wp-content/uploads/happyaddons/css/ha-818b75e.css]
[centralindiaexport.com/product/barraquer-cilia-forceps/index.html]
[centralindiaexport.com/wp-content/uploads/happyaddons/css/ha-818d3d2.css]
[centralindiaexport.com/product/barraquer-knives/index.html]
[centralindiaexport.com/product/barraquer-spatulas/index.html]
[centralindiaexport.com/wp-content/uploads/happyaddons/css/ha-818cbff.css]
[centralindiaexport.com/wp-content/uploads/happyaddons/css/ha-8184287.css]
[centralindiaexport.com/product/barraquer-speculums/index.html]
[centralindiaexport.com/wp-content/uploads/happyaddons/css/ha-818e216.css]
[centralindiaexport.com/product/barraquer-spoons/index.html]
[centralindiaexport.com/wp-content/uploads/happyaddons/css/ha-818df2f.css]
[centralindiaexport.com/product/barrett-duo-nucleus-rotator/index.html]
[centralindiaexport.com/wp-content/uploads/happyaddons/css/ha-81850c1.css]
[centralindiaexport.com/product/bechert-irrigating-lens-manipulator-cannulas/index.html]
[centralindiaexport.com/product/bechert-nucleus-rotator/index.html]
[centralindiaexport.com/product/beer-cilia-forceps/index.html]
[centralindiaexport.com/product/berke-chalazion-forceps/index.html]
[centralindiaexport.com/product-category/uncategorised/page/1/index.html]
[centralindiaexport.com/product-category/uncategorised/page/5/index.html]
[centralindiaexport.com/product-category/uncategorised/page/21/index.html]
[centralindiaexport.com/product-category/uncategorised/page/22/index.html]
[centralindiaexport.com/product-category/uncategorised/page/23/index.html]
[centralindiaexport.com/wp-content/uploads/happyaddons/css/ha-818350e.css]
[centralindiaexport.com/product/wecker-spatulas/index.html]
[centralindiaexport.com/product/wells-spoons/index.html]
[centralindiaexport.com/product/utrata-capsulorhexis-forceps/index.html]
[centralindiaexport.com/product/weiss-speculums/index.html]
[centralindiaexport.com/wp-json/oembed/1.0/embedaf0d.json]
[centralindiaexport.com/product/welsh-aspirating-cannulas/index.html]
[centralindiaexport.com/product/west-hydrodissection-cannulas/index.html]
[centralindiaexport.com/wp-json/oembed/1.0/embedad55]
[centralindiaexport.com/product/west-lacrimal-cannulas/index.html]
[centralindiaexport.com/product/west-probes-and-dilators/index.html]
[centralindiaexport.com/wp-json/wp/v2/product/17329.json]
[centralindiaexport.com/product/wheeler-spatulas/index.html]
[centralindiaexport.com/product/wheeler-knives/index.html]
[centralindiaexport.com/product/wilbrandt-binkhors-irrigating-cannulas/index.html]
[centralindiaexport.com/wp-content/uploads/happyaddons/css/ha-818b45a.css]
[centralindiaexport.com/product/berkely-optic-zone-markers/index.html]
[centralindiaexport.com/product/wilder-lens-loops/index.html]
[centralindiaexport.com/product/williams-speculums/index.html]
[centralindiaexport.com/product/wilder-probes-and-dilators/index.html]
[centralindiaexport.com/product/wills-hospital-conjunctiva-forceps/index.html]
[centralindiaexport.com/product/yankee-nucleus-rotator/index.html]
[centralindiaexport.com/product/ziegler-knives/index.html]
[centralindiaexport.com/wp-json/oembed/1.0/embed053e.json]
[centralindiaexport.com/product/youens-irrigating-lens-manipulator-cannulas/index.html]
[centralindiaexport.com/wp-json/oembed/1.0/embedce39]
[centralindiaexport.com/product/microcombo-chopper-phaco-choppers/index.html]
[centralindiaexport.com/wp-json/wp/v2/product/18087.json]
[centralindiaexport.com/wp-content/uploads/2024/04/Bevel-needle.jpg]
[centralindiaexport.com/wp-content/uploads/2024/04/Bevel-needle-700x700.jpg]
[centralindiaexport.com/product/bevel-needles/index.html]
[centralindiaexport.com/wp-json/oembed/1.0/embedb9e6.json]
[centralindiaexport.com/wp-json/oembed/1.0/embed25ed]
[centralindiaexport.com/wp-json/wp/v2/product/17851.json]
[centralindiaexport.com/wp-content/uploads/2024/04/Punches-Beyer.jpg]
[centralindiaexport.com/wp-content/uploads/2024/04/Punches-Nasal-215x215.jpg]
[centralindiaexport.com/wp-content/uploads/happyaddons/css/ha-818abb5.css]
[centralindiaexport.com/product/beyer-punches/index.html]
[centralindiaexport.com/product/nasal-punches/index.html]
[centralindiaexport.com/wp-json/oembed/1.0/embed0884.json]
[centralindiaexport.com/wp-json/oembed/1.0/embedd360]
[centralindiaexport.com/wp-json/wp/v2/product/17933.json]
[centralindiaexport.com/wp-content/uploads/2024/04/Hydrodissection-Cannulas-Binkhorst.jpg]
[centralindiaexport.com/wp-content/uploads/happyaddons/css/ha-8180785.css]
[centralindiaexport.com/product/binkhorst-hydrodissection-cannulas/index.html]
[centralindiaexport.com/product/birk-colibri-forceps/index.html]
[centralindiaexport.com/product/bishop-harmon-anterior-chamber-cannulas/index.html]
[centralindiaexport.com/wp-content/uploads/2024/04/Anterior-Chamber-Cannulas-Bishop-Harmon-215x215.html]
[centralindiaexport.com/product/black-eye-artificial-eyes/index.html]
[centralindiaexport.com/wp-content/uploads/2024/04/black-artificial-eyes-215x215.html]
[centralindiaexport.com/product/blaydes-intraocular-forceps/index.html]
[centralindiaexport.com/wp-content/uploads/2024/04/Intraocular-Forceps-Blaydes-215x215.html]
[centralindiaexport.com/product/blue-eye-artificial-eyes/index.html]
[centralindiaexport.com/wp-content/uploads/2024/04/blue-artificial-eyes-215x215.html]
[centralindiaexport.com/product/blumenthal-a-c-maintainer/index.html]
[centralindiaexport.com/wp-content/uploads/2024/04/AC-Maintainer-Blumenthal-215x215.html]
[centralindiaexport.com/product/blunt-cystotomes/index.html]
[centralindiaexport.com/product/bodian-probes-and-dilators/index.html]
[centralindiaexport.com/product/bonaccolto-conjunctiva-forceps/index.html]
[centralindiaexport.com/wp-content/uploads/2024/04/Conjunctiva-Forceps-Bonaccolto-215x215.html]
[centralindiaexport.com/product/bonn-iris-hooks/index.html]
[centralindiaexport.com/product/bores-markers/index.html]
[centralindiaexport.com/wp-content/uploads/2024/04/Markers-Bores-215x215.html]
[centralindiaexport.com/product/bores-optic-zone-markers/index.html]
[centralindiaexport.com/wp-content/uploads/2024/04/Optic-zone-markers-Bores-215x215.html]
[centralindiaexport.com/product/bowman-probes-and-dilators/index.html]
[centralindiaexport.com/wp-content/uploads/2024/04/Bowman-Probes-And-Dilators-215x215.html]
[centralindiaexport.com/product-category/uncategorised/page/6/index.html]
[centralindiaexport.com/wp-content/uploads/happyaddons/css/ha-81849be.css]
[centralindiaexport.com/wp-json/oembed/1.0/embed5355.json]
[centralindiaexport.com/wp-json/oembed/1.0/embeddab5]
[centralindiaexport.com/wp-json/wp/v2/product/17862.json]
[centralindiaexport.com/wp-content/uploads/2024/04/Anterior-Chamber-Cannulas-Bracken.jpg]
[centralindiaexport.com/wp-content/uploads/2024/04/Anterior-Chamber-Cannulas-Anterior-Chamber-215x215.jpg]
[centralindiaexport.com/wp-content/uploads/2024/04/Anterior-Chamber-Cannulas-Knolle-215x215.jpg]
[centralindiaexport.com/wp-content/uploads/happyaddons/css/ha-81896d2.css]
[centralindiaexport.com/product/bracken-anterior-chamber-cannulas/index.html]
[centralindiaexport.com/wp-content/uploads/2024/04/Anterior-Chamber-Cannulas-Bracken-215x215.html]
[centralindiaexport.com/wp-json/oembed/1.0/embed3343.json]
[centralindiaexport.com/product/knolle-anterior-chamber-cannulas/index.html]
[centralindiaexport.com/wp-json/oembed/1.0/embed6bf4]
[centralindiaexport.com/product/anterior-chamber-anterior-chamber-cannulas/index.html]
[centralindiaexport.com/wp-json/wp/v2/product/17857.json]
[centralindiaexport.com/wp-content/uploads/2024/04/AC-Maintainer-Brierley.jpg]
[centralindiaexport.com/product/brierley-a-c-maintainer/index.html]
[centralindiaexport.com/wp-content/uploads/2024/04/AC-Maintainer-Brierley-215x215.html]
[centralindiaexport.com/wp-content/uploads/happyaddons/css/ha-818d4ee.css]
[centralindiaexport.com/product/heslin-a-c-maintainer/index.html]
[centralindiaexport.com/wp-json/oembed/1.0/embedbf57.json]
[centralindiaexport.com/wp-json/oembed/1.0/embed484a]
[centralindiaexport.com/wp-json/wp/v2/product/18152.json]
[centralindiaexport.com/wp-content/uploads/happyaddons/css/ha-8183f64.css]
[centralindiaexport.com/product/brown-eye-artificial-eyes/index.html]
[centralindiaexport.com/wp-content/uploads/2024/04/brown-artificial-eyes-215x215.html]
[centralindiaexport.com/wp-content/uploads/happyaddons/css/ha-818da8e.css]
[centralindiaexport.com/product/bunge-spoons/index.html]
[centralindiaexport.com/wp-content/uploads/2024/04/Spoons-Bunge-215x200.html]
[centralindiaexport.com/product/buratto-lasik-lasik-cannulas/index.html]
[centralindiaexport.com/wp-content/uploads/2024/04/Buratto-lasik-215x215.html]
[centralindiaexport.com/product/capsulorhexis-cyst-cystotomes/index.html]
[centralindiaexport.com/wp-content/uploads/2024/04/SS019__Cystotome_ANGLED-215x215.html]
[centralindiaexport.com/wp-content/uploads/happyaddons/css/ha-818371c.css]
[centralindiaexport.com/product/carbon-razor-blade-blade/index.html]
[centralindiaexport.com/wp-content/uploads/2024/04/Carbon-Razor-Blade-Blade-215x215.html]
[centralindiaexport.com/product/caro-nucleus-rotator/index.html]
[centralindiaexport.com/wp-content/uploads/happyaddons/css/ha-818d98b.css]
[centralindiaexport.com/wp-content/uploads/happyaddons/css/ha-8188e44.css]
[centralindiaexport.com/product/castroviejo-blade-breaker-and-holder/index.html]
[centralindiaexport.com/wp-content/uploads/2024/04/Castroviejo-blade-215x215.html]
[centralindiaexport.com/product/castroviejo-castroviejo-needle-holder/index.html]
[centralindiaexport.com/wp-content/uploads/happyaddons/css/ha-8188d48.css]
[centralindiaexport.com/product/castroviejo-cyclodialysis-cannulas/index.html]
[centralindiaexport.com/wp-content/uploads/2024/04/SS215_Cyclodialysis_Cannula_CASTROVIEJO-215x215.html]
[centralindiaexport.com/product/castroviejo-probes-and-dilators/index.html]
[centralindiaexport.com/wp-content/uploads/2024/04/Castroviejo-Probes-And-Dilators-215x91.html]
[centralindiaexport.com/wp-content/uploads/happyaddons/css/ha-8189cb5.css]
[centralindiaexport.com/product/castroviejo-spatulas/index.html]
[centralindiaexport.com/wp-content/uploads/2024/04/Spatulas-Castroviejo-215x215.html]
[centralindiaexport.com/wp-content/uploads/happyaddons/css/ha-8183e57.css]
[centralindiaexport.com/product/castroviejo-spatulas-2/index.html]
[centralindiaexport.com/wp-content/uploads/happyaddons/css/ha-8189647.css]
[centralindiaexport.com/product/castroviejo-spatulas-3/index.html]
[centralindiaexport.com/product/castroviejo-speculums/index.html]
[centralindiaexport.com/wp-content/uploads/2024/04/Speculums-Castroviejo-215x215.html]
[centralindiaexport.com/wp-content/uploads/happyaddons/css/ha-818c1a5.css]
[centralindiaexport.com/product-category/uncategorised/page/7/index.html]
[centralindiaexport.com/wp-content/uploads/happyaddons/css/ha-8186d66.css]
[centralindiaexport.com/product-category/vision-drum-acuity-chart/index992e.html]
[centralindiaexport.com/product-category/uncategorised/page/9/index.html]
[centralindiaexport.com/product-category/uncategorised/page/10/index.html]
[centralindiaexport.com/product-category/vision-drum-acuity-chart/index07ac.html]
[centralindiaexport.com/product-category/vision-drum-acuity-chart/index9d74.html]
[centralindiaexport.com/product-category/vision-drum-acuity-chart/index103c.html]
[centralindiaexport.com/product/gills-irrigating-cannulas/index.html]
[centralindiaexport.com/product/gill-knives/index.html]
[centralindiaexport.com/product-category/vision-drum-acuity-chart/indexa1a4.html]
[centralindiaexport.com/product-category/vision-drum-acuity-chart/index8cc1.html]
[centralindiaexport.com/product-category/vision-drum-acuity-chart/indexaa92.html]
[centralindiaexport.com/product-category/vision-drum-acuity-chart/indexd6c0.html]
[centralindiaexport.com/product-category/vision-drum-acuity-chart/index1a1f.html]
[centralindiaexport.com/product-category/vision-drum-acuity-chart/indexf539.html]
[centralindiaexport.com/product-category/vision-drum-acuity-chart/indexd462.html]
[centralindiaexport.com/product-category/vision-drum-acuity-chart/indexa314.html]
[centralindiaexport.com/index0379.html]
[centralindiaexport.com/index0692.html]
[centralindiaexport.com/wp-content/uploads/elementor/css/post-1947657cd.css]
[centralindiaexport.com/wp-content/uploads/happyaddons/css/ha-19476fa20.css]
[centralindiaexport.com/indexbfab.html]
[centralindiaexport.com/wp-content/uploads/happyaddons/css/ha-818fa20.css]
[centralindiaexport.com/wp-content/themes/woodmart/images/default-skin.svg]
[centralindiaexport.com/wp-json/oembed/1.0/embed1f33.html]
[centralindiaexport.com/wp-json/wp/v2/product/17140.html]
[centralindiaexport.com/index267c.html]
[centralindiaexport.com/wp-content/uploads/2024/04/Corneal-Markers-Anis.html]
[centralindiaexport.com/wp-content/uploads/happyaddons/css/ha-8183ee7.css]
[centralindiaexport.com/wp-json/oembed/1.0/embedc801.html]
[centralindiaexport.com/wp-json/oembed/1.0/embed4b4a.html]
[centralindiaexport.com/wp-json/wp/v2/product/17130.html]
[centralindiaexport.com/index4090.html]
[centralindiaexport.com/wp-content/uploads/2024/04/Caliper-Castroviejo.html]
[centralindiaexport.com/wp-content/uploads/happyaddons/css/ha-818fd34.css]
[centralindiaexport.com/wp-json/oembed/1.0/embedf7f4.html]
[centralindiaexport.com/wp-json/oembed/1.0/embedd4e6.html]
[centralindiaexport.com/wp-json/wp/v2/product/17145.html]
[centralindiaexport.com/indexb645.html]
[centralindiaexport.com/wp-content/uploads/2024/04/Dissectors-Dastoor.html]
[centralindiaexport.com/wp-content/uploads/happyaddons/css/ha-8181fbd.css]
[centralindiaexport.com/wp-json/oembed/1.0/embed71d1.html]
[centralindiaexport.com/wp-json/oembed/1.0/embed5874.html]
[centralindiaexport.com/wp-json/wp/v2/product/17134.html]
[centralindiaexport.com/index20de.html]
[centralindiaexport.com/wp-content/uploads/2024/04/caliper-jameson.html]
[centralindiaexport.com/product/thornton-gauge/index.html]
[centralindiaexport.com/wp-content/uploads/2024/04/fixation-Hook-Thornton-215x215.html]
[centralindiaexport.com/wp-content/uploads/happyaddons/css/ha-8182786.css]
[centralindiaexport.com/wp-json/oembed/1.0/embed516d.html]
[centralindiaexport.com/wp-json/oembed/1.0/embeddaa6.html]
[centralindiaexport.com/wp-json/wp/v2/product/17129.html]
[centralindiaexport.com/index22ae.html]
[centralindiaexport.com/wp-content/uploads/2024/04/AM-Lasik-Marker.html]
[centralindiaexport.com/wp-content/uploads/happyaddons/css/ha-818b820.css]
[centralindiaexport.com/wp-json/oembed/1.0/embed9c86.html]
[centralindiaexport.com/wp-json/oembed/1.0/embed1154.html]
[centralindiaexport.com/wp-json/wp/v2/product/17142.html]
[centralindiaexport.com/index4236.html]
[centralindiaexport.com/wp-content/uploads/2024/04/Curettes-Meyerhoefer.html]
[centralindiaexport.com/wp-content/uploads/happyaddons/css/ha-818c573.css]
[centralindiaexport.com/wp-json/oembed/1.0/embed7b9f.html]
[centralindiaexport.com/wp-json/oembed/1.0/embed867a.html]
[centralindiaexport.com/wp-json/wp/v2/product/17150.html]
[centralindiaexport.com/index47ce.html]
[centralindiaexport.com/wp-content/uploads/2024/04/Fixation-Rings-Shepard-Fixation-R.html]
[centralindiaexport.com/wp-content/uploads/happyaddons/css/ha-818c9c1.css]
[centralindiaexport.com/wp-json/oembed/1.0/embed153f.html]
[centralindiaexport.com/wp-json/oembed/1.0/embed2b0f.html]
[centralindiaexport.com/wp-json/wp/v2/product/17136.html]
[centralindiaexport.com/indexc29b.html]
[centralindiaexport.com/wp-content/uploads/happyaddons/css/ha-818ff76.css]
[centralindiaexport.com/wp-json/oembed/1.0/embedb588.html]
[centralindiaexport.com/wp-json/oembed/1.0/embed1687.html]
[centralindiaexport.com/wp-json/wp/v2/product/17137.html]
[centralindiaexport.com/indexac7f.html]
[centralindiaexport.com/wp-content/uploads/2024/04/Cautery-Ball-Point.html]
[centralindiaexport.com/wp-content/uploads/happyaddons/css/ha-8189547.css]
[centralindiaexport.com/wp-json/oembed/1.0/embedb7f3.html]
[centralindiaexport.com/wp-json/oembed/1.0/embed7010.html]
[centralindiaexport.com/wp-json/wp/v2/product/17138.html]
[centralindiaexport.com/indexbc25.html]
[centralindiaexport.com/wp-content/uploads/2024/04/cautery-Cone-Type.html]
[centralindiaexport.com/wp-content/uploads/happyaddons/css/ha-8182de1.css]
[centralindiaexport.com/wp-json/oembed/1.0/embed4de3.html]
[centralindiaexport.com/wp-json/oembed/1.0/embed05fd.html]
[centralindiaexport.com/wp-json/wp/v2/product/17131.html]
[centralindiaexport.com/indexe4c3.html]
[centralindiaexport.com/wp-content/uploads/2024/04/caliper-osher.html]
[centralindiaexport.com/wp-content/uploads/happyaddons/css/ha-81849d8.css]
[centralindiaexport.com/wp-json/oembed/1.0/embedf878.html]
[centralindiaexport.com/wp-json/oembed/1.0/embed51ab.html]
[centralindiaexport.com/wp-json/wp/v2/product/17144.html]
[centralindiaexport.com/index3516.html]
[centralindiaexport.com/wp-content/uploads/2024/04/Dissectors-Paton.html]
[centralindiaexport.com/wp-content/uploads/happyaddons/css/ha-8184aa2.css]
[centralindiaexport.com/wp-json/oembed/1.0/embedd21d.html]
[centralindiaexport.com/wp-json/oembed/1.0/embed7407.html]
[centralindiaexport.com/wp-json/wp/v2/product/17147.html]
[centralindiaexport.com/index1e54.html]
[centralindiaexport.com/wp-content/uploads/2024/04/Fixation-Rings-Twist-Hook.html]
[centralindiaexport.com/wp-content/uploads/happyaddons/css/ha-818f2fb.css]
[centralindiaexport.com/wp-json/oembed/1.0/embed4dc3.html]
[centralindiaexport.com/wp-json/oembed/1.0/embed75aa.html]
[centralindiaexport.com/wp-json/wp/v2/product/17127.html]
[centralindiaexport.com/index7803.html]
[centralindiaexport.com/wp-content/uploads/2024/04/Astigmatism-Markers-bores.html]
[centralindiaexport.com/wp-content/uploads/happyaddons/css/ha-818203e.css]
[centralindiaexport.com/wp-json/oembed/1.0/embed8cb7.html]
[centralindiaexport.com/wp-json/oembed/1.0/embedbc80.html]
[centralindiaexport.com/wp-json/wp/v2/product/17132.html]
[centralindiaexport.com/index3366.html]
[centralindiaexport.com/wp-content/uploads/happyaddons/css/ha-81852f6.css]
[centralindiaexport.com/wp-json/oembed/1.0/embedd86d.html]
[centralindiaexport.com/wp-json/oembed/1.0/embed41de.html]
[centralindiaexport.com/wp-json/wp/v2/product/17149.html]
[centralindiaexport.com/index8884.html]
[centralindiaexport.com/wp-content/uploads/2024/04/Thornton-Fixation-Rings.html]
[centralindiaexport.com/wp-content/uploads/happyaddons/css/ha-818cd0f.css]
[centralindiaexport.com/wp-json/oembed/1.0/embede1fc.html]
[centralindiaexport.com/wp-json/oembed/1.0/embeda1d8.html]
[centralindiaexport.com/wp-json/wp/v2/product/17128.html]
[centralindiaexport.com/index0015.html]
[centralindiaexport.com/wp-content/uploads/happyaddons/css/ha-81801dc.css]
[centralindiaexport.com/wp-json/oembed/1.0/embeda005.html]
[centralindiaexport.com/wp-json/oembed/1.0/embed4f6c.html]
[centralindiaexport.com/wp-json/wp/v2/product/17139.html]
[centralindiaexport.com/index108d.html]
[centralindiaexport.com/wp-content/uploads/2024/04/Corneal-Markers-Osher-Neumann.html]
[centralindiaexport.com/wp-content/uploads/happyaddons/css/ha-8180851.css]
[centralindiaexport.com/wp-json/oembed/1.0/embed080a.html]
[centralindiaexport.com/wp-json/oembed/1.0/embed0958.html]
[centralindiaexport.com/wp-json/wp/v2/product/17135.html]
[centralindiaexport.com/index5884.html]
[centralindiaexport.com/wp-content/uploads/2024/04/caliper-ruler.html]
[centralindiaexport.com/wp-content/uploads/happyaddons/css/ha-8182401.css]
[centralindiaexport.com/product-category/instruments/forceps/corneal-fixation-forceps/indexa777.html]
[centralindiaexport.com/product-category/instruments/forceps/corneal-fixation-forceps/indexbf13.html]
[centralindiaexport.com/wp-json/oembed/1.0/embed69bc.html]
[centralindiaexport.com/wp-json/oembed/1.0/embed65e2.html]
[centralindiaexport.com/wp-json/wp/v2/product/17562.html]
[centralindiaexport.com/index7470.html]
[centralindiaexport.com/wp-content/uploads/2024/04/Conjunctiva-Forceps-Jayle.html]
[centralindiaexport.com/product/moorfield-conjunctiva-forceps/index.html]
[centralindiaexport.com/wp-content/uploads/2024/04/Moorfield_Conjuctival_Forcep-215x215.html]
[centralindiaexport.com/wp-content/uploads/happyaddons/css/ha-818ad06.css]
[centralindiaexport.com/wp-json/oembed/1.0/embed5d38.html]
[centralindiaexport.com/wp-json/oembed/1.0/embed5301.html]
[centralindiaexport.com/wp-json/wp/v2/product/17564.html]
[centralindiaexport.com/index440d.html]
[centralindiaexport.com/wp-content/uploads/2024/04/Corneal-Forceps-Castroviejo-Colibr.html]
[centralindiaexport.com/product/tennant-maumenee-corneal-forceps/index.html]
[centralindiaexport.com/wp-content/uploads/2024/04/Corneal-Forceps-Tennant-Maumenee-215x215.html]
[centralindiaexport.com/wp-content/uploads/happyaddons/css/ha-818205d.css]
[centralindiaexport.com/wp-json/oembed/1.0/embed7065.html]
[centralindiaexport.com/wp-json/oembed/1.0/embed0e24.html]
[centralindiaexport.com/wp-json/wp/v2/product/17152.html]
[centralindiaexport.com/index413e.html]
[centralindiaexport.com/wp-content/uploads/2024/04/Deitz-Gauge.html]
[centralindiaexport.com/wp-content/uploads/happyaddons/css/ha-818bdc8.css]
[centralindiaexport.com/wp-json/oembed/1.0/embed1b76.html]
[centralindiaexport.com/wp-json/oembed/1.0/embedf63f.html]
[centralindiaexport.com/wp-json/wp/v2/product/17146.html]
[centralindiaexport.com/indexc3e8.html]
[centralindiaexport.com/wp-content/uploads/2024/04/Dissectors-Langs.html]
[centralindiaexport.com/wp-content/uploads/happyaddons/css/ha-8184a41.css]
[centralindiaexport.com/wp-json/oembed/1.0/embedbe24.html]
[centralindiaexport.com/wp-json/oembed/1.0/embedc67c.html]
[centralindiaexport.com/wp-json/wp/v2/product/17151.html]
[centralindiaexport.com/index61b3.html]
[centralindiaexport.com/wp-content/uploads/2024/04/Blade-Gauge-Gauge.html]
[centralindiaexport.com/wp-content/uploads/happyaddons/css/ha-818b0ed.css]
[centralindiaexport.com/wp-json/oembed/1.0/embed3839.html]
[centralindiaexport.com/wp-json/oembed/1.0/embed1ff5.html]
[centralindiaexport.com/wp-json/wp/v2/product/17141.html]
[centralindiaexport.com/indexdbcc.html]
[centralindiaexport.com/wp-content/uploads/2024/04/Corneal-Markers-Marking-Pen.html]
[centralindiaexport.com/wp-content/uploads/happyaddons/css/ha-818b84c.css]
[centralindiaexport.com/wp-json/oembed/1.0/embed24c1.html]
[centralindiaexport.com/wp-json/oembed/1.0/embed7405.html]
[centralindiaexport.com/wp-json/wp/v2/product/17125.html]
[centralindiaexport.com/indexcf60.html]
[centralindiaexport.com/wp-content/uploads/2024/04/Astigmatism-Markers-Thornton.html]
[centralindiaexport.com/wp-content/uploads/happyaddons/css/ha-818b589.css]
[centralindiaexport.com/wp-json/oembed/1.0/embedcf36.html]
[centralindiaexport.com/wp-json/oembed/1.0/embedebe8.html]
[centralindiaexport.com/wp-json/wp/v2/product/17133.html]
[centralindiaexport.com/index0f18.html]
[centralindiaexport.com/wp-json/oembed/1.0/embede782.html]
[centralindiaexport.com/wp-json/oembed/1.0/embed1a5e.html]
[centralindiaexport.com/wp-json/wp/v2/product/17126.html]
[centralindiaexport.com/index7ee1.html]
[centralindiaexport.com/wp-content/uploads/2024/04/Hofmann-Astigmatism-Markers.html]
[centralindiaexport.com/wp-content/uploads/happyaddons/css/ha-8180843.css]
[centralindiaexport.com/wp-json/oembed/1.0/embed2325.html]
[centralindiaexport.com/wp-json/oembed/1.0/embeda599.html]
[centralindiaexport.com/wp-json/wp/v2/product/17148.html]
[centralindiaexport.com/index726b.html]
[centralindiaexport.com/wp-content/uploads/2024/04/fixation-hook.html]
[centralindiaexport.com/wp-content/uploads/happyaddons/css/ha-818591d.css]
[centralindiaexport.com/wp-json/oembed/1.0/embedb239.html]
[centralindiaexport.com/wp-json/oembed/1.0/embedf9c6.html]
[centralindiaexport.com/wp-json/wp/v2/product/17614.html]
[centralindiaexport.com/index7d3d.html]
[centralindiaexport.com/wp-content/uploads/2024/04/Hoskin-Forceps-Pierse.html]
[centralindiaexport.com/product/pierse-type-hoskin-forceps/index.html]
[centralindiaexport.com/wp-content/uploads/happyaddons/css/ha-818bf93.css]
[centralindiaexport.com/wp-json/oembed/1.0/embed45bf.html]
[centralindiaexport.com/wp-json/oembed/1.0/embed788d.html]
[centralindiaexport.com/wp-json/wp/v2/product/17628.html]
[centralindiaexport.com/indexa60d.html]
[centralindiaexport.com/wp-content/uploads/2024/04/Intraocular-Forceps-Faulkner.html]
[centralindiaexport.com/product/faulkner-intraocular-forceps/index.html]
[centralindiaexport.com/wp-content/uploads/happyaddons/css/ha-818a23a.css]
[centralindiaexport.com/product-category/instruments/forceps/tying-forceps/index751b.html]
[centralindiaexport.com/product-category/instruments/forceps/tying-forceps/index0fc0.html]
[centralindiaexport.com/product-category/instruments/forceps/tying-forceps/indexa777.html]
[centralindiaexport.com/product-category/instruments/forceps/tying-forceps/index47b9.html]
[centralindiaexport.com/product-category/instruments/forceps/tying-forceps/index885e.html]
[centralindiaexport.com/product-category/instruments/forceps/tying-forceps/indexdfc6.html]
[centralindiaexport.com/product-category/instruments/forceps/tying-forceps/indexbf13.html]
[centralindiaexport.com/product-category/instruments/forceps/tying-forceps/index404e.html]
[centralindiaexport.com/product-category/instruments/scissors/page/2/index992e.html]
[centralindiaexport.com/product-category/instruments/scissors/page/3/index992e.html]
[centralindiaexport.com/product-category/instruments/scissors/page/2/index07ac.html]
[centralindiaexport.com/product-category/instruments/scissors/page/3/index07ac.html]
[centralindiaexport.com/product-category/instruments/scissors/page/2/index9d74.html]
[centralindiaexport.com/product-category/instruments/scissors/page/3/index9d74.html]
[centralindiaexport.com/product-category/instruments/scissors/page/1/indexca5c.html]
[centralindiaexport.com/product-category/instruments/scissors/page/2/index103c.html]
[centralindiaexport.com/product-category/instruments/scissors/page/2/indexa1a4.html]
[centralindiaexport.com/product-category/instruments/scissors/page/2/index8cc1.html]
[centralindiaexport.com/product-category/instruments/scissors/page/1/index1c07.html]
[centralindiaexport.com/product-category/instruments/scissors/page/2/indexaa92.html]
[centralindiaexport.com/product-category/instruments/scissors/page/2/indexd6c0.html]
[centralindiaexport.com/product-category/instruments/scissors/page/2/index1a1f.html]
[centralindiaexport.com/index60ac.html]
[centralindiaexport.com/indexd11c.html]
[centralindiaexport.com/indexbf4a.html]
[centralindiaexport.com/index0d1d.html]
[centralindiaexport.com/indexf749.html]
[centralindiaexport.com/index6c3c.html]
[centralindiaexport.com/product-category/instruments/scissors/page/1/index27e6.html]
[centralindiaexport.com/index9ffd.html]
[centralindiaexport.com/index8bd4.html]
[centralindiaexport.com/wp-json/wp/v2/product/17741.html]
[centralindiaexport.com/index7978.html]
[centralindiaexport.com/wp-json/oembed/1.0/embed5b63.html]
[centralindiaexport.com/wp-json/oembed/1.0/embed1a37.html]
[centralindiaexport.com/wp-json/wp/v2/product/17749.html]
[centralindiaexport.com/index77bb.html]
[centralindiaexport.com/wp-content/uploads/2024/04/Vitreous-Vitreous-Scissors.html]
[centralindiaexport.com/wp-json/oembed/1.0/embede499.html]
[centralindiaexport.com/wp-json/oembed/1.0/embedcca1.html]
[centralindiaexport.com/wp-json/wp/v2/product/17747.html]
[centralindiaexport.com/index7a3d.html]
[centralindiaexport.com/wp-content/uploads/2024/04/Westcott_Scissor_STRAIGHT_CURVED.html]
[centralindiaexport.com/product-category/miscellaneouss/indexa777.html]
[centralindiaexport.com/product-category/miscellaneouss/index885e.html]
[centralindiaexport.com/product-category/miscellaneouss/indexbf13.html]
[centralindiaexport.com/product-category/miscellaneouss/index47b9.html]
[centralindiaexport.com/product-category/miscellaneouss/indexdfc6.html]
[centralindiaexport.com/product-category/miscellaneouss/index404e.html]
[centralindiaexport.com/product-category/miscellaneouss/index152b.html]
[centralindiaexport.com/product-category/miscellaneouss/index6761.html]
[centralindiaexport.com/product-category/miscellaneouss/index5fde.html]
[centralindiaexport.com/index6e60.html]
[centralindiaexport.com/wp-json/oembed/1.0/embed750b.json]
[centralindiaexport.com/wp-json/oembed/1.0/embed7793]
[centralindiaexport.com/wp-json/wp/v2/product/18211.json]
[centralindiaexport.com/wp-content/uploads/2024/04/iris-retractor.jpg]
[centralindiaexport.com/wp-content/uploads/2024/04/iris-retractor-700x700.jpg]
[centralindiaexport.com/wp-content/uploads/2024/04/Iovue_Iris_Retractor_1.jpg]
[centralindiaexport.com/wp-content/uploads/2024/04/Iovue_Iris_Retractor_1-700x758.jpg]
[centralindiaexport.com/wp-content/uploads/2024/04/iris-retractor-150x150.jpg]
[centralindiaexport.com/wp-content/uploads/2024/04/Iovue_Iris_Retractor_1-150x162.jpg]
[centralindiaexport.com/wp-content/uploads/2024/04/Eye-Shield_2-215x215.png]
[centralindiaexport.com/wp-content/uploads/happyaddons/css/ha-8183803.css]
[centralindiaexport.com/product/iris-retractors-retina-equipments/index.html]
[centralindiaexport.com/wp-content/uploads/happyaddons/css/ha-8187ab7.css]
[centralindiaexport.com/product-category/retina-equipments/page/2/index992e.html]
[centralindiaexport.com/product-category/retina-equipments/page/3/index992e.html]
[centralindiaexport.com/product-category/retina-equipments/page/4/index992e.html]
[centralindiaexport.com/product-category/retina-equipments/page/5/index992e.html]
[centralindiaexport.com/product-category/retina-equipments/page/2/index07ac.html]
[centralindiaexport.com/product-category/retina-equipments/page/3/index07ac.html]
[centralindiaexport.com/product-category/retina-equipments/page/4/index07ac.html]
[centralindiaexport.com/product-category/retina-equipments/page/5/index07ac.html]
[centralindiaexport.com/product-category/retina-equipments/page/2/index9d74.html]
[centralindiaexport.com/product/corneal-shield-rings-retina-equipments/index.html]
[centralindiaexport.com/product-category/retina-equipments/page/3/index9d74.html]
[centralindiaexport.com/product-category/retina-equipments/page/4/index9d74.html]
[centralindiaexport.com/product-category/retina-equipments/page/5/index9d74.html]
[centralindiaexport.com/product-category/retina-equipments/page/1/indexca5c.html]
[centralindiaexport.com/product-category/retina-equipments/page/2/index103c.html]
[centralindiaexport.com/product-category/retina-equipments/page/3/index103c.html]
[centralindiaexport.com/product-category/retina-equipments/page/4/index103c.html]
[centralindiaexport.com/product-category/retina-equipments/page/2/indexa1a4.html]
[centralindiaexport.com/product-category/retina-equipments/page/3/indexa1a4.html]
[centralindiaexport.com/product-category/retina-equipments/page/4/indexa1a4.html]
[centralindiaexport.com/product-category/retina-equipments/page/2/index8cc1.html]
[centralindiaexport.com/product-category/retina-equipments/page/3/index8cc1.html]
[centralindiaexport.com/product-category/retina-equipments/page/4/index8cc1.html]
[centralindiaexport.com/product-category/retina-equipments/page/1/index1c07.html]
[centralindiaexport.com/product-category/retina-equipments/page/2/indexaa92.html]
[centralindiaexport.com/product-category/retina-equipments/page/3/indexaa92.html]
[centralindiaexport.com/product-category/retina-equipments/page/2/indexd6c0.html]
[centralindiaexport.com/product-category/retina-equipments/page/3/indexd6c0.html]
[centralindiaexport.com/product-category/retina-equipments/page/2/index1a1f.html]
[centralindiaexport.com/product-category/retina-equipments/page/3/index1a1f.html]
[centralindiaexport.com/indexc2cc.html]
[centralindiaexport.com/wp-json/oembed/1.0/embed5719.html]
[centralindiaexport.com/wp-json/oembed/1.0/embedb55c.html]
[centralindiaexport.com/wp-json/wp/v2/product/18098.html]
[centralindiaexport.com/index8d57.html]
[centralindiaexport.com/wp-content/uploads/2024/04/SS257_Infusion_Cannula.html]
[centralindiaexport.com/wp-json/oembed/1.0/embed473e.html]
[centralindiaexport.com/wp-json/oembed/1.0/embed5e69.html]
[centralindiaexport.com/wp-json/wp/v2/product/18103.html]
[centralindiaexport.com/indexa0a5.html]
[centralindiaexport.com/wp-json/oembed/1.0/embed93f6.html]
[centralindiaexport.com/wp-json/oembed/1.0/embed1470.html]
[centralindiaexport.com/wp-json/wp/v2/product/18101.html]
[centralindiaexport.com/index1d2f.html]
[centralindiaexport.com/wp-content/uploads/2024/04/Membrane-Peeler.html]
[centralindiaexport.com/wp-json/oembed/1.0/embedd556.html]
[centralindiaexport.com/wp-json/oembed/1.0/embed38fc.html]
[centralindiaexport.com/wp-json/wp/v2/product/18155.html]
[centralindiaexport.com/index4eda.html]
[centralindiaexport.com/wp-content/uploads/2024/04/Monocular-Telescops-for-L.VA_.-2X-3X.html]
[centralindiaexport.com/wp-json/oembed/1.0/embed1808.html]
[centralindiaexport.com/wp-json/oembed/1.0/embeddf25.html]
[centralindiaexport.com/wp-json/wp/v2/product/18212.html]
[centralindiaexport.com/indexdd2a.html]
[centralindiaexport.com/wp-content/uploads/2024/04/Ocular-Surgery.html]
[centralindiaexport.com/wp-json/oembed/1.0/embed1fa6.html]
[centralindiaexport.com/wp-json/oembed/1.0/embedfe47.html]
[centralindiaexport.com/wp-json/wp/v2/product/18156.html]
[centralindiaexport.com/indexfa77.html]
[centralindiaexport.com/wp-content/uploads/2024/04/Phaco_Practice_Eye.html]
[centralindiaexport.com/wp-content/uploads/2024/04/Phaco_Practice_Eye-700x261.html]
[centralindiaexport.com/wp-json/oembed/1.0/embed88e6.html]
[centralindiaexport.com/wp-json/oembed/1.0/embed5f1d.html]
[centralindiaexport.com/wp-json/wp/v2/product/18204.html]
[centralindiaexport.com/index60a6.html]
[centralindiaexport.com/product-category/retina-equipments/page/1/indexbd2b.html]
[centralindiaexport.com/product-category/retina-equipments/page/1/index2510.html]
[centralindiaexport.com/product-category/retina-equipments/page/1/indexcc7b.html]
[centralindiaexport.com/product-category/retina-equipments/page/1/index475d.html]
[centralindiaexport.com/wp-json/oembed/1.0/embede944.html]
[centralindiaexport.com/wp-json/oembed/1.0/embed4c43.html]
[centralindiaexport.com/wp-json/wp/v2/product/18163.html]
[centralindiaexport.com/index045f.html]
[centralindiaexport.com/wp-content/uploads/2024/04/Silicon-Oil-Injector-Retina-Equipments.html]
[centralindiaexport.com/wp-json/oembed/1.0/embed045e.html]
[centralindiaexport.com/wp-json/oembed/1.0/embed9774.html]
[centralindiaexport.com/wp-json/wp/v2/product/18089.html]
[centralindiaexport.com/indexd4e0.html]
[centralindiaexport.com/wp-content/uploads/2024/04/Phaco-Wrench.html]
[centralindiaexport.com/product/phaco-tip-phaco-tips/index.html]
[centralindiaexport.com/wp-content/uploads/2024/04/Phaco-Tip-215x215.html]
[centralindiaexport.com/wp-json/oembed/1.0/embede4f8.html]
[centralindiaexport.com/wp-json/oembed/1.0/embeda492.html]
[centralindiaexport.com/wp-json/wp/v2/product/18092.html]
[centralindiaexport.com/indexc4d9.html]
[centralindiaexport.com/wp-content/uploads/2024/04/SS263_Subretinal_Injector_GLASER.html]
[centralindiaexport.com/wp-json/oembed/1.0/embeda6f6.html]
[centralindiaexport.com/wp-json/oembed/1.0/embed76d0.html]
[centralindiaexport.com/wp-json/wp/v2/product/18166.html]
[centralindiaexport.com/index406e.html]
[centralindiaexport.com/wp-content/uploads/2024/04/Single_Mirror_Goniolens.html]
[centralindiaexport.com/wp-content/uploads/2024/04/Single_Mirror_Goniolens-700x265.html]
[centralindiaexport.com/wp-json/oembed/1.0/embed42bd.html]
[centralindiaexport.com/wp-json/oembed/1.0/embed4e7c.html]
[centralindiaexport.com/wp-json/wp/v2/product/17211.html]
[centralindiaexport.com/index2184.html]
[centralindiaexport.com/wp-content/uploads/2024/04/Lens-Loops-Simcoe.html]
[centralindiaexport.com/product/morrison-lens-loops/index.html]
[centralindiaexport.com/wp-content/uploads/2024/04/Lens-Loops-Morrison-215x215.html]
[centralindiaexport.com/wp-content/uploads/happyaddons/css/ha-8181970.css]
[centralindiaexport.com/wp-json/oembed/1.0/embeda36a.html]
[centralindiaexport.com/wp-json/oembed/1.0/embed36c6.html]
[centralindiaexport.com/wp-json/wp/v2/product/17213.html]
[centralindiaexport.com/index4e67.html]
[centralindiaexport.com/wp-content/uploads/2024/04/Lens-Manipulators-Sinskey-II.html]
[centralindiaexport.com/product/sinskey-lens-manipulators/index.html]
[centralindiaexport.com/wp-content/uploads/2024/04/Lens-Manipulators-Sinskey-215x215.html]
[centralindiaexport.com/wp-content/uploads/happyaddons/css/ha-8188f37.html]
[centralindiaexport.com/wp-json/oembed/1.0/embedc98e.html]
[centralindiaexport.com/wp-json/oembed/1.0/embeda849.html]
[centralindiaexport.com/wp-json/wp/v2/product/17430.html]
[centralindiaexport.com/indexe3ec.html]
[centralindiaexport.com/wp-content/uploads/2024/04/Arul-Phaco-Speculu-Speculums.html]
[centralindiaexport.com/product/park-speculums/index.html]
[centralindiaexport.com/product/smirmaul-speculums/index.html]
[centralindiaexport.com/wp-content/uploads/2024/04/Speculums-Smirmaul-215x215.html]
[centralindiaexport.com/wp-content/uploads/happyaddons/css/ha-818055e.html]
[centralindiaexport.com/wp-json/oembed/1.0/embedfb0f.html]
[centralindiaexport.com/wp-json/oembed/1.0/embeda75c.html]
[centralindiaexport.com/wp-json/wp/v2/product/18086.html]
[centralindiaexport.com/indexf1c1.html]
[centralindiaexport.com/wp-content/uploads/2024/04/Needles-Atkinson.html]
[centralindiaexport.com/wp-json/oembed/1.0/embed0152.html]
[centralindiaexport.com/wp-json/oembed/1.0/embedc12a.html]
[centralindiaexport.com/wp-json/wp/v2/product/17545.html]
[centralindiaexport.com/index273f.html]
[centralindiaexport.com/wp-content/uploads/2024/04/Chalazion-Forceps-Ayer.html]
[centralindiaexport.com/product/erhardt-chalazion-forceps/index.html]
[centralindiaexport.com/wp-content/uploads/2024/04/Chalazion-Forceps-Erhardt-215x215.html]
[centralindiaexport.com/product/lambert-chalazion-forceps/index.html]
[centralindiaexport.com/wp-content/uploads/2024/04/Chalazion-Forceps-Lambert-215x215.html]
[centralindiaexport.com/wp-json/oembed/1.0/embed263c.html]
[centralindiaexport.com/wp-json/oembed/1.0/embeddb39.html]
[centralindiaexport.com/wp-json/wp/v2/product/17247.html]
[centralindiaexport.com/index85ce.html]
[centralindiaexport.com/wp-content/uploads/2024/04/Lens-Manipulators-Bahr-Maltzman.html]
[centralindiaexport.com/product/rentsch-lens-manipulators/index.html]
[centralindiaexport.com/wp-content/uploads/2024/04/Lens-Manipulators-Rentsch-215x215.html]
[centralindiaexport.com/product/fenzl-lens-manipulators/index.html]
[centralindiaexport.com/wp-content/uploads/happyaddons/css/ha-8180cea.css]
[centralindiaexport.com/wp-json/oembed/1.0/embed8da6.html]
[centralindiaexport.com/wp-json/oembed/1.0/embed3361.html]
[centralindiaexport.com/wp-json/wp/v2/product/18029.html]
[centralindiaexport.com/index1fed.html]
[centralindiaexport.com/wp-content/uploads/2024/04/Lacrimal-Cannulas-Bailey.html]
[centralindiaexport.com/product/anel-lacrimal-cannulas/index.html]
[centralindiaexport.com/wp-content/uploads/2024/04/SS035_Lacrimal_Cannula_ANEL_Special_Long_Mount_Blunt_Tip-215x215.html]
[centralindiaexport.com/product/tulevech-lacrimal-cannulas/index.html]
[centralindiaexport.com/wp-content/uploads/2024/04/Tulevech-Lacrimal-Cannulas-215x215.html]
[centralindiaexport.com/wp-content/uploads/happyaddons/css/ha-8182b05.css]
[centralindiaexport.com/wp-json/oembed/1.0/embed322b.html]
[centralindiaexport.com/wp-json/oembed/1.0/embed073f.html]
[centralindiaexport.com/wp-json/wp/v2/product/18043.html]
[centralindiaexport.com/indexa062.html]
[centralindiaexport.com/wp-content/uploads/2024/04/SS373_Lasik_Irrigating_Cannula_Banaji.html]
[centralindiaexport.com/product/gimbel-lasik-lasik-cannulas/index.html]
[centralindiaexport.com/wp-content/uploads/2024/04/Gimbel-Lasik-215x215.html]
[centralindiaexport.com/wp-content/uploads/happyaddons/css/ha-8180259.html]
[centralindiaexport.com/wp-json/oembed/1.0/embed79a8.html]
[centralindiaexport.com/wp-json/oembed/1.0/embed525f.html]
[centralindiaexport.com/wp-json/wp/v2/product/17787.html]
[centralindiaexport.com/index34d8.html]
[centralindiaexport.com/wp-content/uploads/2024/04/Blade-Bard-Parker-Blade.html]
[centralindiaexport.com/product/slit-enlarging-blade-blade/index.html]
[centralindiaexport.com/wp-content/uploads/2024/04/Blade-Slit-Blade-215x215.html]
[centralindiaexport.com/wp-content/uploads/happyaddons/css/ha-818d51e.html]
[centralindiaexport.com/wp-json/oembed/1.0/embed96c4.html]
[centralindiaexport.com/wp-json/oembed/1.0/embed5871.html]
[centralindiaexport.com/wp-json/wp/v2/product/17751.html]
[centralindiaexport.com/index2b46.html]
[centralindiaexport.com/wp-content/uploads/2024/04/Blade-Bard-Parker-Handle.html]
[centralindiaexport.com/product/chuck-handle-blade/index.html]
[centralindiaexport.com/wp-content/uploads/2024/04/Blade-Chuck-Handle-215x215.html]
[centralindiaexport.com/wp-content/uploads/happyaddons/css/ha-818f7de.html]
[centralindiaexport.com/wp-json/oembed/1.0/embedd734.html]
[centralindiaexport.com/wp-json/oembed/1.0/embed8239.html]
[centralindiaexport.com/wp-json/wp/v2/product/17750.html]
[centralindiaexport.com/indexa8c7.html]
[centralindiaexport.com/wp-content/uploads/2024/04/Barraquer-Needle-Holder.html]
[centralindiaexport.com/wp-content/uploads/happyaddons/css/ha-818b077.html]
[centralindiaexport.com/wp-json/oembed/1.0/embed15bd.html]
[centralindiaexport.com/wp-json/oembed/1.0/embed21de.html]
[centralindiaexport.com/wp-json/wp/v2/product/17794.html]
[centralindiaexport.com/indexf945.html]
[centralindiaexport.com/product/troutman-blade-breaker-and-holder/index.html]
[centralindiaexport.com/wp-content/uploads/2024/04/Troutman-blade-215x215.html]
[centralindiaexport.com/wp-content/uploads/happyaddons/css/ha-8188f11.html]
[centralindiaexport.com/wp-json/oembed/1.0/embed1965.html]
[centralindiaexport.com/wp-json/oembed/1.0/embeda640.html]
[centralindiaexport.com/wp-json/wp/v2/product/17549.html]
[centralindiaexport.com/indexbd98.html]
[centralindiaexport.com/wp-content/uploads/2024/04/Cilia-Forceps-Barraquer.html]
[centralindiaexport.com/product/hunt-chalazion-forceps/index.html]
[centralindiaexport.com/wp-content/uploads/2024/04/Chalazion-Forceps-Hunt-215x215.html]
[centralindiaexport.com/wp-content/uploads/happyaddons/css/ha-818b75e.css]
[centralindiaexport.com/wp-json/oembed/1.0/embedd971.html]
[centralindiaexport.com/wp-json/oembed/1.0/embed033b.html]
[centralindiaexport.com/wp-json/wp/v2/product/17194.html]
[centralindiaexport.com/indexb460.html]
[centralindiaexport.com/product/von-graefe-knives/index.html]
[centralindiaexport.com/wp-content/uploads/2024/04/Knives-Von-Graefe-215x215.html]
[centralindiaexport.com/product/stiletto-blade-knives/index.html]
[centralindiaexport.com/wp-content/uploads/2024/04/Stiletto-Blade-Knives-215x215.html]
[centralindiaexport.com/wp-content/uploads/happyaddons/css/ha-818d3d2.css]
[centralindiaexport.com/wp-json/oembed/1.0/embed066e.html]
[centralindiaexport.com/wp-json/oembed/1.0/embedbeac.html]
[centralindiaexport.com/wp-json/wp/v2/product/17453.html]
[centralindiaexport.com/indexd192.html]
[centralindiaexport.com/wp-content/uploads/2024/04/Spatulas-Barraquer.html]
[centralindiaexport.com/product/iris-spatula-spatulas/index.html]
[centralindiaexport.com/wp-content/uploads/2024/04/Spatulas-Iris-Spatula-215x215.html]
[centralindiaexport.com/product/troutman-barraquer-spatulas/index.html]
[centralindiaexport.com/wp-content/uploads/happyaddons/css/ha-818cbff.css]
[centralindiaexport.com/wp-json/oembed/1.0/embed208f.html]
[centralindiaexport.com/wp-json/oembed/1.0/embed2d60.html]
[centralindiaexport.com/wp-json/wp/v2/product/17379.html]
[centralindiaexport.com/index3142.html]
[centralindiaexport.com/wp-content/uploads/2024/04/Speculums-Barraquer.html]
[centralindiaexport.com/product/schepens-retractors/index.html]
[centralindiaexport.com/wp-content/uploads/2024/04/Retractors-Schepens-215x215.html]
[centralindiaexport.com/product/infant-speculums/index.html]
[centralindiaexport.com/wp-content/uploads/2024/04/Speculums-Infant-215x215.html]
[centralindiaexport.com/wp-content/uploads/happyaddons/css/ha-8184287.css]
[centralindiaexport.com/wp-json/oembed/1.0/embed800a.html]
[centralindiaexport.com/wp-json/oembed/1.0/embedd745.html]
[centralindiaexport.com/wp-json/wp/v2/product/17443.html]
[centralindiaexport.com/indexd9c4.html]
[centralindiaexport.com/wp-content/uploads/2024/04/Spoons-Barraquer.html]
[centralindiaexport.com/product/daviel-spoons/index.html]
[centralindiaexport.com/wp-content/uploads/2024/04/Spoons-Daviel-215x215.html]
[centralindiaexport.com/product/ellis-spuds/index.html]
[centralindiaexport.com/wp-content/uploads/2024/04/Spuds-Ellis-215x215.html]
[centralindiaexport.com/wp-content/uploads/happyaddons/css/ha-818e216.css]
[centralindiaexport.com/wp-json/oembed/1.0/embedacf9.html]
[centralindiaexport.com/wp-json/oembed/1.0/embed967f.html]
[centralindiaexport.com/wp-json/wp/v2/product/17319.html]
[centralindiaexport.com/index9e59.html]
[centralindiaexport.com/wp-content/uploads/2024/04/Barrett-Duo-Nucleus-Rotator.html]
[centralindiaexport.com/product/double-end-nucleus-rotator/index.html]
[centralindiaexport.com/wp-content/uploads/2024/04/Double-End-Nucleus-Rotator-215x215.html]
[centralindiaexport.com/product/thomas-neuhann-nuclear-rotator/index.html]
[centralindiaexport.com/wp-content/uploads/2024/04/Thomas-Neuhann-Nucleus-Rotator-215x215.html]
[centralindiaexport.com/wp-content/uploads/happyaddons/css/ha-818df2f.css]
[centralindiaexport.com/wp-json/oembed/1.0/embed29d7.html]
[centralindiaexport.com/wp-json/oembed/1.0/embedca9b.html]
[centralindiaexport.com/wp-json/wp/v2/product/17975.html]
[centralindiaexport.com/indexa098.html]
[centralindiaexport.com/wp-content/uploads/2024/04/SS211_Intraocular_Lens_Cannula_BECHERT.html]
[centralindiaexport.com/product/osher-irrigating-lens-manipulator-cannulas/index.html]
[centralindiaexport.com/wp-content/uploads/2024/04/Irrigating-Lens-Manipulator-Cannulas-Osher-215x215.html]
[centralindiaexport.com/product/knolle-pearce-irrigating-vectis-cannulas/index.html]
[centralindiaexport.com/wp-content/uploads/2024/04/Irrigating-Vectis-Cannulas-Knolle-Pearce-215x215.html]
[centralindiaexport.com/wp-content/uploads/happyaddons/css/ha-81850c1.css]
[centralindiaexport.com/wp-json/oembed/1.0/embedb318.html]
[centralindiaexport.com/wp-json/oembed/1.0/embed882d.html]
[centralindiaexport.com/wp-json/wp/v2/product/17304.html]
[centralindiaexport.com/index3c7c.html]
[centralindiaexport.com/wp-content/uploads/2024/04/Nuclear-Rotator-Bechert.html]
[centralindiaexport.com/product/mc-intyre-nucleus-dividers/index.html]
[centralindiaexport.com/wp-content/uploads/2024/04/Mc-Intyre-Nucleus-Dividers-215x215.html]
[centralindiaexport.com/product/jaffe-bechert-nucleus-rotator/index.html]
[centralindiaexport.com/wp-content/uploads/2024/04/Nuclear-Rotator-Jaffe-Bechert-215x215.html]
[centralindiaexport.com/wp-content/uploads/happyaddons/css/ha-818367a.html]
[centralindiaexport.com/wp-json/oembed/1.0/embedff8d.html]
[centralindiaexport.com/wp-json/oembed/1.0/embed218f.html]
[centralindiaexport.com/wp-json/wp/v2/product/17550.html]
[centralindiaexport.com/index86ee.html]
[centralindiaexport.com/wp-content/uploads/2024/04/Cilia-Forceps-Beer.html]
[centralindiaexport.com/product/gradle-cilia-forceps/index.html]
[centralindiaexport.com/wp-content/uploads/2024/04/Cilia-Forceps-Gradle-215x215.html]
[centralindiaexport.com/wp-content/uploads/happyaddons/css/ha-818b7f5.html]
[centralindiaexport.com/wp-json/oembed/1.0/embed9366.html]
[centralindiaexport.com/wp-json/oembed/1.0/embed93be.html]
[centralindiaexport.com/wp-json/wp/v2/product/17512.html]
[centralindiaexport.com/index6ec3.html]
[centralindiaexport.com/wp-content/uploads/2024/04/Chalazion-Forceps-Berke.html]
[centralindiaexport.com/product/jaffe-capsulorhexis-forceps/index.html]
[centralindiaexport.com/wp-content/uploads/2024/04/Capsulorhexis-Forceps-Jaffe-215x215.html]
[centralindiaexport.com/product/snellen-chalazion-forceps/index.html]
[centralindiaexport.com/wp-content/uploads/2024/04/Chalazion-Forceps-Snellen-215x215.html]
[centralindiaexport.com/product/catalano-probes-and-dilators/index.html]
[centralindiaexport.com/wp-content/uploads/2024/04/Catalano-Probes-And-Dilators-215x215.html]
[centralindiaexport.com/product/chang-quick-chop-c-nucleus-rotator/index.html]
[centralindiaexport.com/wp-content/uploads/2024/04/Chang-Quick-Chop-C-Nucleus-Rotator-215x215.html]
[centralindiaexport.com/product/chavasses-muscle-hooks/index.html]
[centralindiaexport.com/wp-content/uploads/2024/04/Muscle-Hooks-Chavasses-215x215.html]
[centralindiaexport.com/product/citeli-punches/index.html]
[centralindiaexport.com/wp-content/uploads/2024/04/Punches-Citeli-215x215.html]
[centralindiaexport.com/product/clark-speculums/index.html]
[centralindiaexport.com/wp-content/uploads/2024/04/Speculums-Clark-215x215.html]
[centralindiaexport.com/product/clayman-intraocular-forceps/index.html]
[centralindiaexport.com/product/clayman-retractors/index.html]
[centralindiaexport.com/wp-content/uploads/2024/04/Retractors-Clayman-215x215.html]
[centralindiaexport.com/product/colibri-colibri-forceps/index.html]
[centralindiaexport.com/wp-content/uploads/2024/04/Colibri-Forceps-Colibri-215x215.html]
[centralindiaexport.com/product/cook-speculums/index.html]
[centralindiaexport.com/wp-content/uploads/2024/04/Speculums-Cook-215x215.html]
[centralindiaexport.com/product/crawford-probes-and-dilators/index.html]
[centralindiaexport.com/wp-content/uploads/2024/04/SS1045_Lacrimal_Intubation_Set_With_Suture_CRAWFORD-215x215.html]
[centralindiaexport.com/product/culler-muscle-hooks/index.html]
[centralindiaexport.com/wp-content/uploads/2024/04/Muscle-Hooks-Culler-215x215.html]
[centralindiaexport.com/product/cystotome-cystotomes/index.html]
[centralindiaexport.com/product/dastoor-retractors/index.html]
[centralindiaexport.com/wp-content/uploads/2024/04/Retractors-Dastoor-215x215.html]
[centralindiaexport.com/product/dastoor-spatulas/index.html]
[centralindiaexport.com/wp-content/uploads/2024/04/Spatulas-Dastoor-215x215.html]
[centralindiaexport.com/product-category/uncategorised/page/8/index.html]
[centralindiaexport.com/wp-content/uploads/happyaddons/css/ha-8184a87.html]
[centralindiaexport.com/product/tennant-nucleus-rotator/index.html]
[centralindiaexport.com/wp-content/uploads/2024/04/Tennant-Nucleus-Rotator-215x215.html]
[centralindiaexport.com/product/tennant-speculums/index.html]
[centralindiaexport.com/wp-content/uploads/2024/04/Speculums-Tennant-215x215.html]
[centralindiaexport.com/product/thornton-barraquer-speculums/index.html]
[centralindiaexport.com/wp-content/uploads/2024/04/Speculums-Barraquer_1-215x215.html]
[centralindiaexport.com/product/thornton-optic-zone-markers/index.html]
[centralindiaexport.com/wp-content/uploads/2024/04/Optic-zone-markers-Thornton-215x215.html]
[centralindiaexport.com/product/thurmond-irrigating-cannulas/index.html]
[centralindiaexport.com/wp-content/uploads/2024/04/Irrigating-Cannulas-Thurmond-215x215.html]
[centralindiaexport.com/product/tooke-knives/index.html]
[centralindiaexport.com/wp-content/uploads/2024/04/Knives-Tooke-215x215.html]
[centralindiaexport.com/product/traquair-probes-and-dilators/index.html]
[centralindiaexport.com/wp-content/uploads/2024/04/Traquair_Periosteal_Elevator-215x215.html]
[centralindiaexport.com/product/troutman-aspirating-cannulas/index.html]
[centralindiaexport.com/wp-content/uploads/2024/04/SS097_Alpha__Chromostrypsin_Aspirating_Cannula_TROUTMAN-215x215.html]
[centralindiaexport.com/product/troutman-troutman-needle-holder/index.html]
[centralindiaexport.com/product/tunnel-blade-blade/index.html]
[centralindiaexport.com/wp-content/uploads/2024/04/Blade-Tunnel-Blade-215x215.html]
[centralindiaexport.com/product-category/uncategorised/page/20/index.html]
[centralindiaexport.com/product-category/uncategorised/page/18/index.html]
[centralindiaexport.com/product-category/uncategorised/page/19/index.html]
[centralindiaexport.com/wp-content/uploads/happyaddons/css/ha-818b812.html]
[centralindiaexport.com/wp-json/oembed/1.0/embed6eaa.json]
[centralindiaexport.com/wp-json/oembed/1.0/embed2dfe]
[centralindiaexport.com/wp-json/wp/v2/product/17507.json]
[centralindiaexport.com/wp-content/uploads/2024/04/Capsulorhexis-Forceps-Kraff-215x215.jpg]
[centralindiaexport.com/wp-content/uploads/2024/04/Capsulorhexis-Forceps-Masket-215x215.jpg]
[centralindiaexport.com/wp-content/uploads/happyaddons/css/ha-818a4f8.css]
[centralindiaexport.com/product/utrata-capsulorhexis-forceps/index.html]
[centralindiaexport.com/product/kraff-capsulorhexis-forceps/index.html]
[centralindiaexport.com/product/masket-capsulorhexis-forceps/index.html]
[centralindiaexport.com/wp-json/oembed/1.0/embedcc59.json]
[centralindiaexport.com/wp-json/oembed/1.0/embed4f8d]
[centralindiaexport.com/wp-json/wp/v2/product/17500.json]
[centralindiaexport.com/wp-content/uploads/2024/04/Spatulas-Kimura-215x215.jpg]
[centralindiaexport.com/wp-content/uploads/2024/04/Spatulas-Knolle-215x215.jpg]
[centralindiaexport.com/wp-content/uploads/happyaddons/css/ha-8185650.css]
[centralindiaexport.com/product/wecker-spatulas/index.html]
[centralindiaexport.com/product/kimura-spatulas/index.html]
[centralindiaexport.com/product/knolle-spatulas/index.html]
[centralindiaexport.com/wp-json/oembed/1.0/embed0d5d.json]
[centralindiaexport.com/wp-json/oembed/1.0/embed110c]
[centralindiaexport.com/wp-json/wp/v2/product/17391.json]
[centralindiaexport.com/wp-content/uploads/2024/04/Speculums-Weiss.jpg]
[centralindiaexport.com/wp-content/uploads/2024/04/Speculums-Lancaster-215x215.jpg]
[centralindiaexport.com/wp-content/uploads/happyaddons/css/ha-818ffec.css]
[centralindiaexport.com/product/weiss-speculums/index.html]
[centralindiaexport.com/wp-content/uploads/2024/04/Speculums-Weiss-215x215.html]
[centralindiaexport.com/wp-json/oembed/1.0/embed048d.json]
[centralindiaexport.com/product/lancaster-speculums/index.html]
[centralindiaexport.com/wp-json/oembed/1.0/embedc059]
[centralindiaexport.com/wp-json/wp/v2/product/17440.json]
[centralindiaexport.com/wp-content/uploads/2024/04/Spoons-Wells.jpg]
[centralindiaexport.com/wp-content/uploads/2024/04/Spoons-Mc-Intyre-215x215.jpg]
[centralindiaexport.com/wp-content/uploads/happyaddons/css/ha-8189479.css]
[centralindiaexport.com/product/wells-spoons/index.html]
[centralindiaexport.com/wp-content/uploads/2024/04/Spoons-Wells-215x215.html]
[centralindiaexport.com/product/mc-intyre-spoons/index.html]
[centralindiaexport.com/wp-json/oembed/1.0/embed2951.json]
[centralindiaexport.com/wp-json/oembed/1.0/embed9012]
[centralindiaexport.com/wp-json/wp/v2/product/17906.json]
[centralindiaexport.com/wp-content/uploads/2024/04/Aspirating-Cannulas-Welsh.jpg]
[centralindiaexport.com/wp-content/uploads/2024/04/Aspirating-Cannulas-Gills-Welsh-215x215.jpg]
[centralindiaexport.com/wp-content/uploads/2024/04/Aspirating-Cannulas-Micro-215x215.jpg]
[centralindiaexport.com/wp-content/uploads/happyaddons/css/ha-818f619.css]
[centralindiaexport.com/product/welsh-aspirating-cannulas/index.html]
[centralindiaexport.com/wp-content/uploads/2024/04/Aspirating-Cannulas-Welsh-215x215.html]
[centralindiaexport.com/product/gills-welsh-aspirating-cannulas/index.html]
[centralindiaexport.com/wp-json/oembed/1.0/embedebbb.json]
[centralindiaexport.com/product/micro-aspirating-cannulas/index.html]
[centralindiaexport.com/wp-json/oembed/1.0/embed9510]
[centralindiaexport.com/wp-json/wp/v2/product/17932.json]
[centralindiaexport.com/wp-content/uploads/2024/04/SS011_Subtenons_Anesthisia_Cannula_TRI_PORT-215x215.png]
[centralindiaexport.com/product/west-hydrodissection-cannulas/index.html]
[centralindiaexport.com/product/sub-tenon-hydrodissection-cannulas/index.html]
[centralindiaexport.com/wp-json/oembed/1.0/embed5ef2.json]
[centralindiaexport.com/wp-json/oembed/1.0/embedb5f8]
[centralindiaexport.com/wp-json/wp/v2/product/18033.json]
[centralindiaexport.com/wp-content/uploads/2024/04/Lacrimal-Cannulas-West.jpg]
[centralindiaexport.com/wp-content/uploads/2024/04/Fasanella-Lacrimal-Cannulas-215x90.jpg]
[centralindiaexport.com/wp-content/uploads/2024/04/SS027_Lacrimal_Cannula_Reinforced_STRAIGHT-215x215.png]
[centralindiaexport.com/product/west-lacrimal-cannulas/index.html]
[centralindiaexport.com/wp-content/uploads/2024/04/Lacrimal-Cannulas-West-215x215.html]
[centralindiaexport.com/product/fasanella-lacrimal-cannulas/index.html]
[centralindiaexport.com/wp-json/oembed/1.0/embed6332.json]
[centralindiaexport.com/product/reinforced-lacrimal-cannulas/index.html]
[centralindiaexport.com/wp-json/oembed/1.0/embed777d]
[centralindiaexport.com/wp-json/wp/v2/product/17803.json]
[centralindiaexport.com/wp-content/uploads/2024/04/Troutman-Needle-Holder-anis-215x215.jpg]
[centralindiaexport.com/product/west-probes-and-dilators/index.html]
[centralindiaexport.com/wp-content/uploads/happyaddons/css/ha-818bff9.css]
[centralindiaexport.com/product/wheeler-knives/index.html]
[centralindiaexport.com/wp-content/uploads/2024/04/Wheeler-Knives-215x215.html]
[centralindiaexport.com/wp-content/uploads/happyaddons/css/ha-818b7fb.css]
[centralindiaexport.com/product/wheeler-spatulas/index.html]
[centralindiaexport.com/wp-content/uploads/2024/04/Spatulas-Wheeler-215x215.html]
[centralindiaexport.com/wp-content/uploads/happyaddons/css/ha-818cddb.css]
[centralindiaexport.com/product/wilbrandt-binkhors-irrigating-cannulas/index.html]
[centralindiaexport.com/wp-content/uploads/2024/04/Irrigating-Cannulas-Mc-Intyre-Binkhors-215x215.html]
[centralindiaexport.com/wp-content/uploads/happyaddons/css/ha-818ef12.css]
[centralindiaexport.com/product/wilder-lens-loops/index.html]
[centralindiaexport.com/wp-content/uploads/2024/04/Lens-Loops-Wilder-215x215.html]
[centralindiaexport.com/product/wilder-probes-and-dilators/index.html]
[centralindiaexport.com/wp-content/uploads/2024/04/Wilder-Probes-And-Dilators-215x215.html]
[centralindiaexport.com/product/williams-speculums/index.html]
[centralindiaexport.com/wp-content/uploads/2024/04/Speculums-Williams-215x215.html]
[centralindiaexport.com/wp-content/uploads/happyaddons/css/ha-818d313.html]
[centralindiaexport.com/product/wills-hospital-conjunctiva-forceps/index.html]
[centralindiaexport.com/wp-content/uploads/2024/04/Conjunctiva-Forceps-Wills-Hospital-215x215.html]
[centralindiaexport.com/wp-content/uploads/happyaddons/css/ha-8184579.css]
[centralindiaexport.com/product/yankee-nucleus-rotator/index.html]
[centralindiaexport.com/product/youens-irrigating-lens-manipulator-cannulas/index.html]
[centralindiaexport.com/wp-content/uploads/2024/04/SS209_Irrigating_Dialer_Reinforced_YOUENS-215x215.html]
[centralindiaexport.com/product/ziegler-knives/index.html]
[centralindiaexport.com/wp-content/uploads/2024/04/Knives-Ziegler-215x215.html]
[centralindiaexport.com/wp-content/uploads/happyaddons/css/ha-8187a65.html]
[centralindiaexport.com/index2658.html]
[centralindiaexport.com/wp-content/uploads/happyaddons/css/ha-8182095.css]
[centralindiaexport.com/product/microcombo-chopper-phaco-choppers/index.html]
[centralindiaexport.com/wp-content/uploads/happyaddons/css/ha-818b45a.css]
[centralindiaexport.com/indexfb33.html]
[centralindiaexport.com/indexf623.html]
[centralindiaexport.com/product/nasal-punches/index.html]
[centralindiaexport.com/wp-content/uploads/happyaddons/css/ha-818abb5.css]
[centralindiaexport.com/indexc28e.html]
[centralindiaexport.com/wp-content/uploads/happyaddons/css/ha-8180785.css]
[centralindiaexport.com/index6b3a.html]
[centralindiaexport.com/product/anterior-chamber-anterior-chamber-cannulas/index.html]
[centralindiaexport.com/wp-content/uploads/happyaddons/css/ha-818a94f.css]
[centralindiaexport.com/product/knolle-anterior-chamber-cannulas/index.html]
[centralindiaexport.com/wp-content/uploads/happyaddons/css/ha-81896d2.css]
[centralindiaexport.com/index1ca5.html]
[centralindiaexport.com/product/heslin-a-c-maintainer/index.html]
[centralindiaexport.com/wp-content/uploads/happyaddons/css/ha-818d4ee.css]
[centralindiaexport.com/index5c4f.html]
[centralindiaexport.com/wp-content/uploads/2024/04/brown-artificial-eyes.html]
[centralindiaexport.com/product/green-eye-artificial-eyes/index.html]
[centralindiaexport.com/wp-content/uploads/2024/04/green-artificial-eyes-215x215.html]
[centralindiaexport.com/wp-content/uploads/happyaddons/css/ha-8183f64.css]
[centralindiaexport.com/wp-json/oembed/1.0/embed6ba8.html]
[centralindiaexport.com/wp-json/oembed/1.0/embed9769.html]
[centralindiaexport.com/wp-json/wp/v2/product/17438.html]
[centralindiaexport.com/index3f21.html]
[centralindiaexport.com/wp-content/uploads/2024/04/Spoons-Bunge.html]
[centralindiaexport.com/product/schocket-scleral-depressors/index.html]
[centralindiaexport.com/wp-content/uploads/2024/04/Scleral-Depressors-Schocket-215x215.html]
[centralindiaexport.com/product/mule-spoons/index.html]
[centralindiaexport.com/wp-content/uploads/2024/04/Spoons-Mule-215x200.html]
[centralindiaexport.com/wp-content/uploads/happyaddons/css/ha-818da8e.css]
[centralindiaexport.com/wp-json/oembed/1.0/embed5288.html]
[centralindiaexport.com/wp-json/oembed/1.0/embed96e7.html]
[centralindiaexport.com/wp-json/wp/v2/product/18044.html]
[centralindiaexport.com/index8f3c.html]
[centralindiaexport.com/wp-content/uploads/2024/04/Buratto-lasik.html]
[centralindiaexport.com/wp-content/uploads/2024/04/Buratto-lasik-700x700.html]
[centralindiaexport.com/product/rubenstein-lasik-cannulas/index.html]
[centralindiaexport.com/wp-json/oembed/1.0/embed0149.html]
[centralindiaexport.com/wp-json/oembed/1.0/embed5dcc.html]
[centralindiaexport.com/wp-json/wp/v2/product/18085.html]
[centralindiaexport.com/indexdc6c.html]
[centralindiaexport.com/wp-content/uploads/2024/04/SS019__Cystotome_ANGLED.html]
[centralindiaexport.com/wp-json/oembed/1.0/embed0d96.html]
[centralindiaexport.com/wp-json/oembed/1.0/embeda217.html]
[centralindiaexport.com/wp-json/wp/v2/product/17788.html]
[centralindiaexport.com/indexe8f0.html]
[centralindiaexport.com/wp-content/uploads/2024/04/Carbon-Razor-Blade-Blade.html]
[centralindiaexport.com/product/pre-cut-blade/index.html]
[centralindiaexport.com/wp-content/uploads/happyaddons/css/ha-818371c.css]
[centralindiaexport.com/wp-json/oembed/1.0/embed227a.html]
[centralindiaexport.com/wp-json/oembed/1.0/embed2d75.html]
[centralindiaexport.com/wp-json/wp/v2/product/17308.html]
[centralindiaexport.com/indexe4ff.html]
[centralindiaexport.com/product/graether-nuclear-rotator/index.html]
[centralindiaexport.com/wp-content/uploads/happyaddons/css/ha-818d98b.css]
[centralindiaexport.com/wp-json/oembed/1.0/embed691d.html]
[centralindiaexport.com/wp-json/oembed/1.0/embed4b22.html]
[centralindiaexport.com/wp-json/wp/v2/product/17791.html]
[centralindiaexport.com/indexc2fa.html]
[centralindiaexport.com/wp-content/uploads/2024/04/Castroviejo-blade.html]
[centralindiaexport.com/product/mc-intyre-blade-breaker-and-holder/index.html]
[centralindiaexport.com/wp-content/uploads/2024/04/Mc-Intyre-Blade-Breaker-and-Holder-215x215.html]
[centralindiaexport.com/product/swiss-model-blade-breaker-and-holder/index.html]
[centralindiaexport.com/wp-content/uploads/2024/04/Swiss-Model-blade-215x215.html]
[centralindiaexport.com/wp-content/uploads/happyaddons/css/ha-8188e44.css]
[centralindiaexport.com/wp-json/oembed/1.0/embed66ca.html]
[centralindiaexport.com/wp-json/oembed/1.0/embed1a7c.html]
[centralindiaexport.com/wp-json/wp/v2/product/17795.html]
[centralindiaexport.com/indexe5a9.html]
[centralindiaexport.com/product/drew-castroviejo-needle-holder/index.html]
[centralindiaexport.com/wp-json/oembed/1.0/embed676c.html]
[centralindiaexport.com/wp-json/oembed/1.0/embed6cb5.html]
[centralindiaexport.com/wp-json/wp/v2/product/17918.html]
[centralindiaexport.com/index1c63.html]
[centralindiaexport.com/wp-content/uploads/2024/04/SS215_Cyclodialysis_Cannula_CASTROVIEJO.html]
[centralindiaexport.com/product/freeman-capsule-polisher-cannulas/index.html]
[centralindiaexport.com/wp-content/uploads/2024/04/Capsule-Polisher-Cannulas-Freeman-215x215.html]
[centralindiaexport.com/product/kelman-cyclodialysis-cannulas/index.html]
[centralindiaexport.com/wp-content/uploads/2024/04/SS219_Cyclodialysis_Cannula_KELMAN-215x215.html]
[centralindiaexport.com/wp-content/uploads/happyaddons/css/ha-8188d48.css]
[centralindiaexport.com/wp-json/oembed/1.0/embed6bb7.html]
[centralindiaexport.com/wp-json/oembed/1.0/embed0b14.html]
[centralindiaexport.com/wp-json/wp/v2/product/17848.html]
[centralindiaexport.com/indexe8a4.html]
[centralindiaexport.com/wp-content/uploads/2024/04/Castroviejo-Probes-And-Dilators.html]
[centralindiaexport.com/product/kerrison-punches/index.html]
[centralindiaexport.com/wp-content/uploads/2024/04/Punches-Kerrison-215x215.html]
[centralindiaexport.com/wp-json/oembed/1.0/embedf797.html]
[centralindiaexport.com/wp-json/oembed/1.0/embede0a1.html]
[centralindiaexport.com/wp-json/wp/v2/product/17486.html]
[centralindiaexport.com/index5589.html]
[centralindiaexport.com/wp-content/uploads/2024/04/Spatulas-Castroviejo.html]
[centralindiaexport.com/product/fukasaku-spatulas/index.html]
[centralindiaexport.com/wp-content/uploads/2024/04/Spatulas-Fukasaku-215x215.html]
[centralindiaexport.com/product/girard-spatulas/index.html]
[centralindiaexport.com/wp-content/uploads/2024/04/Spatulas-Girard-215x215.html]
[centralindiaexport.com/wp-content/uploads/happyaddons/css/ha-8189cb5.css]
[centralindiaexport.com/wp-json/oembed/1.0/embedce99.html]
[centralindiaexport.com/wp-json/oembed/1.0/embedbbd4.html]
[centralindiaexport.com/wp-json/wp/v2/product/17489.html]
[centralindiaexport.com/indexa103.html]
[centralindiaexport.com/product/obstbaum-spatulas/index.html]
[centralindiaexport.com/wp-content/uploads/2024/04/Spatulas-Obstbaum-215x215.html]
[centralindiaexport.com/product/slade-spatulas/index.html]
[centralindiaexport.com/wp-content/uploads/2024/04/Spatulas-Slade-215x215.html]
[centralindiaexport.com/wp-content/uploads/happyaddons/css/ha-8183e57.css]
[centralindiaexport.com/wp-json/oembed/1.0/embedf77a.html]
[centralindiaexport.com/wp-json/oembed/1.0/embed5936.html]
[centralindiaexport.com/wp-json/wp/v2/product/17492.html]
[centralindiaexport.com/indexb21b.html]
[centralindiaexport.com/product/koman-nair-spatulas/index.html]
[centralindiaexport.com/wp-content/uploads/2024/04/Spatulas-Koman-Nair-215x202.html]
[centralindiaexport.com/wp-content/uploads/happyaddons/css/ha-8189647.css]
[centralindiaexport.com/wp-json/oembed/1.0/embed63ad.html]
[centralindiaexport.com/wp-json/oembed/1.0/embed438b.html]
[centralindiaexport.com/wp-json/wp/v2/product/17424.html]
[centralindiaexport.com/index9e71.html]
[centralindiaexport.com/wp-content/uploads/2024/04/Speculums-Castroviejo.html]
[centralindiaexport.com/product/fishkind-castrovie-speculums/index.html]
[centralindiaexport.com/wp-content/uploads/2024/04/Speculums-Fishkind-Castrovie-215x200.html]
[centralindiaexport.com/product/feaster-cannula-hydrodissection-cannulas/index.html]
[centralindiaexport.com/wp-content/uploads/2024/04/SS1077_Nucleous_Hydrodilineator_FEASTER-215x215.html]
[centralindiaexport.com/product/francis-spuds/index.html]
[centralindiaexport.com/wp-content/uploads/2024/04/Spuds-Francis-215x215.html]
[centralindiaexport.com/wp-content/uploads/2024/04/SS159_Posterior_Capsule_PolisherFREEMAN-215x215.html]
[centralindiaexport.com/product/freer-probes-and-dilators/index.html]
[centralindiaexport.com/wp-content/uploads/2024/04/Freer-Probes-And-Dilators-215x91.html]
[centralindiaexport.com/product/gans-cyclodialysis-cannulas/index.html]
[centralindiaexport.com/wp-content/uploads/2024/04/SS255_Cyclodialysis_Cannula_GANS-215x215.html]
[centralindiaexport.com/product/gass-muscle-hooks/index.html]
[centralindiaexport.com/wp-content/uploads/2024/04/Muscle-Hooks-Gass-215x215.html]
[centralindiaexport.com/product/gass-scleral-depressors/index.html]
[centralindiaexport.com/product/gess-irrigating-aspirating-cannulas/index.html]
[centralindiaexport.com/wp-content/uploads/2024/04/Gess-Irrigating-Aspirating-Cannulas-215x215.html]
[centralindiaexport.com/product/gill-colibri-colibri-forceps/index.html]
[centralindiaexport.com/wp-content/uploads/2024/04/Colibri-Forceps-Gill-Colibri-215x215.html]
[centralindiaexport.com/wp-content/uploads/happyaddons/css/ha-8183df5.css]
[centralindiaexport.com/product/gill-knives/index.html]
[centralindiaexport.com/wp-content/uploads/2024/04/Knives-Gill-215x215.html]
[centralindiaexport.com/product/gills-irrigating-cannulas/index.html]
[centralindiaexport.com/wp-content/uploads/2024/04/Irrigating-Cannulas-Gills-215x215.html]
[centralindiaexport.com/wp-content/uploads/happyaddons/css/ha-8189a0b.css]
[centralindiaexport.com/product-category/uncategorised/page/9/index.html]
[centralindiaexport.com/wp-content/uploads/happyaddons/css/ha-818af42.css]
[centralindiaexport.com/product-category/uncategorised/page/10/index.html]
[centralindiaexport.com/wp-content/uploads/happyaddons/css/ha-818c1a5.css]
[centralindiaexport.com/product-category/instruments/scissors/page/1/index992e.html]
[centralindiaexport.com/product-category/instruments/scissors/page/1/index07ac.html]
[centralindiaexport.com/product-category/instruments/scissors/page/1/index9d74.html]
[centralindiaexport.com/product/gimbel-aspirating-cannulas/index.html]
[centralindiaexport.com/product/glodstein-retractors/index.html]
[centralindiaexport.com/product/gimbel-hydrodissection-cannulas/index.html]
[centralindiaexport.com/product-category/instruments/scissors/page/1/index103c.html]
[centralindiaexport.com/product/golf-club-spuds/index.html]
[centralindiaexport.com/product-category/uncategorised/page/13/index.html]
[centralindiaexport.com/product-category/instruments/scissors/index1775.html]
[centralindiaexport.com/product-category/instruments/scissors/page/1/indexa1a4.html]
[centralindiaexport.com/product-category/instruments/scissors/index0abc.html]
[centralindiaexport.com/product-category/instruments/scissors/index138e.html]
[centralindiaexport.com/product-category/instruments/scissors/page/1/index8cc1.html]
[centralindiaexport.com/product-category/instruments/scissors/page/1/indexaa92.html]
[centralindiaexport.com/product-category/instruments/scissors/index5d61.html]
[centralindiaexport.com/product-category/instruments/scissors/page/1/indexd6c0.html]
[centralindiaexport.com/product-category/instruments/scissors/index792b.html]
[centralindiaexport.com/product-category/instruments/scissors/page/1/index1a1f.html]
[centralindiaexport.com/product-category/instruments/scissors/index4c97.html]
[centralindiaexport.com/index8230.html]
[centralindiaexport.com/product-category/instruments/scissors/indexce47.html]
[centralindiaexport.com/wp-json/oembed/1.0/embedbf7a.json]
[centralindiaexport.com/product-category/instruments/scissors/indexbf6e.html]
[centralindiaexport.com/wp-json/oembed/1.0/embed07ab]
[centralindiaexport.com/product-category/instruments/scissors/index0637.html]
[centralindiaexport.com/wp-json/wp/v2/product/18210.json]
[centralindiaexport.com/wp-content/uploads/2024/04/Eye-Shield_2.png]
[centralindiaexport.com/wp-content/uploads/2024/04/eye_shield_final.jpg]
[centralindiaexport.com/wp-content/uploads/2024/04/Eye-Shield_2-150x150.png]
[centralindiaexport.com/wp-content/uploads/2024/04/eye_shield_final-150x188.jpg]
[centralindiaexport.com/wp-content/uploads/happyaddons/css/ha-8180b3a.css]
[centralindiaexport.com/product/corneal-shield-rings-retina-equipments/index.html]
[centralindiaexport.com/wp-content/uploads/happyaddons/css/ha-8183803.css]
[centralindiaexport.com/product-category/retina-equipments/page/1/index992e.html]
[centralindiaexport.com/product-category/retina-equipments/page/1/index07ac.html]
[centralindiaexport.com/product-category/retina-equipments/page/1/index9d74.html]
[centralindiaexport.com/product-category/retina-equipments/page/1/index103c.html]
[centralindiaexport.com/product-category/retina-equipments/index1775.html]
[centralindiaexport.com/product-category/retina-equipments/page/1/indexa1a4.html]
[centralindiaexport.com/product-category/retina-equipments/index5d61.html]
[centralindiaexport.com/product-category/retina-equipments/page/1/index8cc1.html]
[centralindiaexport.com/product-category/retina-equipments/index138e.html]
[centralindiaexport.com/product-category/retina-equipments/page/1/indexaa92.html]
[centralindiaexport.com/product-category/retina-equipments/index0abc.html]
[centralindiaexport.com/product-category/retina-equipments/page/1/indexd6c0.html]
[centralindiaexport.com/product-category/retina-equipments/index792b.html]
[centralindiaexport.com/product-category/retina-equipments/page/1/index1a1f.html]
[centralindiaexport.com/product-category/retina-equipments/index4c97.html]
[centralindiaexport.com/index0676.html]
[centralindiaexport.com/product-category/retina-equipments/indexce47.html]
[centralindiaexport.com/wp-json/oembed/1.0/embed0be4.json]
[centralindiaexport.com/product-category/retina-equipments/indexbf6e.html]
[centralindiaexport.com/wp-json/oembed/1.0/embed51d9]
[centralindiaexport.com/product-category/retina-equipments/index0637.html]
[centralindiaexport.com/wp-json/wp/v2/product/17506.json]
[centralindiaexport.com/wp-content/uploads/2024/04/Capsulorhexis-Forceps-Kraff.jpg]
[centralindiaexport.com/product/kraff-capsulorhexis-forceps/index.html]
[centralindiaexport.com/wp-json/oembed/1.0/embedf39a.json]
[centralindiaexport.com/product/sterillization-box-sterillization-box/index.html]
[centralindiaexport.com/wp-json/oembed/1.0/embed04f6]
[centralindiaexport.com/wp-json/wp/v2/product/17508.json]
[centralindiaexport.com/wp-content/uploads/2024/04/Capsulorhexis-Forceps-Masket.jpg]
[centralindiaexport.com/product/masket-capsulorhexis-forceps/index.html]
[centralindiaexport.com/wp-content/uploads/happyaddons/css/ha-818a4f8.css]
[centralindiaexport.com/indexb3bf.html]
[centralindiaexport.com/product/pierce-capsulorhexis-forceps/index.html]
[centralindiaexport.com/wp-json/oembed/1.0/embed7674.json]
[centralindiaexport.com/wp-json/oembed/1.0/embedfa8a]
[centralindiaexport.com/wp-json/wp/v2/product/17499.json]
[centralindiaexport.com/wp-content/uploads/2024/04/Spatulas-Kimura.jpg]
[centralindiaexport.com/wp-content/uploads/happyaddons/css/ha-81843e0.css]
[centralindiaexport.com/product/kimura-spatulas/index.html]
[centralindiaexport.com/wp-json/oembed/1.0/embedb437.json]
[centralindiaexport.com/wp-json/oembed/1.0/embed54a8]
[centralindiaexport.com/wp-json/wp/v2/product/17501.json]
[centralindiaexport.com/wp-content/uploads/2024/04/Spatulas-Knolle.jpg]
[centralindiaexport.com/wp-content/uploads/2024/04/Spatulas-Jaeger-215x215.jpg]
[centralindiaexport.com/wp-content/uploads/happyaddons/css/ha-818ff1a.css]
[centralindiaexport.com/product/knolle-spatulas/index.html]
[centralindiaexport.com/wp-content/uploads/happyaddons/css/ha-8185650.css]
[centralindiaexport.com/index41a3.html]
[centralindiaexport.com/product/jaeger-spatulas/index.html]
[centralindiaexport.com/wp-json/oembed/1.0/embedf129.json]
[centralindiaexport.com/wp-json/oembed/1.0/embed8f7f]
[centralindiaexport.com/wp-json/wp/v2/product/17392.json]
[centralindiaexport.com/wp-content/uploads/2024/04/Speculums-Lancaster.jpg]
[centralindiaexport.com/wp-content/uploads/happyaddons/css/ha-818a1f3.css]
[centralindiaexport.com/product/lancaster-speculums/index.html]
[centralindiaexport.com/wp-content/uploads/happyaddons/css/ha-818ffec.css]
[centralindiaexport.com/indexfe40.html]
[centralindiaexport.com/wp-json/oembed/1.0/embed96a4.json]
[centralindiaexport.com/product/mc-intyre-spoons/index.html]
[centralindiaexport.com/wp-content/uploads/happyaddons/css/ha-8189479.css]
[centralindiaexport.com/indexc7f5.html]
[centralindiaexport.com/wp-content/uploads/happyaddons/css/ha-8189775.css]
[centralindiaexport.com/wp-content/uploads/happyaddons/css/ha-818a3b7.css]
[centralindiaexport.com/product/gills-welsh-aspirating-cannulas/index.html]
[centralindiaexport.com/product/micro-aspirating-cannulas/index.html]
[centralindiaexport.com/wp-content/uploads/happyaddons/css/ha-818f619.css]
[centralindiaexport.com/index9eeb.html]
[centralindiaexport.com/product/sub-tenon-hydrodissection-cannulas/index.html]
[centralindiaexport.com/indexa7d0.html]
[centralindiaexport.com/product/fasanella-lacrimal-cannulas/index.html]
[centralindiaexport.com/product/reinforced-lacrimal-cannulas/index.html]
[centralindiaexport.com/indexe00c.html]
[centralindiaexport.com/product/anis-troutman-needle-holder/index.html]
[centralindiaexport.com/product/mallet-probes-and-dilators/index.html]
[centralindiaexport.com/wp-content/uploads/2024/04/Mallet_For_DCR-215x112.html]
[centralindiaexport.com/wp-json/oembed/1.0/embed4fb9.html]
[centralindiaexport.com/wp-json/oembed/1.0/embede3a6.html]
[centralindiaexport.com/wp-json/wp/v2/product/17192.html]
[centralindiaexport.com/index6e00.html]
[centralindiaexport.com/wp-content/uploads/2024/04/Wheeler-Knives.html]
[centralindiaexport.com/wp-content/uploads/happyaddons/css/ha-818bff9.css]
[centralindiaexport.com/wp-json/oembed/1.0/embed29e4.html]
[centralindiaexport.com/wp-json/oembed/1.0/embed8ecd.html]
[centralindiaexport.com/wp-json/wp/v2/product/17498.html]
[centralindiaexport.com/indexcefb.html]
[centralindiaexport.com/wp-content/uploads/2024/04/Spatulas-Wheeler.html]
[centralindiaexport.com/product/nordon-spatulas/index.html]
[centralindiaexport.com/wp-content/uploads/happyaddons/css/ha-818b7fb.css]
[centralindiaexport.com/wp-json/oembed/1.0/embed7525.html]
[centralindiaexport.com/wp-json/oembed/1.0/embedbc38.html]
[centralindiaexport.com/wp-json/wp/v2/product/17964.html]
[centralindiaexport.com/indexbff6.html]
[centralindiaexport.com/wp-content/uploads/2024/04/Irrigating-Cannulas-Mc-Intyre-Binkhors.html]
[centralindiaexport.com/product/mc-intyre-binkhors-irrigating-cannulas/index.html]
[centralindiaexport.com/wp-content/uploads/2024/04/SS079_Cortex_Aspiration_Cannula_MCINTYRE_BINKHORST-215x215.html]
[centralindiaexport.com/wp-content/uploads/happyaddons/css/ha-818cddb.css]
[centralindiaexport.com/wp-json/oembed/1.0/embed8639.html]
[centralindiaexport.com/wp-json/oembed/1.0/embedf08c.html]
[centralindiaexport.com/wp-json/wp/v2/product/17206.html]
[centralindiaexport.com/index5f21.html]
[centralindiaexport.com/wp-content/uploads/2024/04/Lens-Loops-Wilder.html]
[centralindiaexport.com/product/new-orleans-lens-loops/index.html]
[centralindiaexport.com/wp-content/uploads/2024/04/Lens-Loops-New-Orleans-215x215.html]
[centralindiaexport.com/product/kansas-lens-loops/index.html]
[centralindiaexport.com/wp-content/uploads/2024/04/Lens-Loops-Kansas-215x215.html]
[centralindiaexport.com/wp-content/uploads/happyaddons/css/ha-818ef12.css]
[centralindiaexport.com/wp-json/oembed/1.0/embed3dd3.html]
[centralindiaexport.com/wp-json/oembed/1.0/embed9b57.html]
[centralindiaexport.com/wp-json/wp/v2/product/17847.html]
[centralindiaexport.com/indexf77a.html]
[centralindiaexport.com/wp-content/uploads/2024/04/Wilder-Probes-And-Dilators.html]
[centralindiaexport.com/product/muldoon-probes-and-dilators/index.html]
[centralindiaexport.com/wp-content/uploads/2024/04/Muldoon-Probes-And-Dilators-215x215.html]
[centralindiaexport.com/wp-json/oembed/1.0/embedda3b.html]
[centralindiaexport.com/wp-json/oembed/1.0/embed394a.html]
[centralindiaexport.com/wp-json/wp/v2/product/17390.html]
[centralindiaexport.com/indexe28f.html]
[centralindiaexport.com/wp-content/uploads/2024/04/Speculums-Williams.html]
[centralindiaexport.com/wp-json/oembed/1.0/embed12e2.html]
[centralindiaexport.com/wp-json/oembed/1.0/embed619a.html]
[centralindiaexport.com/wp-json/wp/v2/product/17559.html]
[centralindiaexport.com/index9733.html]
[centralindiaexport.com/wp-content/uploads/2024/04/Conjunctiva-Forceps-Wills-Hospital.html]
[centralindiaexport.com/product/eye-dressing-conjunctiva-forceps/index.html]
[centralindiaexport.com/wp-content/uploads/2024/04/Eye_Dressing_Forcep-215x215.html]
[centralindiaexport.com/wp-json/oembed/1.0/embed3f28.html]
[centralindiaexport.com/wp-json/oembed/1.0/embed04b4.html]
[centralindiaexport.com/wp-json/wp/v2/product/17310.html]
[centralindiaexport.com/indexe8e6.html]
[centralindiaexport.com/product/koch-nucleus-rotator/index.html]
[centralindiaexport.com/wp-content/uploads/2024/04/Koch-Nucleus-Rotator-215x215.html]
[centralindiaexport.com/wp-content/uploads/happyaddons/css/ha-8184579.css]
[centralindiaexport.com/wp-json/oembed/1.0/embed0332.html]
[centralindiaexport.com/wp-json/oembed/1.0/embed5e5d.html]
[centralindiaexport.com/wp-json/wp/v2/product/17971.html]
[centralindiaexport.com/index2cd3.html]
[centralindiaexport.com/wp-content/uploads/2024/04/SS209_Irrigating_Dialer_Reinforced_YOUENS.html]
[centralindiaexport.com/product/small-incision-nuc-irrigating-lens-manipulator-cannulas/index.html]
[centralindiaexport.com/wp-content/uploads/2024/04/SS197_Small_Incision_Nucleous_DeliverCannula_With_Spoon_MCINTYRE-215x215.html]
[centralindiaexport.com/product/kuglen-irrigating-lens-manipulator-cannulas/index.html]
[centralindiaexport.com/wp-content/uploads/2024/04/Irrigating-Lens-Manipulator-Cannulas-Kuglen-215x215.html]
[centralindiaexport.com/wp-json/oembed/1.0/embed5f6c.html]
[centralindiaexport.com/wp-json/oembed/1.0/embed38fb.html]
[centralindiaexport.com/wp-json/wp/v2/product/17191.html]
[centralindiaexport.com/index87b1.html]
[centralindiaexport.com/wp-content/uploads/2024/04/Knives-Ziegler.html]
[centralindiaexport.com/product/kuglen-iris-hooks/index.html]
[centralindiaexport.com/wp-content/uploads/2024/04/Kuglen_Hook-215x205.html]
[centralindiaexport.com/wp-json/oembed/1.0/embed9946.html]
[centralindiaexport.com/wp-json/oembed/1.0/embedf7e9.html]
[centralindiaexport.com/wp-json/wp/v2/product/17330.html]
[centralindiaexport.com/indexb7e2.html]
[centralindiaexport.com/product/phaco-chopper-phaco-choppers/index.html]
[centralindiaexport.com/wp-content/uploads/2024/04/Phaco-Choppers-215x215.html]
[centralindiaexport.com/wp-content/uploads/happyaddons/css/ha-8182095.css]
[centralindiaexport.com/wp-json/oembed/1.0/embed52c1.html]
[centralindiaexport.com/wp-json/oembed/1.0/embed30d5.html]
[centralindiaexport.com/wp-json/wp/v2/product/17852.html]
[centralindiaexport.com/indexdb79.html]
[centralindiaexport.com/wp-content/uploads/2024/04/Punches-Nasal.html]
[centralindiaexport.com/product/arruga-punches/index.html]
[centralindiaexport.com/wp-content/uploads/2024/04/Punches-Arruga-215x215.html]
[centralindiaexport.com/wp-json/oembed/1.0/embed2ebd.html]
[centralindiaexport.com/wp-json/oembed/1.0/embedac08.html]
[centralindiaexport.com/wp-json/wp/v2/product/17861.html]
[centralindiaexport.com/index1e07.html]
[centralindiaexport.com/wp-content/uploads/2024/04/Anterior-Chamber-Cannulas-Anterior-Chamber.html]
[centralindiaexport.com/product/mc-intyre-anterior-chamber-cannulas/index.html]
[centralindiaexport.com/wp-content/uploads/2024/04/Anterior-Chamber-Cannulas-Mc-Intyre-215x215.html]
[centralindiaexport.com/wp-json/oembed/1.0/embed71a0.html]
[centralindiaexport.com/wp-json/oembed/1.0/embed6045.html]
[centralindiaexport.com/wp-json/wp/v2/product/17863.html]
[centralindiaexport.com/index5a7a.html]
[centralindiaexport.com/wp-content/uploads/2024/04/Anterior-Chamber-Cannulas-Knolle.html]
[centralindiaexport.com/wp-content/uploads/happyaddons/css/ha-818a94f.css]
[centralindiaexport.com/wp-json/oembed/1.0/embed32a9.html]
[centralindiaexport.com/wp-json/oembed/1.0/embede183.html]
[centralindiaexport.com/wp-json/wp/v2/product/17856.html]
[centralindiaexport.com/index9452.html]
[centralindiaexport.com/product/girrard-a-c-maintainer/index.html]
[centralindiaexport.com/wp-content/uploads/2024/04/Girrard-A-C-Maintainer-215x215.html]
[centralindiaexport.com/wp-json/oembed/1.0/embed64b8.html]
[centralindiaexport.com/wp-json/oembed/1.0/embed1634.html]
[centralindiaexport.com/wp-json/wp/v2/product/17199.html]
[centralindiaexport.com/indexaff9.html]
[centralindiaexport.com/wp-content/uploads/2024/04/Knives-Gill.html]
[centralindiaexport.com/product/smith-lens-expressor/index.html]
[centralindiaexport.com/wp-content/uploads/2024/04/Lens-Expressor-Smith-215x215.html]
[centralindiaexport.com/wp-content/uploads/happyaddons/css/ha-8183df5.css]
[centralindiaexport.com/wp-json/oembed/1.0/embedc1b1.html]
[centralindiaexport.com/wp-json/oembed/1.0/embedd46c.html]
[centralindiaexport.com/wp-json/wp/v2/product/17969.html]
[centralindiaexport.com/indexd0ed.html]
[centralindiaexport.com/wp-content/uploads/2024/04/Irrigating-Cannulas-Gills.html]
[centralindiaexport.com/product/mc-intyre-irrigating-cannulas/index.html]
[centralindiaexport.com/product-category/uncategorised/page/11/index.html]
[centralindiaexport.com/product-category/uncategorised/page/12/index.html]
[centralindiaexport.com/product-category/uncategorised/page/28/index.html]
[centralindiaexport.com/product-category/uncategorised/page/29/index.html]
[centralindiaexport.com/product-category/uncategorised/page/30/index.html]
[centralindiaexport.com/wp-content/uploads/happyaddons/css/ha-8189a0b.css]
[centralindiaexport.com/product/gills-irrigating-aspirating-cannulas/index.html]
[centralindiaexport.com/wp-content/uploads/2024/04/SS119_IA_Cannula_GILLS-215x215.html]
[centralindiaexport.com/product/gills-weish-lens-loops/index.html]
[centralindiaexport.com/wp-content/uploads/2024/04/Lens-Loops-Gills-Weish-215x215.html]
[centralindiaexport.com/product/gills-welsh-irrigating-aspirating-cannulas/index.html]
[centralindiaexport.com/wp-content/uploads/2024/04/SS121_IA_Cannula_GILLS_and_WELSH-215x215.html]
[centralindiaexport.com/product/gillum-phaco-choppers/index.html]
[centralindiaexport.com/product/gimbel-aspirating-cannulas/index.html]
[centralindiaexport.com/product/gimbel-hydrodissection-cannulas/index.html]
[centralindiaexport.com/product/glodstein-retractors/index.html]
[centralindiaexport.com/wp-content/uploads/2024/04/Retractors-Glodstein-215x215.html]
[centralindiaexport.com/wp-content/uploads/happyaddons/css/ha-81809fc.css]
[centralindiaexport.com/product/golf-club-spuds/index.html]
[centralindiaexport.com/wp-content/uploads/2024/04/Spuds-Golf-Club-215x215.html]
[centralindiaexport.com/wp-content/uploads/happyaddons/css/ha-81875e4.css]
[centralindiaexport.com/product-category/uncategorised/page/13/index.html]
[centralindiaexport.com/wp-content/uploads/happyaddons/css/ha-818af42.css]
[centralindiaexport.com/product-category/instruments/scissors/index1775.html]
[centralindiaexport.com/product-category/instruments/scissors/index0abc.html]
[centralindiaexport.com/product-category/instruments/scissors/index138e.html]
[centralindiaexport.com/product-category/uncategorised/page/16/index.html]
[centralindiaexport.com/product-category/instruments/scissors/page/2/indexab7c.html]
[centralindiaexport.com/product-category/instruments/scissors/index5d61.html]
[centralindiaexport.com/product-category/instruments/scissors/index792b.html]
[centralindiaexport.com/product-category/instruments/scissors/page/2/index8d34.html]
[centralindiaexport.com/product-category/instruments/scissors/page/2/index36f1.html]
[centralindiaexport.com/product-category/instruments/scissors/index4c97.html]
[centralindiaexport.com/product-category/instruments/scissors/indexce47.html]
[centralindiaexport.com/product-category/instruments/scissors/page/2/indexa1c3.html]
[centralindiaexport.com/product-category/instruments/scissors/indexbf6e.html]
[centralindiaexport.com/product-category/instruments/scissors/page/2/indexed80.html]
[centralindiaexport.com/product-category/instruments/scissors/page/2/indexf617.html]
[centralindiaexport.com/product-category/instruments/scissors/index0637.html]
[centralindiaexport.com/index7dc6.html]
[centralindiaexport.com/wp-content/uploads/happyaddons/css/ha-8180b3a.css]
[centralindiaexport.com/product-category/instruments/scissors/page/2/indexe657.html]
[centralindiaexport.com/product-category/retina-equipments/index1775.html]
[centralindiaexport.com/product-category/instruments/scissors/page/2/index612d.html]
[centralindiaexport.com/product-category/instruments/scissors/page/2/indexd949.html]
[centralindiaexport.com/product-category/retina-equipments/index0abc.html]
[centralindiaexport.com/product-category/retina-equipments/page/2/indexab7c.html]
[centralindiaexport.com/product-category/retina-equipments/page/3/indexab7c.html]
[centralindiaexport.com/product-category/retina-equipments/index138e.html]
[centralindiaexport.com/product-category/retina-equipments/page/4/indexab7c.html]
[centralindiaexport.com/product-category/retina-equipments/page/2/index8d34.html]
[centralindiaexport.com/product-category/retina-equipments/index5d61.html]
[centralindiaexport.com/product-category/retina-equipments/page/3/index8d34.html]
[centralindiaexport.com/product-category/retina-equipments/page/4/index8d34.html]
[centralindiaexport.com/product-category/retina-equipments/index792b.html]
[centralindiaexport.com/product-category/retina-equipments/page/2/index36f1.html]
[centralindiaexport.com/product-category/retina-equipments/page/3/index36f1.html]
[centralindiaexport.com/product-category/retina-equipments/index4c97.html]
[centralindiaexport.com/product-category/retina-equipments/page/4/index36f1.html]
[centralindiaexport.com/product-category/retina-equipments/page/2/indexa1c3.html]
[centralindiaexport.com/product-category/retina-equipments/indexce47.html]
[centralindiaexport.com/product-category/retina-equipments/page/3/indexa1c3.html]
[centralindiaexport.com/product-category/retina-equipments/page/2/indexed80.html]
[centralindiaexport.com/product-category/retina-equipments/page/4/indexa1c3.html]
[centralindiaexport.com/product-category/retina-equipments/indexbf6e.html]
[centralindiaexport.com/product-category/retina-equipments/page/3/indexed80.html]
[centralindiaexport.com/product-category/retina-equipments/page/4/indexed80.html]
[centralindiaexport.com/product-category/retina-equipments/page/3/indexf617.html]
[centralindiaexport.com/product-category/retina-equipments/page/2/indexf617.html]
[centralindiaexport.com/product-category/retina-equipments/index0637.html]
[centralindiaexport.com/product-category/retina-equipments/page/4/indexf617.html]
[centralindiaexport.com/product-category/retina-equipments/page/2/indexe657.html]
[centralindiaexport.com/indexba12.html]
[centralindiaexport.com/product-category/retina-equipments/page/3/indexe657.html]
[centralindiaexport.com/product-category/retina-equipments/page/2/index612d.html]
[centralindiaexport.com/product-category/retina-equipments/page/3/index612d.html]
[centralindiaexport.com/wp-json/oembed/1.0/embed8a62.json]
[centralindiaexport.com/product-category/retina-equipments/page/3/indexd949.html]
[centralindiaexport.com/wp-json/oembed/1.0/embed0e62]
[centralindiaexport.com/product-category/retina-equipments/page/2/indexd949.html]
[centralindiaexport.com/wp-json/wp/v2/product/17505.json]
[centralindiaexport.com/wp-content/uploads/2024/04/Spatulas-Graether-215x215.jpg]
[centralindiaexport.com/wp-content/uploads/happyaddons/css/ha-818eede.css]
[centralindiaexport.com/product/sterillization-box-sterillization-box/index.html]
[centralindiaexport.com/index1439.html]
[centralindiaexport.com/product/graether-spatulas/index.html]
[centralindiaexport.com/wp-json/oembed/1.0/embed444e.json]
[centralindiaexport.com/wp-json/oembed/1.0/embed8fa3]
[centralindiaexport.com/wp-json/wp/v2/product/17509.json]
[centralindiaexport.com/wp-content/uploads/2024/04/Capsulorhexis-Forceps-Nevyas-215x215.jpg]
[centralindiaexport.com/product/pierce-capsulorhexis-forceps/index.html]
[centralindiaexport.com/index0b5a.html]
[centralindiaexport.com/wp-content/uploads/happyaddons/css/ha-81843e0.css]
[centralindiaexport.com/index96fc.html]
[centralindiaexport.com/wp-json/oembed/1.0/embed362d.json]
[centralindiaexport.com/product/nevyas-capsulorhexis-forceps/index.html]
[centralindiaexport.com/wp-json/oembed/1.0/embed1fb3]
[centralindiaexport.com/wp-json/wp/v2/product/17502.json]
[centralindiaexport.com/wp-content/uploads/2024/04/Spatulas-Jaeger.jpg]
[centralindiaexport.com/wp-content/uploads/2024/04/Spatulas-Stallard-215x215.jpg]
[centralindiaexport.com/wp-content/uploads/happyaddons/css/ha-8182917.css]
[centralindiaexport.com/product/jaeger-spatulas/index.html]
[centralindiaexport.com/wp-content/uploads/happyaddons/css/ha-818ff1a.css]
[centralindiaexport.com/index0021.html]
[centralindiaexport.com/wp-content/uploads/happyaddons/css/ha-818a1f3.css]
[centralindiaexport.com/wp-json/oembed/1.0/embed6787.html]
[centralindiaexport.com/wp-json/wp/v2/product/17441.html]
[centralindiaexport.com/indexdd68.html]
[centralindiaexport.com/wp-content/uploads/2024/04/Spoons-Mc-Intyre.html]
[centralindiaexport.com/wp-content/uploads/happyaddons/css/ha-8189775.css]
[centralindiaexport.com/wp-json/oembed/1.0/embed1d91.html]
[centralindiaexport.com/wp-json/oembed/1.0/embed54c6.html]
[centralindiaexport.com/wp-json/wp/v2/product/17905.html]
[centralindiaexport.com/index1fff.html]
[centralindiaexport.com/wp-content/uploads/2024/04/Aspirating-Cannulas-Gills-Welsh.html]
[centralindiaexport.com/wp-content/uploads/happyaddons/css/ha-818a3b7.css]
[centralindiaexport.com/wp-json/oembed/1.0/embedd9cf.html]
[centralindiaexport.com/wp-json/oembed/1.0/embed2c27.html]
[centralindiaexport.com/wp-json/wp/v2/product/17907.html]
[centralindiaexport.com/index6746.html]
[centralindiaexport.com/wp-content/uploads/2024/04/Aspirating-Cannulas-Micro.html]
[centralindiaexport.com/product/jensen-capsule-polisher-cannulas/index.html]
[centralindiaexport.com/wp-content/uploads/2024/04/Capsule-Polisher-Cannulas-Jensen-215x215.html]
[centralindiaexport.com/wp-json/oembed/1.0/embedb347.html]
[centralindiaexport.com/wp-json/oembed/1.0/embed786f.html]
[centralindiaexport.com/wp-json/wp/v2/product/17931.html]
[centralindiaexport.com/index0af1.html]
[centralindiaexport.com/wp-content/uploads/2024/04/SS011_Subtenons_Anesthisia_Cannula_TRI_PORT.html]
[centralindiaexport.com/product/nishi-hydrodissection-cannulas/index.html]
[centralindiaexport.com/wp-content/uploads/2024/04/Nishi-Irrigating-Vectis-Cannulas-215x215.html]
[centralindiaexport.com/wp-json/oembed/1.0/embed26df.html]
[centralindiaexport.com/wp-json/oembed/1.0/embed57b7.html]
[centralindiaexport.com/wp-json/wp/v2/product/18032.html]
[centralindiaexport.com/index5a1d.html]
[centralindiaexport.com/wp-content/uploads/2024/04/Fasanella-Lacrimal-Cannulas.html]
[centralindiaexport.com/product/shahinian-lacrimal-cannulas/index.html]
[centralindiaexport.com/wp-content/uploads/2024/04/SS031_Lacrimal_Cannula_Shahinians-215x215.html]
[centralindiaexport.com/wp-json/oembed/1.0/embed0ec2.html]
[centralindiaexport.com/wp-json/oembed/1.0/embed2fd5.html]
[centralindiaexport.com/wp-json/wp/v2/product/18034.html]
[centralindiaexport.com/indexa64c.html]
[centralindiaexport.com/wp-content/uploads/2024/04/SS027_Lacrimal_Cannula_Reinforced_STRAIGHT.html]
[centralindiaexport.com/product/silicone-lasik-cannulas/index.html]
[centralindiaexport.com/wp-content/uploads/2024/04/Silicone-Tip-Cannula-215x215.html]
[centralindiaexport.com/wp-json/oembed/1.0/embed8021.html]
[centralindiaexport.com/wp-json/oembed/1.0/embed2ead.html]
[centralindiaexport.com/wp-json/wp/v2/product/17869.html]
[centralindiaexport.com/index8e3c.html]
[centralindiaexport.com/product/salz-aspirating-cannulas/index.html]
[centralindiaexport.com/wp-content/uploads/2024/04/Salz-Aspirating-Cannula-e1712729884698-215x215.html]
[centralindiaexport.com/product/morrison-aspirating-cannulas/index.html]
[centralindiaexport.com/wp-content/uploads/2024/04/Aspirating-Cannulas-Morrison-215x215.html]
[centralindiaexport.com/wp-json/oembed/1.0/embed2067.html]
[centralindiaexport.com/wp-json/oembed/1.0/embedd119.html]
[centralindiaexport.com/wp-json/wp/v2/product/17927.html]
[centralindiaexport.com/index2c7c.html]
[centralindiaexport.com/wp-content/uploads/2024/04/Gimbel-Lasik.html]
[centralindiaexport.com/product/rainin-hydrodissection-cannulas/index.html]
[centralindiaexport.com/wp-content/uploads/2024/04/SS069_Nucleous_Hydrodissector_RAININ-215x215.html]
[centralindiaexport.com/wp-json/oembed/1.0/embed1dcc.html]
[centralindiaexport.com/wp-json/oembed/1.0/embedae1f.html]
[centralindiaexport.com/wp-json/wp/v2/product/17372.html]
[centralindiaexport.com/index8df5.html]
[centralindiaexport.com/wp-content/uploads/2024/04/Retractors-Glodstein.html]
[centralindiaexport.com/product/stevenson-retractors/index.html]
[centralindiaexport.com/wp-content/uploads/2024/04/Retractors-Stevenson-215x215.html]
[centralindiaexport.com/product/knapp-retractors/index.html]
[centralindiaexport.com/wp-content/uploads/2024/04/Retractors-Knapp-215x215.html]
[centralindiaexport.com/wp-content/uploads/happyaddons/css/ha-81809fc.css]
[centralindiaexport.com/wp-json/oembed/1.0/embed649f-2.html]
[centralindiaexport.com/wp-json/oembed/1.0/embeddc9d.html]
[centralindiaexport.com/wp-json/wp/v2/product/17446.html]
[centralindiaexport.com/index8c1c.html]
[centralindiaexport.com/wp-content/uploads/2024/04/Spuds-Golf-Club.html]
[centralindiaexport.com/product/nicati-spuds/index.html]
[centralindiaexport.com/wp-content/uploads/2024/04/Spuds-Nicati-215x215.html]
[centralindiaexport.com/product/iol-glide-hydrodissection-cannulas/index.html]
[centralindiaexport.com/product/irrigating-cystoto-cystotomes/index.html]
[centralindiaexport.com/wp-content/uploads/2024/04/SS021_Irrigating_Cystotome_REVERSE-215x215.html]
[centralindiaexport.com/product/irrigating-aspirat-irrigating-aspirating-cannulas/index.html]
[centralindiaexport.com/wp-content/uploads/2024/04/Irrigating_Vectis_Cannula-215x215.html]
[centralindiaexport.com/product/jshaped-i-a-cannu-irrigating-aspirating-cannulas/index.html]
[centralindiaexport.com/wp-content/uploads/2024/04/SS107_J_Shaped_IA_Cannula-215x215.html]
[centralindiaexport.com/product/jackson-probes-and-dilators/index.html]
[centralindiaexport.com/wp-content/uploads/2024/04/Jackson-Probes-And-Dilators-215x215.html]
[centralindiaexport.com/product/jaffe-iris-hooks/index.html]
[centralindiaexport.com/wp-content/uploads/2024/04/Iris-Hooks-Jaffe-Knolle-215x215.html]
[centralindiaexport.com/product-category/uncategorised/page/14/index.html]
[centralindiaexport.com/product-category/uncategorised/page/15/index.html]
[centralindiaexport.com/wp-content/uploads/2024/04/SS063_Anterior_Chamber_CannulaKNOLLE-215x215.png]
[centralindiaexport.com/product/stallard-spatulas/index.html]
[centralindiaexport.com/wp-content/uploads/2024/04/Capsule-Polisher-Cannulas-Kraff-215x215.jpg]
[centralindiaexport.com/product/knolle-kelman-cystotomes/index.html]
[centralindiaexport.com/wp-content/uploads/2024/04/Capsule-Polisher-Cannulas-Kratz-215x215.jpg]
[centralindiaexport.com/product/kraff-capsule-polisher-cannulas/index.html]
[centralindiaexport.com/product/kratz-capsule-polisher-cannulas/index.html]
[centralindiaexport.com/product/kraff-intraocular-forceps/index.html]
[centralindiaexport.com/wp-content/uploads/happyaddons/css/ha-8189784.css]
[centralindiaexport.com/product-category/uncategorised/page/16/index.html]
[centralindiaexport.com/wp-content/uploads/happyaddons/css/ha-81875e4.css]
[centralindiaexport.com/product-category/instruments/scissors/page/2/indexab7c.html]
[centralindiaexport.com/product-category/instruments/scissors/page/2/index8d34.html]
[centralindiaexport.com/product-category/instruments/scissors/page/2/index36f1.html]
[centralindiaexport.com/product-category/uncategorised/page/17/index.html]
[centralindiaexport.com/product-category/instruments/scissors/page/2/indexa1c3.html]
[centralindiaexport.com/product-category/instruments/scissors/page/2/indexed80.html]
[centralindiaexport.com/product-category/instruments/scissors/page/2/indexf617.html]
[centralindiaexport.com/product-category/instruments/scissors/page/2/indexe657.html]
[centralindiaexport.com/product-category/instruments/scissors/page/2/index612d.html]
[centralindiaexport.com/product-category/instruments/scissors/page/2/indexd949.html]
[centralindiaexport.com/product-category/retina-equipments/page/2/indexab7c.html]
[centralindiaexport.com/product-category/retina-equipments/page/3/indexab7c.html]
[centralindiaexport.com/product-category/retina-equipments/page/4/indexab7c.html]
[centralindiaexport.com/product-category/retina-equipments/page/2/index8d34.html]
[centralindiaexport.com/product-category/retina-equipments/page/3/index8d34.html]
[centralindiaexport.com/product-category/retina-equipments/page/4/index8d34.html]
[centralindiaexport.com/product-category/retina-equipments/page/2/index36f1.html]
[centralindiaexport.com/product-category/retina-equipments/page/3/index36f1.html]
[centralindiaexport.com/product-category/retina-equipments/page/4/index36f1.html]
[centralindiaexport.com/product-category/retina-equipments/page/2/indexa1c3.html]
[centralindiaexport.com/product-category/retina-equipments/page/3/indexa1c3.html]
[centralindiaexport.com/product-category/retina-equipments/page/4/indexa1c3.html]
[centralindiaexport.com/product-category/retina-equipments/page/2/indexed80.html]
[centralindiaexport.com/product-category/retina-equipments/page/3/indexed80.html]
[centralindiaexport.com/product-category/retina-equipments/page/4/indexed80.html]
[centralindiaexport.com/product-category/retina-equipments/page/2/indexf617.html]
[centralindiaexport.com/product-category/retina-equipments/page/3/indexf617.html]
[centralindiaexport.com/product-category/retina-equipments/page/4/indexf617.html]
[centralindiaexport.com/product-category/retina-equipments/page/2/indexe657.html]
[centralindiaexport.com/product-category/retina-equipments/page/3/indexe657.html]
[centralindiaexport.com/product-category/retina-equipments/page/2/index612d.html]
[centralindiaexport.com/product-category/retina-equipments/page/3/index612d.html]
[centralindiaexport.com/product-category/retina-equipments/page/2/indexd949.html]
[centralindiaexport.com/product-category/retina-equipments/page/3/indexd949.html]
[centralindiaexport.com/indexbdd0.html]
[centralindiaexport.com/wp-json/oembed/1.0/embed9b8a.json]
[centralindiaexport.com/wp-json/oembed/1.0/embed24f5]
[centralindiaexport.com/wp-json/wp/v2/product/17504.json]
[centralindiaexport.com/wp-content/uploads/2024/04/Spatulas-Graether.jpg]
[centralindiaexport.com/wp-content/uploads/happyaddons/css/ha-818fb10.css]
[centralindiaexport.com/product/graether-spatulas/index.html]
[centralindiaexport.com/wp-content/uploads/happyaddons/css/ha-818eede.css]
[centralindiaexport.com/index1ec5.html]
[centralindiaexport.com/wp-json/oembed/1.0/embedcbbb.json]
[centralindiaexport.com/wp-json/oembed/1.0/embed0c66]
[centralindiaexport.com/wp-json/wp/v2/product/17510.json]
[centralindiaexport.com/wp-content/uploads/2024/04/Capsulorhexis-Forceps-Nevyas.jpg]
[centralindiaexport.com/product/nevyas-capsulorhexis-forceps/index.html]
[centralindiaexport.com/indexafa5.html]
[centralindiaexport.com/wp-json/oembed/1.0/embed1695.json]
[centralindiaexport.com/wp-json/oembed/1.0/embed5665]
[centralindiaexport.com/wp-json/wp/v2/product/17503.json]
[centralindiaexport.com/wp-content/uploads/2024/04/Spatulas-Stallard.jpg]
[centralindiaexport.com/wp-content/uploads/happyaddons/css/ha-818ecbf.css]
[centralindiaexport.com/product/stallard-spatulas/index.html]
[centralindiaexport.com/wp-content/uploads/happyaddons/css/ha-8182917.css]
[centralindiaexport.com/wp-json/oembed/1.0/embed4f38.json]
[centralindiaexport.com/wp-json/oembed/1.0/embed017f]
[centralindiaexport.com/wp-json/wp/v2/product/18050.json]
[centralindiaexport.com/wp-content/uploads/2024/04/SS063_Anterior_Chamber_CannulaKNOLLE.png]
[centralindiaexport.com/wp-content/uploads/2024/04/SS023_Sharp_Irrigating_Cystotome_KELMAN-215x215.png]
[centralindiaexport.com/product/knolle-kelman-cystotomes/index.html]
[centralindiaexport.com/wp-json/oembed/1.0/embedfd87.json]
[centralindiaexport.com/product/kelman-cystotomes/index.html]
[centralindiaexport.com/wp-json/oembed/1.0/embed3075]
[centralindiaexport.com/wp-json/wp/v2/product/17910.json]
[centralindiaexport.com/wp-content/uploads/2024/04/Capsule-Polisher-Cannulas-Kraff.jpg]
[centralindiaexport.com/wp-content/uploads/2024/04/Capsule-Polisher-Cannulas-Knolle-215x215.jpg]
[centralindiaexport.com/wp-content/uploads/2024/04/Capsule-Polisher-Cannulas-Drews-215x215.jpg]
[centralindiaexport.com/wp-content/uploads/happyaddons/css/ha-8182aa6.css]
[centralindiaexport.com/product/kraff-capsule-polisher-cannulas/index.html]
[centralindiaexport.com/product/drews-capsule-polisher-cannulas/index.html]
[centralindiaexport.com/wp-json/oembed/1.0/embed2292.json]
[centralindiaexport.com/product/knolle-capsule-polisher-cannulas/index.html]
[centralindiaexport.com/wp-json/oembed/1.0/embed970d]
[centralindiaexport.com/wp-json/wp/v2/product/17621.json]
[centralindiaexport.com/wp-content/uploads/2024/04/Kellan-Intraocular-Forceps-215x215.jpg]
[centralindiaexport.com/product/kraff-intraocular-forceps/index.html]
[centralindiaexport.com/wp-json/oembed/1.0/embed7283.json]
[centralindiaexport.com/product/kellan-intraocular-forceps/index.html]
[centralindiaexport.com/wp-json/oembed/1.0/embed6acd]
[centralindiaexport.com/wp-json/wp/v2/product/17913.json]
[centralindiaexport.com/wp-content/uploads/2024/04/Capsule-Polisher-Cannulas-Kratz.jpg]
[centralindiaexport.com/wp-content/uploads/2024/04/Capsule-Polisher-Cannulas-Rubman-Katzin-215x215.jpg]
[centralindiaexport.com/product/kratz-capsule-polisher-cannulas/index.html]
[centralindiaexport.com/product/kratz-cystotomes/index.html]
[centralindiaexport.com/wp-content/uploads/2024/04/SS169_Capsule_Polisher_KRATZ-215x215.html]
[centralindiaexport.com/product/kratz-intraocular-forceps/index.html]
[centralindiaexport.com/wp-content/uploads/2024/04/Intraocular-Forceps-Kratz-215x215.html]
[centralindiaexport.com/product/kratz-irrigating-lens-manipulator-cannulas/index.html]
[centralindiaexport.com/wp-content/uploads/2024/04/Irrigating-Lens-Manipulator-Cannulas-Kratz-215x215.html]
[centralindiaexport.com/product/kratz-lens-manipulators/index.html]
[centralindiaexport.com/product/kuglen-lens-manipulators/index.html]
[centralindiaexport.com/wp-content/uploads/2024/04/Lens-Manipulators-Kuglen-215x215.html]
[centralindiaexport.com/wp-content/uploads/2024/04/SS371_Lasik_Flap_Irrigator_Vidaurri-215x215.png]
[centralindiaexport.com/product/graether-capsule-polisher-cannulas/index.html]
[centralindiaexport.com/wp-content/uploads/2024/04/SS375_Lasik_Interface_Cannula-215x215.png]
[centralindiaexport.com/product/rubman-katzin-capsule-polisher-cannulas/index.html]
[centralindiaexport.com/product/lacrimal-lacrimal-cannulas/index.html]
[centralindiaexport.com/product/lasik-flap-irrigat-lasik-cannulas/index.html]
[centralindiaexport.com/wp-content/uploads/2024/04/Scleral-Depressors-Lasik-215x215.jpg]
[centralindiaexport.com/product/lasik-lasik-cannulas/index.html]
[centralindiaexport.com/wp-content/uploads/2024/04/Lens_Expressor-215x215.webp]
[centralindiaexport.com/product/lasik-scleral-depressors/index.html]
[centralindiaexport.com/wp-content/uploads/2024/04/Lens-Manipulators-Lester-215x215.jpg]
[centralindiaexport.com/product/lens-expressor-lens-expressor/index.html]
[centralindiaexport.com/wp-content/uploads/2024/04/AC-Maintainer-Lewicky-215x215.jpg]
[centralindiaexport.com/product/lester-lens-manipulators-2/index.html]
[centralindiaexport.com/product/lewicky-a-c-maintainer/index.html]
[centralindiaexport.com/wp-content/uploads/happyaddons/css/ha-818a572.css]
[centralindiaexport.com/product-category/uncategorised/page/17/index.html]
[centralindiaexport.com/wp-content/uploads/happyaddons/css/ha-8189784.css]
[centralindiaexport.com/product-category/instruments/scissors/page/1/indexab7c.html]
[centralindiaexport.com/product-category/instruments/scissors/page/1/index8d34.html]
[centralindiaexport.com/product-category/instruments/scissors/page/1/index36f1.html]
[centralindiaexport.com/product-category/instruments/scissors/page/1/indexa1c3.html]
[centralindiaexport.com/product-category/instruments/scissors/page/1/indexed80.html]
[centralindiaexport.com/product-category/instruments/scissors/indexa1c3.html]
[centralindiaexport.com/product-category/instruments/scissors/page/1/indexf617.html]
[centralindiaexport.com/product-category/instruments/scissors/indexed80.html]
[centralindiaexport.com/product-category/instruments/scissors/page/1/indexe657.html]
[centralindiaexport.com/product-category/instruments/scissors/index8d34.html]
[centralindiaexport.com/product-category/instruments/scissors/page/1/index612d.html]
[centralindiaexport.com/product-category/instruments/scissors/index36f1.html]
[centralindiaexport.com/product-category/instruments/scissors/page/1/indexd949.html]
[centralindiaexport.com/product-category/instruments/scissors/indexf617.html]
[centralindiaexport.com/product-category/retina-equipments/page/1/indexab7c.html]
[centralindiaexport.com/product-category/instruments/scissors/indexe657.html]
[centralindiaexport.com/product-category/retina-equipments/page/1/index8d34.html]
[centralindiaexport.com/product-category/instruments/scissors/index612d.html]
[centralindiaexport.com/product-category/instruments/scissors/indexd949.html]
[centralindiaexport.com/product-category/retina-equipments/page/1/index36f1.html]
[centralindiaexport.com/product-category/retina-equipments/page/1/indexa1c3.html]
[centralindiaexport.com/product-category/retina-equipments/indexab7c.html]
[centralindiaexport.com/product-category/retina-equipments/page/1/indexed80.html]
[centralindiaexport.com/product-category/retina-equipments/index8d34.html]
[centralindiaexport.com/product-category/retina-equipments/page/1/indexf617.html]
[centralindiaexport.com/product-category/retina-equipments/indexa1c3.html]
[centralindiaexport.com/product-category/retina-equipments/page/1/indexe657.html]
[centralindiaexport.com/product-category/retina-equipments/index36f1.html]
[centralindiaexport.com/product-category/retina-equipments/page/1/index612d.html]
[centralindiaexport.com/product-category/retina-equipments/indexed80.html]
[centralindiaexport.com/product-category/retina-equipments/page/1/indexd949.html]
[centralindiaexport.com/product-category/retina-equipments/indexf617.html]
[centralindiaexport.com/index8739.html]
[centralindiaexport.com/wp-content/uploads/happyaddons/css/ha-818fb10.css]
[centralindiaexport.com/indexfcde.html]
[centralindiaexport.com/index46cb.html]
[centralindiaexport.com/wp-content/uploads/happyaddons/css/ha-818ecbf.css]
[centralindiaexport.com/index917f.html]
[centralindiaexport.com/product-category/retina-equipments/indexe657.html]
[centralindiaexport.com/product-category/retina-equipments/index612d.html]
[centralindiaexport.com/wp-json/oembed/1.0/embed072c.json]
[centralindiaexport.com/product-category/retina-equipments/indexd949.html]
[centralindiaexport.com/wp-json/oembed/1.0/embed34ba]
[centralindiaexport.com/wp-json/wp/v2/product/18049.json]
[centralindiaexport.com/wp-content/uploads/2024/04/SS023_Sharp_Irrigating_Cystotome_KELMAN.png]
[centralindiaexport.com/product/kelman-cystotomes/index.html]
[centralindiaexport.com/indexdcd2.html]
[centralindiaexport.com/wp-json/oembed/1.0/embed915c.json]
[centralindiaexport.com/wp-json/oembed/1.0/embed3751]
[centralindiaexport.com/wp-json/wp/v2/product/17909.json]
[centralindiaexport.com/wp-content/uploads/2024/04/Capsule-Polisher-Cannulas-Knolle.jpg]
[centralindiaexport.com/product/knolle-capsule-polisher-cannulas/index.html]
[centralindiaexport.com/wp-json/oembed/1.0/embedb0af.json]
[centralindiaexport.com/wp-json/oembed/1.0/embed04a5]
[centralindiaexport.com/wp-json/wp/v2/product/17911.json]
[centralindiaexport.com/wp-content/uploads/2024/04/Capsule-Polisher-Cannulas-Drews.jpg]
[centralindiaexport.com/product/drews-capsule-polisher-cannulas/index.html]
[centralindiaexport.com/wp-content/uploads/happyaddons/css/ha-8182aa6.css]
[centralindiaexport.com/index831b.html]
[centralindiaexport.com/wp-json/oembed/1.0/embed3a94.json]
[centralindiaexport.com/wp-json/oembed/1.0/embeddecb]
[centralindiaexport.com/wp-json/wp/v2/product/17620.json]
[centralindiaexport.com/wp-content/uploads/2024/04/Kellan-Intraocular-Forceps.jpg]
[centralindiaexport.com/product/kellan-intraocular-forceps/index.html]
[centralindiaexport.com/index7ddc.html]
[centralindiaexport.com/product/dodick-intraocular-forceps/index.html]
[centralindiaexport.com/wp-json/oembed/1.0/embed857e.json]
[centralindiaexport.com/wp-json/oembed/1.0/embedf79b]
[centralindiaexport.com/wp-json/wp/v2/product/17912.json]
[centralindiaexport.com/product/graether-capsule-polisher-cannulas/index.html]
[centralindiaexport.com/wp-json/oembed/1.0/embed500a.json]
[centralindiaexport.com/wp-json/oembed/1.0/embed59ea]
[centralindiaexport.com/wp-json/wp/v2/product/17914.json]
[centralindiaexport.com/wp-content/uploads/2024/04/Capsule-Polisher-Cannulas-Rubman-Katzin.jpg]
[centralindiaexport.com/wp-content/uploads/2024/04/Capsule-Polisher-Cannulas-Shapiro-215x215.jpg]
[centralindiaexport.com/product/rubman-katzin-capsule-polisher-cannulas/index.html]
[centralindiaexport.com/wp-json/oembed/1.0/embed799b.json]
[centralindiaexport.com/product/shapiro-capsule-polisher-cannulas/index.html]
[centralindiaexport.com/wp-json/oembed/1.0/embedea0f]
[centralindiaexport.com/wp-json/wp/v2/product/18027.json]
[centralindiaexport.com/product/lacrimal-lacrimal-cannulas/index.html]
[centralindiaexport.com/wp-json/oembed/1.0/embed032a.json]
[centralindiaexport.com/product/mc-intyre-lacrimal-cannulas/index.html]
[centralindiaexport.com/wp-json/oembed/1.0/embed386b]
[centralindiaexport.com/wp-json/wp/v2/product/18039.json]
[centralindiaexport.com/wp-content/uploads/2024/04/SS371_Lasik_Flap_Irrigator_Vidaurri.png]
[centralindiaexport.com/wp-content/uploads/2024/04/Nichamin-Lasik-Cannulas-215x215.jpg]
[centralindiaexport.com/wp-content/uploads/happyaddons/css/ha-818bea5.css]
[centralindiaexport.com/product/lasik-flap-irrigat-lasik-cannulas/index.html]
[centralindiaexport.com/product/lasik-lasik-cannulas/index.html]
[centralindiaexport.com/wp-content/uploads/happyaddons/css/ha-81806a2.css]
[centralindiaexport.com/product/lasik-scleral-depressors/index.html]
[centralindiaexport.com/wp-content/uploads/happyaddons/css/ha-81808e0.css]
[centralindiaexport.com/product/lens-expressor-lens-expressor/index.html]
[centralindiaexport.com/wp-content/uploads/happyaddons/css/ha-81819ed.css]
[centralindiaexport.com/product/lester-lens-manipulators-2/index.html]
[centralindiaexport.com/product/lewicky-a-c-maintainer/index.html]
[centralindiaexport.com/wp-content/uploads/2024/04/SS065_Anterior_Chamber_MaintainerLEWICKY-215x215.html]
[centralindiaexport.com/product/lewicky-lens-manipulators/index.html]
[centralindiaexport.com/wp-content/uploads/2024/04/Lens-Manipulators-Lewicky-215x215.html]
[centralindiaexport.com/product/lewis-lens-loops/index.html]
[centralindiaexport.com/wp-content/uploads/2024/04/Lens-Loops-Lewis-215x215.html]
[centralindiaexport.com/product/lieberman-intraocular-forceps/index.html]
[centralindiaexport.com/wp-content/uploads/2024/04/Speculums-Lieberman-215x215.html]
[centralindiaexport.com/product/lieberman-speculums/index.html]
[centralindiaexport.com/wp-content/uploads/happyaddons/css/ha-818a572.css]
[centralindiaexport.com/product-category/instruments/scissors/indexab7c.html]
[centralindiaexport.com/product-category/instruments/scissors/index8d34.html]
[centralindiaexport.com/product-category/instruments/scissors/index36f1.html]
[centralindiaexport.com/product-category/instruments/scissors/indexa1c3.html]
[centralindiaexport.com/product-category/instruments/scissors/indexed80.html]
[centralindiaexport.com/product-category/instruments/scissors/indexf617.html]
[centralindiaexport.com/product-category/instruments/scissors/indexe657.html]
[centralindiaexport.com/product-category/instruments/scissors/index612d.html]
[centralindiaexport.com/product-category/instruments/scissors/indexd949.html]
[centralindiaexport.com/product-category/retina-equipments/indexab7c.html]
[centralindiaexport.com/product-category/retina-equipments/index8d34.html]
[centralindiaexport.com/product-category/retina-equipments/index36f1.html]
[centralindiaexport.com/product-category/retina-equipments/indexa1c3.html]
[centralindiaexport.com/product-category/retina-equipments/indexed80.html]
[centralindiaexport.com/product-category/retina-equipments/indexf617.html]
[centralindiaexport.com/product-category/retina-equipments/indexe657.html]
[centralindiaexport.com/product-category/retina-equipments/index612d.html]
[centralindiaexport.com/product-category/retina-equipments/indexd949.html]
[centralindiaexport.com/indexafd3.html]
[centralindiaexport.com/index2b88.html]
[centralindiaexport.com/indexde7a.html]
[centralindiaexport.com/indexa89c.html]
[centralindiaexport.com/product/dodick-intraocular-forceps/index.html]
[centralindiaexport.com/index821c.html]
[centralindiaexport.com/index58f6.html]
[centralindiaexport.com/product/shapiro-capsule-polisher-cannulas/index.html]
[centralindiaexport.com/index5775.html]
[centralindiaexport.com/product/mc-intyre-lacrimal-cannulas/index.html]
[centralindiaexport.com/index1526.html]
[centralindiaexport.com/product/silicone-tube-lasik-cannulas/index.html]
[centralindiaexport.com/product/nichamin-lasik-cannulas/index.html]
[centralindiaexport.com/wp-content/uploads/happyaddons/css/ha-818bea5.css]
[centralindiaexport.com/wp-json/oembed/1.0/embede9f3.html]
[centralindiaexport.com/wp-json/oembed/1.0/embede4a3.html]
[centralindiaexport.com/wp-json/wp/v2/product/18037.html]
[centralindiaexport.com/indexd6e4.html]
[centralindiaexport.com/wp-content/uploads/2024/04/SS375_Lasik_Interface_Cannula.html]
[centralindiaexport.com/product/simcoe-lasik-cannulas/index.html]
[centralindiaexport.com/wp-content/uploads/2024/04/SS129_IA_Cannula_SIMCOE_REGULAR-215x215.html]
[centralindiaexport.com/wp-json/oembed/1.0/embeded12.html]
[centralindiaexport.com/wp-json/oembed/1.0/embeddc2e.html]
[centralindiaexport.com/wp-json/wp/v2/product/17436.html]
[centralindiaexport.com/indexaab4.html]
[centralindiaexport.com/wp-content/uploads/2024/04/Scleral-Depressors-Lasik.html]
[centralindiaexport.com/product/schepens-scleral-depressors/index.html]
[centralindiaexport.com/wp-content/uploads/2024/04/Scleral-Depressors-Schepens-215x215.html]
[centralindiaexport.com/wp-content/uploads/happyaddons/css/ha-81806a2.css]
[centralindiaexport.com/wp-json/oembed/1.0/embed3ee6.html]
[centralindiaexport.com/wp-json/oembed/1.0/embed235e.html]
[centralindiaexport.com/wp-json/wp/v2/product/17201.html]
[centralindiaexport.com/indexa58f.html]
[centralindiaexport.com/wp-content/uploads/2024/04/Lens_Expressor.html]
[centralindiaexport.com/product/kirby-lens-expressor/index.html]
[centralindiaexport.com/wp-content/uploads/2024/04/Lens-Expressor-Kirby-215x215.html]
[centralindiaexport.com/wp-content/uploads/happyaddons/css/ha-81808e0.css]
[centralindiaexport.com/wp-json/oembed/1.0/embed8dea.html]
[centralindiaexport.com/wp-json/oembed/1.0/embed44cd.html]
[centralindiaexport.com/wp-json/wp/v2/product/17258.html]
[centralindiaexport.com/indexcaf1.html]
[centralindiaexport.com/wp-content/uploads/2024/04/Lens-Manipulators-Lester.html]
[centralindiaexport.com/product/maloney-lens-manipulators/index.html]
[centralindiaexport.com/wp-content/uploads/2024/04/Lens-Manipulators-Maloney-215x215.html]
[centralindiaexport.com/wp-content/uploads/happyaddons/css/ha-81819ed.css]
[centralindiaexport.com/wp-json/oembed/1.0/embedece3.html]
[centralindiaexport.com/wp-json/oembed/1.0/embed9c27.html]
[centralindiaexport.com/wp-json/wp/v2/product/17854.html]
[centralindiaexport.com/indexba20.html]
[centralindiaexport.com/wp-content/uploads/2024/04/AC-Maintainer-Lewicky.html]
[centralindiaexport.com/wp-content/uploads/2024/04/SS065_Anterior_Chamber_MaintainerLEWICKY.html]
[centralindiaexport.com/wp-content/uploads/2024/04/AC-Maintainer-Lewicky-150x78.html]
[centralindiaexport.com/wp-content/uploads/2024/04/SS065_Anterior_Chamber_MaintainerLEWICKY-150x107.html]
[centralindiaexport.com/wp-json/oembed/1.0/embedc5b0.html]
[centralindiaexport.com/wp-json/oembed/1.0/embed2c4a.html]
[centralindiaexport.com/wp-json/wp/v2/product/17619.html]
[centralindiaexport.com/index5125.html]
[centralindiaexport.com/wp-content/uploads/2024/04/Jewelers-Forceps-Dodick.html]
[centralindiaexport.com/wp-json/oembed/1.0/embed9320.html]
[centralindiaexport.com/wp-json/oembed/1.0/embeda1fb.html]
[centralindiaexport.com/wp-json/wp/v2/product/17915.html]
[centralindiaexport.com/index9104.html]
[centralindiaexport.com/wp-content/uploads/2024/04/Capsule-Polisher-Cannulas-Shapiro.html]
[centralindiaexport.com/product/simcoe-capsule-polisher-cannulas/index.html]
[centralindiaexport.com/wp-content/uploads/2024/04/Capsule-Polisher-Cannulas-Simcoe-215x215.html]
[centralindiaexport.com/wp-json/oembed/1.0/embedb96b.html]
[centralindiaexport.com/wp-json/oembed/1.0/embed8f01.html]
[centralindiaexport.com/wp-json/wp/v2/product/18026.html]
[centralindiaexport.com/index2ae9.html]
[centralindiaexport.com/wp-content/uploads/2024/04/SS197_Small_Incision_Nucleous_DeliverCannula_With_Spoon_MCINTYRE.html]
